num_particles,robot_radius_m,square_size_m,selection_strategy,weight_strategy,clear_x_y_noise,clear_theta_noise,collide_x_y_noise,collide_theta_noise
2000,0.2032,0.1,RankProportion,MinPose,0.0007,0.0002°,0.032,0.6200°

succeeds,num_iterations,transcript_length,duration,mean_iteration_time,max_iteration_time,closest_particle_rank,closest_particle_to_actual,best_particle_to_actual,farthest_particle_to_actual,odometry_to_actual,open_frontier,all_frontier,all_space,num_obstacles,map_area
0,3275,3931,3.8301293,1.1698623396456933,1.9488
0,3275,3931,3.7873715,1.156802535125229,2.0449
0,3820,3931,4.6063868,1.2061761717727155,1.8301
0,3275,3931,3.7913455000000003,1.1580163408674407,1.7886
0,3656,3931,4.373562,1.1965969904240765,1.8461
0,3275,3931,3.9095521,1.1941209835064142,1.8012
0,3275,3931,3.7423334,1.1430462431276727,2.1034
0,3822,3931,4.6640265,1.2206298089505365,1.8389
0,3271,3931,3.8194279,1.168020764525994,1.911
1,3931,3931,4.9801808,1.2672215776081426,3.8055,553,0.8477144356644911,0.9676352985149641,1.0909161140559211,0.6033167791713976,53,98,629,32,10.250000000000002
0,3810,3931,4.8347083,1.2692854555001314,1.8144
1,3931,3931,4.7622086,1.211757913486005,2.2058,3,0.8912600200983962,1.1111020457317866,1.123055152741164,0.6033167791713976,55,96,620,31,10.080000000000002
1,3931,3931,4.8387056,1.2312227989821884,1.8339999999999999,1312,0.31990457603355155,0.8960881817375684,0.8960881817375684,0.6033167791713976,61,103,627,27,10.32
1,3931,3931,6.3355127,1.6120897455470737,1.787,11,0.5582952645623915,0.5795471507562562,0.8867420293597733,0.6033167791713976,58,97,646,29,10.75
0,3273,3931,3.9053133,1.1935554095354524,1.8558
0,3656,3931,4.5006071,1.2313562517099863,1.7301
0,3274,3931,3.8611264,1.1796903146959974,2.07
0,3806,3931,4.7399123,1.2457062549277267,1.8256999999999999
0,3275,3931,3.9323911000000003,1.201096854001222,1.8722999999999999
1,3931,3931,5.1159745,1.3017746819338423,1.9053,1,0.3770150232227662,0.3770150232227662,0.9848052920113882,0.6033167791713976,58,104,666,29,11.500000000000002
0,3342,3931,3.8774419,1.160563274468722,1.9053
1,3931,3931,4.893998,1.2452921119592875,2.0091,1637,0.8766060171067763,1.2188163033070345,1.2206052845171866,0.6033167791713976,55,103,657,28,10.250000000000002
1,3931,3931,4.6989558,1.1956630534351147,2.0135,1607,1.1459339478996504,1.367805297305891,1.367805297305891,0.6033167791713976,61,109,669,34,10.660000000000002
0,3820,3931,4.7242143,1.2370291437549095,1.8563
0,3820,3931,4.7552725,1.2451616915422885,1.8561
1,3931,3931,4.9279599,1.2539338167938932,1.7426,1762,1.0340408468253297,1.3205924207210356,1.3205924207210356,0.6033167791713976,57,106,680,34,10.4
1,3931,3931,4.7402619,1.2061735114503818,1.8883999999999999,1392,0.27652208146818974,0.6408649269065356,0.6408649269065356,0.6033167791713976,54,95,624,25,9.840000000000003
1,3931,3931,4.6944148,1.194507582697201,1.8324,12,1.2304470068045268,1.2399185120856222,1.5232786498037596,0.6033167791713976,68,117,686,26,11.070000000000002
0,3809,3931,4.8126899,1.2638366334033613,1.9316
1,3931,3931,4.8119125,1.2244052162849874,1.8184,1903,0.8618216232661021,1.100980094904626,1.100980094904626,0.6033167791713976,50,100,654,34,10.080000000000002
0,3656,3931,4.3436981,1.188426292749658,3.3606000000000003
1,3931,3931,4.8961184,1.2458316539440202,1.8859000000000001,4,0.9674013787484348,1.016242073253289,1.3138412574417127,0.6033167791713976,66,110,651,30,10.75
0,3820,3931,4.5429989,1.1895781356376014,1.8208
0,3820,3931,4.7790523,1.2513884001047395,1.7704000000000002
1,3931,3931,4.7577963,1.2106351908396946,1.8075,1956,1.5381468650501995,1.8253990807207348,1.8253990807207348,0.6033167791713976,72,127,737,33,11.890000000000002
0,3811,3931,4.9987376,1.3120046194225723,1.8429
0,3421,3931,4.0992341,1.1986064619883043,1.847
0,3656,3931,4.2797314,1.170925143638851,1.8238
1,3931,3931,4.8342837,1.2300976335877862,1.8864999999999998,1,0.46038662617637927,0.46038662617637927,0.7743769248814831,0.6033167791713976,54,97,641,25,10.250000000000002
0,3497,3931,4.1634682,1.1909233981693361,1.7653
0,3656,3931,4.3461972,1.1891100410396716,1.833
0,3412,3931,4.1299911,1.2107860158311345,1.7958
0,3342,3931,3.8700104,1.158338940436995,1.9588
0,3275,3931,3.7805249,1.1547113317043372,1.8334
0,3820,3931,5.1568585,1.350316444095313,1.7736
1,3931,3931,5.2129857,1.326459465648855,1.9183,514,0.47515437254544907,0.5463589062394684,0.751026698663293,0.6033167791713976,55,95,640,29,10.920000000000002
0,3275,3931,3.8900205,1.1881553145998778,1.9305999999999999
0,3275,3931,3.8876223,1.1874228161270617,2.1646
1,3931,3931,4.9861858,1.2687495674300255,1.8667,405,0.24633456157600161,0.5915498826123687,0.5915498826123687,0.6033167791713976,55,100,629,32,10.080000000000002
0,3656,3931,4.6127454,1.262037045143639,1.8294
1,3931,3931,4.9288957,1.2541719338422392,3.0854,1371,0.7935414698890925,0.9529487221813884,1.0577611645196086,0.6033167791713976,50,98,660,31,10.75
0,3656,3931,4.5638412,1.2486569630642954,2.1671
1,3931,3931,5.0247809,1.278570203562341,2.6148000000000002,1721,0.5539016808778177,0.8759383498981981,0.8759383498981981,0.6033167791713976,62,105,649,29,10.5
1,3931,3931,5.244079,1.3343712468193383,1.9456,1980,1.3510241206877913,1.4725752115494346,1.5639305345619707,0.6033167791713976,76,129,723,33,12.15
1,3931,3931,5.8761621,1.4952066412213743,1.8389,1834,0.8643049846703802,1.137311087801815,1.1499060124637757,0.6033167791713976,52,97,631,32,10.080000000000002
0,3820,3931,4.8353677,1.2661345116522649,1.8891
0,3806,3931,4.7575119,1.2503316425755584,1.9729999999999999
1,3931,3931,5.0042478,1.273345496183206,1.8267,1865,1.0829049496929957,1.3574099254568466,1.3574099254568466,0.6033167791713976,56,100,666,30,10.660000000000002
1,3931,3931,4.8710035000000005,1.2394410941475829,1.8655,1815,0.9633347427325356,1.2912496374127516,1.3195206730839895,0.6033167791713976,62,108,684,28,11.480000000000002
1,3931,3931,4.8128863,1.2246530025445292,1.9516,1927,0.7601256049411304,1.1041741100767306,1.1258631690800716,0.6033167791713976,60,107,686,28,10.920000000000002
0,3275,3931,3.7520534,1.1460150885766645,1.9294
0,3274,3931,3.8092994,1.163855606477238,1.8891
0,3274,3931,3.8461458,1.17511329055912,1.8462999999999998
0,3656,3931,4.4352912,1.2134859644322844,2.0313000000000003
0,3820,3931,4.7659169,1.247948913328096,1.8734
0,3275,3931,3.8079889,1.1630998472816128,1.8605
0,3342,3931,4.0276201,1.205513349296618,1.8423999999999998
0,3656,3931,4.5379448,1.2415717647058824,3.1027
0,3656,3931,4.4254638,1.2107972093023256,3.1022
1,3931,3931,5.1973155,1.3224721374045803,1.9281000000000001,1998,0.3597996197741218,0.8619841638074517,0.8619841638074517,0.6033167791713976,67,109,647,32,11.18
1,3931,3931,4.8081992,1.2234603562340967,2.4412000000000003,1906,0.2612572255783208,0.5897660601536543,0.6100789426217594,0.6033167791713976,50,93,648,29,10.5
1,3931,3931,4.5934384999999995,1.1688138676844781,1.8155000000000001,70,1.1800529562301614,1.4504118583596362,1.4637545958958817,0.6033167791713976,65,105,706,30,11.760000000000002
1,3931,3931,4.9932858,1.2705561832061067,1.9269999999999998,1995,1.097789393485508,1.351627703850819,1.351627703850819,0.6033167791713976,60,103,666,31,10.5
1,3931,3931,4.8220866000000004,1.226994045801527,1.9203,1,0.36788709157978156,0.36788709157978156,0.6427799507173522,0.6033167791713976,65,104,627,29,10.080000000000002
0,3820,3931,4.6092032,1.206913642314742,1.8729
1,3931,3931,4.9273878,1.2537882442748092,1.7701,1993,0.7212600148513506,0.9507471807539118,0.9507471807539118,0.6033167791713976,63,107,643,33,10.080000000000002
0,3811,3931,4.6565052,1.222179842519685,1.8873
0,3656,3931,4.2979544,1.1759109165526676,1.9963
1,3931,3931,4.7126832,1.199156030534351,1.831,236,0.961588741888041,1.028268106070891,1.1899160956673116,0.6033167791713976,62,107,665,32,11.18
0,3342,3931,3.8566104,1.154328165219994,1.8037999999999998
0,3820,3931,4.6962505,1.2297068604346688,1.9139000000000002
1,3931,3931,4.6615844,1.1861537913486004,1.8492,4,0.7317536982542294,0.8020686885042116,1.0834217801336272,0.6033167791713976,47,92,613,27,9.840000000000003
0,3275,3931,3.7386118,1.1419095296273671,1.8458999999999999
1,3931,3931,4.9021483,1.2473659796437662,1.794,28,0.8038810177012837,0.9482329979090249,0.9979911112136091,0.6033167791713976,64,106,645,31,11.25
0,3820,3931,4.7002607,1.2307569258968318,1.9439
0,3342,3931,3.8203937999999997,1.1434881173301406,1.8332000000000002
1,3931,3931,4.8282076,1.2285515521628498,1.812,5,1.8143105184260178,1.8164457510798622,2.0177952245197575,0.6033167791713976,89,136,715,29,12.180000000000001
1,3931,3931,4.7058254999999996,1.19741106870229,2.142,325,1.2862556499694062,1.4578700427663802,1.512806166884274,0.6033167791713976,62,103,703,32,11.070000000000002
0,3274,3931,3.8078583999999998,1.1634153376107546,1.7944
0,3275,3931,3.7555709999999998,1.1470894929749542,1.8591
1,3931,3931,4.6719416,1.1887892111959288,2.4872,1,1.2431577579115676,1.2431577579115676,1.585639076095287,0.6033167791713976,58,105,685,30,11.070000000000002
0,3820,3931,4.5891048,1.2016509033778475,1.8811
1,3931,3931,5.1092655,1.3000675572519085,1.833,2,0.44818821471893505,0.4488327326050034,0.7382523601341452,0.6033167791713976,67,111,658,30,11.500000000000002
1,3931,3931,4.9232713,1.2527407888040711,1.8056,3,0.5171300996898914,0.542082391429761,0.8198577657042244,0.6033167791713976,63,109,626,31,10.8
1,3931,3931,5.0186659,1.277014223918575,1.8072,282,1.1447993965216667,1.4329467963380185,1.4371396613020497,0.6033167791713976,92,146,736,29,13.920000000000003
0,3275,3931,3.8946788,1.1895781307269395,1.9055
1,3931,3931,4.9722596,1.2652060050890586,2.3246,1815,0.3051862193234326,0.6548039319801336,0.6548039319801336,0.6033167791713976,53,97,622,29,10.250000000000002
0,3820,3931,4.7964454,1.2559427598847865,1.8192
0,3820,3931,4.8136531,1.2604485729248494,2.0095
0,3342,3931,3.8887471,1.1639470517809039,1.8668
0,3275,3931,3.8062352,1.1625642028100183,1.8532
0,3820,3931,4.8908662,1.2806667190363967,1.7701
0,3820,3931,4.8027381,1.2575904948939511,1.8201
1,3931,3931,4.8241635,1.2275225190839694,1.8156999999999999,12,1.2438457062983674,1.3515322770108589,1.4960434920200703,0.6033167791713976,68,114,703,31,11.340000000000002
0,3656,3931,4.3134942,1.1801625718194255,1.81
0,3342,3931,3.8433384,1.150355701885663,2.2529
0,3820,3931,4.7899997,1.2542549620319456,1.9096
0,3656,3931,4.4763217,1.2247118194254445,1.8314
0,3656,3931,4.3905865,1.2012548563611491,1.8619
0,3275,3931,3.8031653,1.1616265424557115,1.8565
0,3656,3931,4.4217675,1.2097859097127224,1.8636
0,3275,3931,3.6791134,1.1237365302382405,2.0527
0,3275,3931,3.7893563,1.1574087660354306,2.1670000000000003
1,3931,3931,4.8189661,1.2262000254452925,1.954,1991,0.5087748822020407,0.7306882368456791,0.7306882368456791,0.6033167791713976,62,105,641,30,10.560000000000002
0,3275,3931,3.7898411,1.1575568417837507,1.9128999999999998
0,3656,3931,4.4097429,1.2064960054719562,1.9062000000000001
0,3656,3931,4.4677848000000004,1.2223761422708619,1.8103
1,3931,3931,4.7176200999999995,1.2004122391857504,1.8414,6,0.9618907352425367,1.1049827750151053,1.2224842526496669,0.6033167791713976,52,100,675,29,10.75
1,3931,3931,5.0095802,1.2747023409669211,1.7566000000000002,9,0.8190648798168552,0.8339306503794846,1.1341542673436256,0.6033167791713976,73,123,693,33,12.420000000000002
0,3273,3931,3.8092101,1.1641840158924206,1.8247
0,3809,3931,4.7927588,1.2586026260504202,1.9620000000000002
1,3931,3931,4.9838019,1.2681429770992365,1.818,1989,1.4495232903836968,1.6813382968364514,1.6994464620444336,0.6033167791713976,61,110,723,34,11.070000000000002
0,3342,3931,3.905033,1.1688216102963185,1.9469999999999998
0,3656,3931,4.511646,1.2343764705882352,1.8422
1,3931,3931,4.8692513,1.2389952417302799,2.6579,1959,0.33943987607239856,0.6533669962762253,0.6533669962762253,0.6033167791713976,61,104,639,29,10.5
1,3931,3931,4.9515996,1.2599490076335877,1.8332000000000002,1,0.9480725450948967,0.9480725450948967,1.373410211057288,0.6033167791713976,61,109,672,31,11.340000000000002
1,3931,3931,4.882611,1.2423946564885495,1.7883,1997,1.1723163973464612,1.4180760441208446,1.4180760441208446,0.6033167791713976,59,101,706,32,11.340000000000002
0,3656,3931,4.4487655,1.2171725034199727,1.8431000000000002
0,3656,3931,4.3790028,1.1980855813953488,1.9066
0,3820,3931,4.8680519,1.2746928253469496,1.8136999999999999
1,3931,3931,4.933089,1.25523893129771,1.8351000000000002,1971,0.6519878366148047,0.9877413442326329,0.9877413442326329,0.6033167791713976,58,104,639,33,10.250000000000002
0,3820,3931,4.6727228,1.2235461639172558,1.9967000000000001
0,3820,3931,4.6869081999999995,1.2272605917779522,1.9388
0,3342,3931,3.9012124999999997,1.167678090392098,1.859
0,3806,3931,4.7544671,1.249531432325887,1.8792
0,3820,3931,4.6800071,1.2254535480492275,2.2622
0,3656,3931,4.4265995,1.2111079343365254,1.8207
0,3272,3931,3.9173007,1.1975850504432897,1.8216
0,3656,3931,4.3823181,1.1989926402188784,1.8243999999999998
0,3342,3931,3.9273096,1.1754892547141575,1.8306
0,3269,3931,3.8101455,1.1658951958384334,1.8369
0,3275,3931,3.7728129,1.1523558032987171,1.7397
0,3820,3931,4.7535134,1.244701073579471,2.0765
1,3931,3931,4.8030393,1.2221474045801528,1.924,111,1.3869640717341303,1.4433687324193203,1.5935417452371274,0.6033167791713976,69,114,695,28,11.760000000000002
0,3275,3931,3.7414726,1.1427833231521074,1.8611
1,3931,3931,5.3053205,1.3499543256997455,1.9161,1,1.2969641434874866,1.2969641434874866,1.5491611656666704,0.6033167791713976,72,124,699,31,11.760000000000002
0,3656,3931,5.0148674,1.3720567441860465,2.3436
1,3931,3931,4.9333679,1.2553098982188295,1.8367,87,1.1426939219526322,1.1732619252132472,1.3653152172455418,0.6033167791713976,92,136,697,29,12.960000000000003
0,3275,3931,3.9055185,1.1928889737324373,1.8297
1,3931,3931,5.2726215,1.3416339694656487,1.7998999999999998,408,0.21032454424070768,0.4215629506827118,0.5148436389001998,0.6033167791713976,52,96,626,33,10.8
0,3656,3931,4.3723028,1.1962524760601914,1.8580999999999999
0,3656,3931,4.4663022,1.2219705061559507,1.8572
1,3931,3931,4.9979854,1.2717520101781172,3.1419,991,1.087032121535885,1.2882620047305595,1.331730347098946,0.6033167791713976,60,103,677,29,10.080000000000002
0,3656,3931,4.5500629,1.2448872503419974,2.012
0,3275,3931,3.8743183,1.1833592852779475,1.8087000000000002
0,3269,3931,3.9301377,1.2026125152998774,1.8569
0,3820,3931,4.9085013,1.285284446190102,2.2767999999999997
0,3810,3931,4.8494016,1.2731429771593594,1.8082
0,3273,3931,3.8786382,1.1854028728606358,1.8293000000000001
1,3931,3931,4.9518461,1.260011730279898,1.8715,1998,0.621912139585564,0.7946213107425544,0.8023592948324588,0.6033167791713976,64,110,653,29,11.75
0,3821,3931,4.781561,1.2517175392670157,1.8833
0,3342,3931,3.8979187,1.1666922178988328,1.8259
0,3820,3931,4.7838752,1.2526512699659595,1.8045
0,3820,3931,4.8669804,1.2744122545168894,1.8059
1,3931,3931,4.8257576,1.2279281424936386,1.866,9,0.9999251297871604,1.013482231385017,1.2049568474409156,0.6033167791713976,60,100,631,30,10.5
0,3820,3931,4.737744,1.2405718774548313,2.0155
1,3931,3931,4.9944891,1.2708623664122136,1.7893,1,0.8170345283676115,0.8170345283676115,1.257488130231667,0.6033167791713976,57,102,667,29,10.5
0,3275,3931,3.8224721,1.1675235491753206,2.0106
1,3931,3931,4.8675275,1.2385566157760812,1.8008,282,1.3171397530396054,1.3875292865248523,1.5506696590978568,0.6033167791713976,80,128,718,30,12.180000000000001
1,3931,3931,4.9711391,1.2649208905852418,1.7771,1723,0.6638637165300284,0.8102968560350544,0.9125441183858701,0.6033167791713976,70,111,650,31,11.960000000000003
0,3275,3931,3.9008905,1.1914754123396456,1.8542999999999998
1,3931,3931,4.902394,1.2474284987277355,1.9231,3,1.1189762656074822,1.1384042950162732,1.3873042481738174,0.6033167791713976,57,100,660,31,10.250000000000002
0,3820,3931,4.7627078,1.2471086148206336,1.7387
0,3342,3931,4.0040848,1.1984689613888058,1.8572
1,3931,3931,5.0873982,1.2945033587786259,2.3423,3,0.16887556764455752,0.17383949061660836,0.7450887277854815,0.6033167791713976,60,107,633,31,11.040000000000003
0,3342,3931,3.8900734,1.164344028733912,1.8042
0,3809,3931,4.7823839,1.255878125,1.8136
0,3656,3931,4.3733774,1.196546484268126,1.8212
1,3931,3931,4.8867319,1.2434432315521629,1.8369,1,0.8239881405110565,0.8239881405110565,1.115210999692588,0.6033167791713976,54,97,649,29,10.5
0,3656,3931,4.4629549,1.2210546922024623,1.8186
0,3275,3931,3.8536675000000002,1.1770517715332927,1.8813
0,3815,3931,4.7945359,1.2570885946512846,1.8645999999999998
0,3342,3931,3.884855,1.1627821011673152,1.7948
1,3931,3931,4.9047884,1.2480377608142494,1.7924,321,0.6602811460652872,0.9657616009065616,0.9657616009065616,0.6033167791713976,63,103,672,30,10.5
0,3419,3931,4.1096469,1.2023542715038036,1.8622
1,3931,3931,4.8417427,1.2319955979643766,2.0887000000000002,1137,1.3058182237649998,1.6181210772591654,1.6181210772591654,0.6033167791713976,67,117,703,33,11.480000000000002
0,3811,3931,4.6216795,1.2130392388451443,1.893
1,3931,3931,4.8219159000000005,1.2269506106870232,1.8714,563,1.3230858994102612,1.576567772922771,1.576567772922771,0.6033167791713976,68,115,694,29,11.070000000000002
0,3656,3931,4.4128388,1.2073430369357045,1.879
0,3275,3931,3.7512692,1.1457755650580328,1.9105
1,3931,3931,4.7610302,1.2114580661577607,1.9005,51,1.187976157893719,1.2768631044188137,1.4939824877957526,0.6033167791713976,67,111,701,31,11.61
0,3275,3931,3.8072844,1.1628846670739157,1.8756000000000002
0,3820,3931,4.6718004,1.2233046347211312,1.9746
0,3275,3931,3.8075172999999998,1.162955803298717,2.0357000000000003
0,3814,3931,4.6399083,1.2168655389457121,1.9016
1,3931,3931,4.949216,1.2593424936386768,1.8483,8,0.8179905465602126,0.8181482161507171,1.0628321612955014,0.6033167791713976,66,109,656,26,10.920000000000002
0,3820,3931,4.5248214,1.184818381775334,1.8320999999999998
1,3931,3931,4.8841997,1.2427989058524174,2.0856,944,0.9484302495191699,1.200523334940298,1.2591352199647368,0.6033167791713976,58,101,643,31,10.5
0,3820,3931,4.7265871,1.23765045823514,1.8645999999999998
1,3931,3931,5.0565565,1.2866555979643766,2.2845999999999997,1982,0.5955865276005026,0.8482229924400909,0.8482229924400909,0.6033167791713976,55,99,665,33,10.080000000000002
0,3898,3931,4.8392883,1.2417983833718245,1.9620000000000002
1,3931,3931,4.9844585,1.2683100508905851,2.054,1230,0.2825536098820065,0.5101718747463871,0.5301960901815561,0.6033167791713976,52,93,643,30,10.8
0,3820,3931,4.7173904,1.2352423147420792,1.8714
1,3931,3931,5.0496252,1.2848919083969466,1.8357,1993,0.8833843484635555,1.0659540643140166,1.074190582939456,0.6033167791713976,58,104,665,33,11
0,3656,3931,4.439612,1.2146681258549932,1.8097
1,3931,3931,4.9079844,1.2488509923664124,1.7995999999999999,1,1.5418940517681894,1.5418940517681894,1.733092576836865,0.6033167791713976,72,128,711,32,11.890000000000002
0,3275,3931,3.863288,1.1799902260232131,1.8167
0,3275,3931,3.8858797000000003,1.1868905620036654,1.8415000000000001
1,3931,3931,5.3557322,1.3627817302798984,1.8204,66,0.8686126002929819,0.9895208730712038,1.0776352071583022,0.6033167791713976,69,117,680,29,11.500000000000002
0,3897,3931,5.0328541,1.2918003336755646,2.006
0,3275,3931,3.8660486,1.1808334147831399,1.9479
0,3342,3931,3.9801728,1.1913118228075428,2.0017
0,3820,3931,4.7950329,1.255572898664572,2.1353
0,3656,3931,4.5160458,1.23558024623803,1.8061
1,3931,3931,5.0661404,1.2890942493638677,1.9189999999999998,1073,0.7552581476570578,0.988319081255671,1.0473041537321672,0.6033167791713976,83,125,687,31,12.000000000000002
0,3820,3931,4.7513423,1.2441325739722442,1.8456
1,3931,3931,4.9257448,1.2533701781170485,1.9781,435,0.7186361905189113,0.8064845674330521,1.0525995587970824,0.6033167791713976,60,102,665,29,10.32
0,3497,3931,4.143395,1.1851816361556062,1.8128
0,3656,3931,4.423042,1.210134610123119,1.8993
1,3931,3931,4.9915299,1.270109389312977,1.8760999999999999,590,1.2303373896201202,1.5528416740571414,1.5528416740571414,0.6033167791713976,64,113,704,30,11.480000000000002
0,3820,3931,4.8026124,1.2575575805184602,1.7771
0,3342,3931,3.99029,1.194340017958695,1.8729
0,3275,3931,3.7796659,1.1544489615149665,1.8699000000000001
0,3656,3931,4.5116561,1.2343792339261286,2.1692
0,3275,3931,3.7892336,1.1573712889431889,1.7617
1,3931,3931,4.9932631,1.270550407124682,2.1284,670,1.2435156728653127,1.5135128139886083,1.5135128139886083,0.6033167791713976,63,108,701,32,10.920000000000002
0,3656,3931,4.4098691,1.206530533515732,1.8092
1,3931,3931,5.1045097,1.2988574300254454,1.8121999999999998,1,0.7070964013781018,0.7070964013781018,1.0162293956101975,0.6033167791713976,64,109,663,32,11.75
1,3931,3931,5.1369717,1.3071174809160306,1.9647000000000001,1863,0.3002101528515697,0.540254302672319,0.540254302672319,0.6033167791713976,58,104,614,29,11
0,3820,3931,4.8482138,1.269498245614035,1.9223000000000001
1,3931,3931,5.0961353,1.2967265394402034,1.8323,1992,1.3692072042426309,1.500351166125827,1.5082326903183954,0.6033167791713976,68,112,696,30,11.480000000000002
0,3342,3931,3.9639243,1.1864484585453456,1.8078
0,3820,3931,4.8046306,1.2580860434668764,2.0292
0,3275,3931,3.95693,1.2085919364691509,1.8117
1,3931,3931,5.2216091,1.328653715012723,1.9762,450,0.7314768996200416,1.072537348376548,1.072537348376548,0.6033167791713976,74,118,627,30,10.75
0,3656,3931,4.4143585,1.2077588235294117,1.8188
0,3342,3931,4.0060386,1.1990537563603711,1.8905
0,3656,3931,4.466659,1.222068125854993,2.0817
1,3931,3931,5.0245102,1.2785013231552163,1.8809,1974,0.3340036438797172,0.6804415235170198,0.6804415235170198,0.6033167791713976,50,90,632,28,10.250000000000002
0,3820,3931,4.7082176,1.2328404294317885,1.8189
0,3274,3931,3.8636362,1.1804571341277117,2.2391
0,3275,3931,3.8749667,1.1835573304825902,1.8224
1,3931,3931,5.0196484,1.277264223918575,1.8747,1952,1.335404399036914,1.6013967767967683,1.6013967767967683,0.6033167791713976,79,125,692,31,11.890000000000002
0,3806,3931,4.7581755999999995,1.250506070959264,1.8895
0,3275,3931,3.8586975,1.1785881185094684,1.8357
0,3275,3931,3.8979823,1.1905871411117896,4.5081
1,3931,3931,4.9336058000000005,1.2553704325699746,2.0255,1,0.7023352622057323,0.7023352622057323,0.995886613440089,0.6033167791713976,67,114,663,29,10.75
0,3419,3931,3.9747624,1.162891281451141,1.8034999999999999
1,3931,3931,5.0511134,1.2852705852417303,1.8226,7,0.4225024402815291,0.6190148761362174,0.7063679626185975,0.6033167791713976,75,120,676,32,11.500000000000002
1,3931,3931,4.9391897,1.256791272264631,1.9073,725,0.24195720416204997,0.5227309023419164,0.5466239743076197,0.6033167791713976,61,105,643,30,10.080000000000002
0,3273,3931,3.7946828999999997,1.159744162591687,1.8163
0,3270,3931,3.8722837,1.1845468644845518,1.8365
0,3275,3931,3.8685036,1.1815832620647526,2.0896999999999997
0,3275,3931,3.8939621,1.1893592241905926,1.825
0,3275,3931,3.8654584,1.1806531459987784,1.8265
0,3656,3931,4.3700415,1.1956337893296853,1.9219
1,3931,3931,5.089471,1.295030788804071,1.8273,1,0.930545562694577,0.930545562694577,1.1693561795341056,0.6033167791713976,57,99,657,29,10.080000000000002
1,3931,3931,4.9835496,1.2680787786259542,1.7749000000000001,1376,0.3060644019625953,0.6840638820026756,0.6840638820026756,0.6033167791713976,62,102,617,29,10.250000000000002
0,3275,3931,3.8700518,1.1820561392791693,1.8281
0,3656,3931,4.2860276,1.1726477701778384,1.8377999999999999
0,3820,3931,4.8295625,1.2646144278606966,1.9624
0,3342,3931,3.9184847,1.172847859922179,1.8299
0,3656,3931,4.4096489,1.2064702872777016,1.9543
0,3820,3931,4.7324487,1.239185310290652,1.8523
1,3931,3931,4.7446262,1.207284020356234,1.7776,6,1.0682624798256477,1.1355505156400783,1.2822015213838769,0.6033167791713976,56,96,626,30,9.840000000000003
0,3275,3931,3.8027563,1.1615016188149052,1.8273
0,3275,3931,3.7886413,1.1571903787416005,1.8888
0,3342,3931,3.883996,1.1625249925172103,1.8291
0,3275,3931,3.8237651,1.1679184789248627,1.9323000000000001
1,3931,3931,4.931049,1.2547198473282444,1.8028,1991,0.7171000739823217,0.901193770978379,0.9697373525982842,0.6033167791713976,77,119,677,31,11.75
0,3820,3931,4.6708654,1.2230598062319982,1.7866
0,3656,3931,4.508585,1.2335389876880984,1.7593
0,3421,3931,4.0956862,1.1975690643274854,1.8523999999999998
0,3820,3931,4.5841879,1.2003634197433883,1.8802
0,3275,3931,3.8299504,1.1698076970067197,1.8289
0,3275,3931,3.8857204,1.1868419059254733,1.8478999999999999
0,3656,3931,4.5330183,1.2402238850889191,1.921
0,3820,3931,4.8221672,1.2626779785284106,1.8442
0,3275,3931,3.7945015,1.1589802993280391,2.5305000000000004
0,3810,3931,6.0601831,1.5910168285639275,1.8833
0,3820,3931,4.8284095,1.2643125163655409,1.8896
1,3931,3931,5.0888842,1.294881475826972,1.9173,1650,0.8888548690071543,1.2160201766537848,1.2160201766537848,0.6033167791713976,69,115,670,31,11.18
0,3656,3931,4.5736798,1.25134878248974,1.8094000000000001
0,3656,3931,4.6010685,1.2588422708618332,1.878
1,3931,3931,5.0051096,1.2735647837150126,1.8455,706,0.518283806284086,1.4076849042244124,1.4076849042244124,0.6033167791713976,62,105,671,28,10.75
0,3656,3931,4.5037908,1.2322273050615595,1.8488
0,3820,3931,4.8613168,1.2729292484943702,2.2349
0,3822,3931,4.7952405,1.2549700340225072,1.8456
0,3656,3931,4.5501363999999995,1.2449073597811215,1.9930999999999999
0,3656,3931,4.5262539,1.2383731600547196,1.7975999999999999
1,3931,3931,5.0041793,1.2733280661577608,1.8611,1056,0.7093297120520157,0.9480766802170899,0.9619634241845445,0.6033167791713976,77,121,694,27,12.000000000000002
1,3931,3931,4.8551266,1.2354011704834607,1.8724,1956,1.0067139255871742,1.345607903643647,1.345607903643647,0.6033167791713976,58,101,655,32,10.660000000000002
0,3275,3931,3.7572369,1.1475983200977398,2.0094000000000003
0,3275,3931,3.9633198,1.210543616371411,1.8287
0,3275,3931,3.8804313,1.185226420281002,1.7915999999999999
0,3899,3931,4.8462804,1.2432735761929197,1.9037
1,3931,3931,5.1869185,1.3198265903307886,1.828,76,0.48462904486772884,0.7622010344357699,0.7622010344357699,0.6033167791713976,55,104,642,31,11.040000000000003
0,3820,3931,4.9056548,1.2845390940036656,1.8197
0,3275,3931,3.8527777,1.1767799938912644,1.9478
0,3275,3931,3.8986278,1.190784300549786,1.9152
0,3656,3931,4.3868944,1.2002447058823529,1.8063
1,3931,3931,4.9315687,1.254852086513995,1.7928,215,0.632440639303299,0.7315848868846206,0.78413551092705,0.6033167791713976,54,99,638,32,10.080000000000002
1,3931,3931,5.1296221,1.3052473536895672,1.9063,1460,1.1136534128186124,1.444236150772245,1.444236150772245,0.6033167791713976,66,108,712,34,11.760000000000002
0,3820,3931,4.7748393,1.2502852317360564,1.9074
0,3272,3931,3.966492,1.2126236624885356,1.8901000000000001
1,3931,3931,4.8434145,1.2324209923664122,1.8278999999999999,2,1.2671200136538687,1.4894998776085202,1.5383867992256066,0.6033167791713976,60,106,687,28,11.340000000000002
0,3275,3931,3.9230945999999998,1.1982573610262675,2.0686
0,3656,3931,4.4901229,1.2284877975376198,1.7631000000000001
0,3820,3931,4.7851306000000005,1.2529799947630271,1.7979
0,3820,3931,4.9752681,1.3027672427337,1.9052
1,3931,3931,4.8991108,1.246593078880407,1.8902,935,0.20907267031169993,0.5285315384155442,0.530455519189877,0.6033167791713976,57,96,615,28,10.080000000000002
1,3931,3931,5.008457,1.2744165394402036,1.853,1974,0.8275457999060656,1.0131217426338401,1.0202132093490266,0.6033167791713976,46,93,653,32,10.250000000000002
0,3342,3931,3.9860986,1.1930854833882072,1.8512
0,3656,3931,4.516862,1.2358035567715457,1.8406
0,3656,3931,4.5688333,1.2500227906976742,1.8553
1,3931,3931,5.0819126,1.2931075318066156,1.8963999999999999,1,0.3300741361888204,0.3300741361888204,0.6399181425485369,0.6033167791713976,59,101,625,30,10.080000000000002
1,3931,3931,5.0193672,1.2771926717557252,2.1457,1,1.504543239522347,1.504543239522347,1.7619771094627088,0.6033167791713976,73,118,726,32,12.3
1,3931,3931,5.0681001,1.2895929007633586,1.8124,1,0.8995763187282891,0.8995763187282891,1.2295773406485313,0.6033167791713976,53,100,658,31,10.5
0,3656,3931,4.4515047,1.2179219425444598,1.8109
0,3275,3931,3.997222,1.2208985949908369,1.9492
1,3931,3931,4.782388,1.2168926208651398,2.4274,1,0.31557967337123255,0.31557967337123255,0.8080772221984378,0.6033167791713976,59,102,633,26,9.840000000000003
0,3269,3931,3.894484,1.1917025703794368,1.8133
0,3656,3931,4.4528866,1.218300027359781,1.9004
0,3658,3931,4.4827142,1.225790046486191,1.7789
0,3656,3931,4.4894074,1.2282920383036935,1.8434
1,3931,3931,5.0690466,1.2898337404580151,1.8622,3,1.4333946210695805,1.4354208211676223,1.5804695108840292,0.6033167791713976,75,131,731,31,11.890000000000002
0,3275,3931,3.9140425,1.1954925167990227,1.8687
0,3342,3931,4.0782853,1.2206780305297815,1.7883
0,3421,3931,4.2046713,1.2294360526315788,1.8819
0,3342,3931,4.0458867,1.21098075426519,1.8429
0,3342,3931,3.980988,1.1915558216102962,1.8636
0,3658,3931,4.5031027,1.2313652447361225,1.7973999999999999
0,3275,3931,3.8933367,1.1891682040317655,1.8805
0,3818,3931,4.961561,1.2998587896253602,1.8415000000000001
0,3820,3931,5.0533171,1.3232042681330192,1.7901
0,3275,3931,4.0273083,1.2300880574221136,1.9195
0,3275,3931,3.907795,1.1935843005497861,1.8201999999999998
1,3931,3931,5.096209,1.2967452926208651,1.8333,1313,0.25226573754512815,0.4680235916854315,0.49761997242547856,0.6033167791713976,53,96,630,31,10.8
0,3275,3931,3.8591981,1.178741020158827,1.8733
1,3931,3931,5.0957183,1.2966204325699744,1.8906,1020,0.4840250824752612,0.6636109357505902,0.6844981362839111,0.6033167791713976,63,108,625,28,10.560000000000002
0,3656,3931,4.4535139,1.2184716552667578,1.8649
1,3931,3931,4.9942803,1.2708092366412211,1.8775,6,0.8423287703103495,0.9914141176699359,1.1246668198071255,0.6033167791713976,53,98,605,31,9.600000000000001
0,3820,3931,4.9217607,1.2887564021995286,2.0692000000000004
0,3820,3931,4.8838951,1.2788413459020684,1.8684999999999998
0,3820,3931,4.7233288,1.2367972767740247,1.918
0,3342,3931,3.9865785000000002,1.1932291230170609,1.8794
0,3656,3931,4.4002957,1.203911272229822,2.3119
1,3931,3931,4.8731045,1.239975699745547,1.8392,1,0.9118732273352734,0.9118732273352734,1.248398749296795,0.6033167791713976,56,94,632,33,10.080000000000002
0,3274,3931,3.8473762000000002,1.1754892147876566,1.8548
0,3274,3931,3.8857104,1.1872014665444546,1.7941
0,3810,3931,4.8091717,1.2625811761617223,1.8824
0,3820,3931,4.7662969,1.2480484158156586,1.9082000000000001
0,3811,3931,4.9669784,1.303668871391076,1.7656
1,3931,3931,5.0488051,1.284683231552163,1.8344,1889,0.4973988538581544,0.7136721578343128,0.7136721578343128,0.6033167791713976,71,113,643,30,11.040000000000003
0,3820,3931,4.807588,1.2588604346687613,1.7933999999999999
0,3820,3931,4.8308549,1.2649528410578685,1.7918999999999998
0,3811,3931,4.834901,1.269002887139108,1.8427
0,3421,3931,4.0990179,1.198543245614035,1.8297
0,3820,3931,4.7905829,1.2544076721654884,1.7914
1,3931,3931,5.1109195,1.3004884223918576,1.8637000000000001,1942,1.2607083913454318,1.4902225691432602,1.4914633269239093,0.6033167791713976,68,113,710,31,11.340000000000002
1,3931,3931,5.1234865,1.3036861323155216,1.8793,11,0.31319244226019066,0.386333815967019,0.9830733472473882,0.6033167791713976,52,96,622,30,10
0,3275,3931,3.9382441999999998,1.2028846059865608,1.8387
0,3421,3931,4.1140797,1.2029472807017543,1.8423
1,3931,3931,4.8876171,1.2436684732824426,2.0989,1971,1.2700477784391875,1.524432948477023,1.524432948477023,0.6033167791713976,55,103,705,31,11.070000000000002
0,3820,3931,4.8968483,1.2822331238544122,1.9174
0,3820,3931,4.7893766,1.2540918041372087,1.8121
0,3275,3931,3.9089544,1.193938423946243,1.7703
1,3931,3931,5.0609907,1.287783893129771,1.8512,8,1.2517730202582726,1.4925077478273,1.5569147933896585,0.6033167791713976,60,106,691,27,11.070000000000002
1,3931,3931,5.0719494,1.290572366412214,3.5975,1987,0.32895625048532423,0.6463033710959445,0.6575339146148781,0.6033167791713976,54,91,626,29,10.250000000000002
0,3342,3931,4.0061672,1.199092247829991,1.8894
0,3656,3931,4.6079695,1.260730369357045,1.8551
0,3820,3931,4.8385683,1.2669725844461903,1.9253
0,3342,3931,4.040987,1.2095142173002096,1.9242000000000001
1,3931,3931,5.0651043,1.2888306106870229,2.0439999999999996,1985,1.2312854507598756,1.4733066477679657,1.4733066477679657,0.6033167791713976,65,107,692,30,11.200000000000001
1,3931,3931,5.0791154,1.2923957760814249,1.8925,1992,1.2532525817106663,1.5883288095926695,1.5883288095926695,0.6033167791713976,87,143,775,32,13.8
0,3656,3931,4.5297092,1.2393185225718195,1.9661000000000002
0,3275,3931,3.9968529,1.2207858582773365,1.8213000000000001
0,3820,3931,4.9888509,1.306323880597015,1.8328000000000002
1,3931,3931,4.9739813999999996,1.2656441221374044,1.9246,1876,0.9603146797665467,1.2301554997512232,1.2338601992585536,0.6033167791713976,63,102,660,30,10.4
1,3931,3931,5.0201296,1.2773866666666664,1.8007,7,0.4566551871452867,0.4629144891371227,0.7125753006497745,0.6033167791713976,62,106,624,30,10.560000000000002
0,3275,3931,3.9577356,1.2088379963347586,1.9154
0,3656,3931,4.4826166,1.2264340902872777,1.8161
0,3820,3931,4.8765322,1.2769133804660906,1.9226
0,3275,3931,3.9234508999999997,1.198366188149053,1.8423
0,3656,3931,4.5442749,1.2433036662106702,1.8232000000000002
0,3275,3931,4.0145173,1.2261812156383627,1.8917000000000002
1,3931,3931,4.9123095,1.2499515267175574,1.8395,1237,0.6952335175845232,1.0991795828701667,1.0991795828701667,0.6033167791713976,61,108,642,27,10.5
0,3275,3931,3.8608332,1.1792404398289553,3.0242
0,3901,3931,5.2021546,1.3338857948717948,2.1679999999999997
0,3271,3931,3.9422610000000002,1.205584403669725,1.8748
1,3931,3931,5.0965472,1.296831348600509,1.9973,1050,1.0098011447741224,1.189045505923007,1.251357071193063,0.6033167791713976,55,103,642,32,10.080000000000002
1,3931,3931,5.1385681,1.3075236895674298,1.8502,433,0.8755052115677324,0.9241547345116212,1.090285904409181,0.6033167791713976,55,102,642,31,10.080000000000002
0,3656,3931,4.5205451,1.2368112448700408,1.8322
1,3931,3931,5.1865467,1.3197319847328244,1.8494,3,0.8592391168522178,0.9702702077697192,1.2122436523066737,0.6033167791713976,59,103,683,29,11.18
0,3275,3931,4.0037736,1.2228996945632253,1.8224
1,3931,3931,5.0344537,1.281031475826972,2.0578,1126,0.8171430558526909,1.1635062564357779,1.163913249433413,0.6033167791713976,64,108,665,31,10.5
1,3931,3931,5.2619387,1.338915699745547,1.8261,31,1.326885282526656,1.4458228457926037,1.4692835237021784,0.6033167791713976,72,120,704,32,12.040000000000001
0,3809,3931,5.0039355,1.3140586922268906,2.2683999999999997
0,3274,3931,3.9476687,1.2061315918117934,1.8565999999999998
0,3275,3931,3.9614996,1.2099876603543065,1.8576000000000001
0,3275,3931,3.9396662,1.2033189370800246,1.9765999999999997
0,3820,3931,4.888978,1.2801722964126734,2.2624
1,3931,3931,5.072445,1.2906984732824427,3.6566,1998,1.053186559689763,1.3367380490426743,1.339882527182469,0.6033167791713976,83,127,698,32,11.340000000000002
1,3931,3931,5.1196066,1.3026988804071247,1.9093,1883,1.1127467204734478,1.3738950632464986,1.3759176841801788,0.6033167791713976,81,131,718,35,12.600000000000001
1,3931,3931,4.9891317,1.2694991603053436,1.9124,257,0.8582788406327223,0.9353938520036148,1.063553056273815,0.6033167791713976,54,104,644,28,10.080000000000002
1,3931,3931,5.0828166,1.2933375572519084,1.8243999999999998,1942,1.188495816688028,1.4416176922717674,1.4491157943466992,0.6033167791713976,60,106,707,28,11.070000000000002
0,3272,3931,4.033228,1.2330259859370223,1.8812
1,3931,3931,5.3275091,1.355600279898219,2.6258000000000004,1867,1.1442569683337291,1.5568846631918305,1.5568846631918305,0.6033167791713976,62,105,699,32,11.070000000000002
0,3656,3931,4.5064537,1.2329558686730506,1.8208
1,3931,3931,5.9432248,1.5122709414758269,2.1527,1978,1.2921965229344392,1.4899179765612796,1.494322749558318,0.6033167791713976,59,105,703,34,11.480000000000002
0,3656,3931,4.927334,1.3481077975376197,2.1229
0,3275,3931,4.0282048,1.2303618814905315,1.9583000000000002
1,3931,3931,5.4050775,1.3753377862595422,1.8175999999999999,1,1.1133664272338877,1.1133664272338877,1.3388440158517076,0.6033167791713976,63,112,651,35,10.5
0,3820,3931,5.3450537,1.3995951034302174,1.9710999999999999
0,3275,3931,4.0927919,1.250089156994502,1.9448
0,3656,3931,4.6974637,1.2852157865937073,1.8655
1,3931,3931,5.1394503,1.3077481679389313,2.0911,1998,0.8579821435307132,0.9619029129570006,1.1478071300072261,0.6033167791713976,53,104,650,31,10.5
0,3275,3931,3.9888745,1.2183489615149663,1.848
1,3931,3931,4.9630857,1.2628716793893129,1.9453999999999998,155,0.3759483181086044,0.7496860973702689,0.8474362576651452,0.6033167791713976,54,95,645,27,10.5
0,3820,3931,4.9401578,1.2935736580256612,1.8439
0,3273,3931,3.984311,1.2176989608801956,1.7577
0,3342,3931,4.0248072,1.2046714157437892,2.1555
0,3656,3931,4.4937516,1.2294806019151847,1.817
0,3275,3931,3.9909526,1.218983689676237,1.9
1,3931,3931,5.0135462,1.2757115012722648,1.8105,1999,1.1762315288712621,1.4140120671171759,1.4140120671171759,0.6033167791713976,56,102,721,31,11.760000000000002
0,3902,3931,5.0497385,1.2944728274801334,4.1526000000000005
0,3342,3931,3.9526162,1.1830638132295719,1.9292
0,3273,3931,3.8943678999999998,1.190210238386308,1.8717
0,3656,3931,4.7159322,1.2902687277701779,2.0249
0,3656,3931,4.4978384,1.2305987414500683,1.8136999999999999
0,3804,3931,4.7935141,1.2604559821193795,1.9405
1,3931,3931,5.0941832,1.2962298218829515,1.9639000000000002,2,0.30591175829841516,0.31374837547979906,0.6158693633269972,0.6033167791713976,62,106,632,30,11.500000000000002
0,3820,3931,5.1174472,1.339996648337261,1.814
1,3931,3931,5.6805652,1.4454364376590332,1.8075999999999999,1561,1.0171372673788999,1.0516205213816963,1.23708212256478,0.6033167791713976,58,110,665,33,10.5
0,3810,3931,5.0595162,1.3283056445261223,1.8291
0,3274,3931,3.9262331,1.199582370913535,1.9537
0,3656,3931,4.5707768,1.2505545280437755,1.9294
1,3931,3931,5.261418,1.33878320610687,1.8615000000000002,1744,0.6358840085930494,1.0737143913009572,1.0737143913009572,0.6033167791713976,60,99,658,34,10.250000000000002
0,3820,3931,4.9984177,1.3088289342759885,2.231
1,3931,3931,4.9842781,1.2682641475826972,1.9732,2,0.9141862776658994,1.1669438410257484,1.1696822624047924,0.6033167791713976,58,98,646,32,10.5
0,3275,3931,3.8966425,1.1901779169211972,1.7982
1,3931,3931,4.9654721,1.2634789058524174,1.8860000000000001,1965,1.0177289748081293,1.2534854738368855,1.2534854738368855,0.6033167791713976,56,102,678,29,10.75
0,3900,3931,5.1979109,1.3331394973070017,1.8151000000000002
1,3931,3931,5.1264778,1.3044472773536895,1.8597,186,0.9508209706330288,1.0179715743887148,1.1834548584800355,0.6033167791713976,55,103,620,29,9.840000000000003
0,3656,3931,4.751602,1.3000279069767442,2.3863
1,3931,3931,5.2019397,1.323648778625954,2.0033999999999996,49,1.0373419723901192,1.1477107694357398,1.3840610216951414,0.6033167791713976,61,110,678,34,10.920000000000002
0,3656,3931,4.6282426,1.266277045143639,1.827
0,3805,3931,4.8696236,1.2801323869610937,1.7635999999999998
1,3931,3931,4.9918339,1.2701867430025444,1.8967999999999998,632,1.3251045658497036,1.5884447151042214,1.5884447151042214,0.6033167791713976,71,118,708,32,11.340000000000002
0,3805,3931,4.8727987,1.2809670609884332,1.7763
1,3931,3931,5.0228321,1.2780743256997456,2.1056999999999997,1,0.3988426740774568,0.3988426740774568,0.7709645221466715,0.6033167791713976,71,114,642,29,11.18
0,3820,3931,4.8756205999999995,1.2766746792354018,1.8695000000000002
1,3931,3931,5.1881973,1.3201519847328245,2.2131,207,1.5544568944823316,1.6514799484165414,1.6776337155241718,0.6033167791713976,75,125,730,33,13.640000000000002
0,3811,3931,4.9563647,1.3008831233595801,1.8568
1,3931,3931,5.2865918,1.3451887531806617,1.8216,3,1.3241066763746192,1.3246519242798542,1.6204550042568595,0.6033167791713976,93,145,732,32,13.340000000000003
0,3806,3931,4.9015474,1.2881859132720106,1.9198
0,3275,3931,4.3097731,1.3163631948686623,1.8801
1,3931,3931,5.4904228,1.3970541475826972,2.1578,1952,0.3590168861982517,0.6221737597166929,0.6345609750087117,0.6033167791713976,59,107,623,31,10.8
1,3931,3931,5.2200825,1.3282652671755726,1.8188,1108,1.116917295324171,1.462825076713697,1.462825076713697,0.6033167791713976,78,131,707,27,11.890000000000002
0,3809,3931,5.1502893,1.3524919380252098,2.1344
0,3275,3931,4.2090353,1.2855941661576056,2.2508
1,3931,3931,5.2440989,1.3343763104325699,1.8657000000000001,30,0.41367923081426866,0.5690627275700655,0.8194982752908063,0.6033167791713976,61,102,621,30,10.080000000000002
0,3275,3931,4.163998,1.2718381185094687,1.8457000000000001
0,3275,3931,4.4328395,1.353952199144777,1.8386
1,3931,3931,5.1509832,1.310682748091603,1.8711000000000002,1133,1.0560001983544618,1.3526518851709772,1.3620287729219647,0.6033167791713976,66,109,704,32,11.890000000000002
0,3275,3931,3.9334331000000002,1.2014151191203422,1.8877
0,3820,3931,4.8742640999999995,1.27631948153967,1.9999000000000002
0,3805,3931,4.7786668,1.256221556256572,1.8768
0,3820,3931,4.838615,1.2669848127782142,1.9335
0,3804,3931,5.1022921,1.3416492505916382,1.8397000000000001
1,3931,3931,5.3408595,1.3589973282442747,1.8574,2,1.472434540461113,1.4933464825463278,1.7871574562889156,0.6033167791713976,79,129,714,33,11.480000000000002
1,3931,3931,5.0311867,1.2802001781170484,1.8258,1978,1.218344308719602,1.403471634054642,1.4185543119968813,0.6033167791713976,94,145,742,32,13.720000000000002
0,3275,3931,4.065483,1.2417480146609652,1.8624
0,3656,3931,4.6058412,1.2601480711354311,1.8399
1,3931,3931,5.0428652,1.2831718066157758,1.8795000000000002,1,1.0297301844660736,1.0297301844660736,1.3835505444082306,0.6033167791713976,54,95,697,31,11.480000000000002
0,3820,3931,5.0593503,1.324784053417125,1.8431000000000002
0,3275,3931,3.9507211,1.2066955100794137,1.8097
0,3820,3931,4.8270396,1.263953809897879,1.8631
1,3931,3931,5.2141766,1.3267624936386768,1.9949,1960,1.0456219464374787,1.3850754027137595,1.388273873143117,0.6033167791713976,64,108,694,32,11.480000000000002
0,3656,3931,4.6597375,1.2748939808481532,2.7483
0,3656,3931,4.5153492,1.2353896580027361,1.8497999999999999
1,3931,3931,5.2752059,1.3422915776081425,2.0391,1,0.7525548528704598,0.7525548528704598,1.0768094036605667,0.6033167791713976,61,107,672,29,10.920000000000002
0,3820,3931,4.8342033,1.2658296150824824,1.8016
0,3820,3931,4.906928,1.2848724797067295,1.9163999999999999
0,3656,3931,4.5319158,1.2399222435020518,1.8982
0,3342,3931,4.0077431,1.1995639329542052,2.5577
0,3822,3931,4.9375008000000005,1.2922012038733317,1.8852
0,3656,3931,4.6062073,1.2602482352941176,1.8535
0,3421,3931,4.3683073,1.2772828362573099,1.8644
1,3931,3931,5.117964,1.3022809160305344,1.8787,534,0.2738865958912178,0.6606922916972761,0.6606922916972761,0.6033167791713976,60,104,656,28,10.5
1,3931,3931,5.1927461,1.3213094402035623,1.8333,1735,0.837567138001028,1.1303380905978795,1.1479345297664896,0.6033167791713976,55,97,664,28,10.5
0,3656,3931,4.5818296,1.2535785499316006,1.9620000000000002
1,3931,3931,5.1902069,1.3206633333333333,1.8797,1064,0.8496569676080691,0.9630640077551949,1.1976246701142752,0.6033167791713976,54,100,649,28,10.5
0,3821,3931,4.8336991000000005,1.2653662565445027,1.8584999999999998
1,3931,3931,5.1875937,1.3199983969465647,2.0734999999999997,1015,0.2197810803852961,0.7913760823842046,0.7913760823842046,0.6033167791713976,48,99,633,31,11.500000000000002
1,3931,3931,5.0522375,1.2855566157760814,1.8264,1725,0.7961520112695478,0.96084521350182,0.9842390292160411,0.6033167791713976,75,119,679,30,11.75
0,3820,3931,4.8916091999999995,1.2808612725844462,1.8715
1,3931,3931,5.0860437,1.2941587022900765,1.8396000000000001,558,1.5302504128713206,1.5984159248537706,1.6762186732157465,0.6033167791713976,72,126,716,31,11.600000000000001
1,3931,3931,5.1351442,1.3066524681933842,2.0327,1991,0.6495060441385935,0.9309473477825047,0.9309473477825047,0.6033167791713976,63,102,649,31,10.080000000000002
0,3275,3931,3.9613795,1.2099509773976787,1.8607
0,3902,3931,5.0174474,1.2861951807228915,1.8266
1,3931,3931,5.1989117,1.3228782951653943,2.2731000000000003,1998,1.228070976347447,1.5044728593002907,1.5044728593002907,0.6033167791713976,92,140,736,33,13.440000000000003
0,3820,3931,4.7985114,1.256483739198743,1.7757999999999998
0,3811,3931,4.9018449,1.2865734645669291,1.8336
1,3931,3931,4.9899182,1.2696992875318067,1.8376,1689,0.434006536391538,0.5835774809912054,0.5927767116906404,0.6033167791713976,60,103,656,28,11.040000000000003
0,3820,3931,4.8893358,1.2802659858601728,1.8661999999999999
1,3931,3931,5.0842127,1.2936927989821883,1.875,16,1.3856641640663947,1.665117126963204,1.7281138699746552,0.6033167791713976,82,133,726,31,11.890000000000002
0,3270,3931,3.9185901,1.198712174977057,1.8831
0,3902,3931,5.2318589,1.3411583952832606,1.8201999999999998
0,3342,3931,4.072421,1.2189227776114937,1.8695000000000002
1,3931,3931,5.028294,1.2794641221374046,1.9151,232,1.1210917510391218,1.4257856630903083,1.4285226247763754,0.6033167791713976,71,117,662,28,10.660000000000002
0,3809,3931,4.9630266,1.3033158088235295,1.8245
1,3931,3931,5.263338,1.3392717557251907,1.8584,91,0.15876194869731025,0.25137421334548415,0.6236788215563598,0.6033167791713976,59,108,644,29,10.8
1,3931,3931,5.1924044,1.321222493638677,1.8433,700,1.2435188550912284,1.4495333886193549,1.4613909989122948,0.6033167791713976,82,131,707,30,11.880000000000003
0,3656,3931,4.7409851,1.297123146374829,1.8976
1,3931,3931,6.1667514,1.5691479389312977,1.9884,1100,0.8530217801860708,1.2000867689093255,1.2000867689093255,0.6033167791713976,59,103,674,30,10.660000000000002
0,3656,3931,4.6772517,1.279685827633379,1.9124
1,3931,3931,5.1258087,1.3042770229007634,1.8366,4,0.8115767581099852,1.1685155126667566,1.3525793552368959,0.6033167791713976,54,98,662,30,10.5
1,3931,3931,5.3412091,1.3590862849872773,1.8864999999999998,117,1.124220795025311,1.3606181329607026,1.44464232618269,0.6033167791713976,71,118,690,34,11.340000000000002
0,3342,3931,4.118108,1.2325974259203831,1.8636
0,3342,3931,4.1595244000000005,1.2449938341813829,1.9615000000000002
0,3656,3931,4.5639602,1.2486895212038305,1.9583000000000002
0,3820,3931,4.9968775,1.30842563498298,1.8017
0,3275,3931,4.053455,1.2380742211362246,1.8439999999999999
0,3820,3931,4.9769275,1.303201754385965,2.2359
0,3420,3931,4.3931473,1.2849217022521204,1.8249
1,3931,3931,5.3172129,1.3529803816793895,3.7576,1929,0.9995261149155297,1.1737884321456629,1.179176022780885,0.6033167791713976,49,96,648,32,10.5
0,3274,3931,4.2125336,1.287055789795295,1.9289
0,3658,3931,4.5455231000000005,1.2429650259775773,1.8680999999999999
0,3275,3931,4.0446492,1.235384605986561,1.8631
0,3656,3931,4.5706851,1.2505294391244872,1.8545
0,3820,3931,5.0550377,1.3236548049227546,2.7513
1,3931,3931,5.4478544,1.386222493638677,1.8438,962,0.6537913809702188,0.9860423027136104,1.0394515572694836,0.6033167791713976,52,97,624,30,10.32
1,3931,3931,5.1691369,1.315302010178117,1.8556,24,1.378674890111042,1.5346217199852341,1.5346217199852341,0.6033167791713976,58,106,690,31,10.660000000000002
0,3342,3931,5.0250675,1.504060909907213,1.8914
1,3931,3931,5.4452999,1.3855724936386768,2.363,1012,0.20062846572664014,0.41876108262765027,0.4492987151876816,0.6033167791713976,57,107,645,32,11.280000000000003
1,3931,3931,5.2784959,1.343128727735369,1.8914,128,0.46921836603019745,0.7830094267613309,0.7830094267613309,0.6033167791713976,55,94,635,30,10.250000000000002
0,3820,3931,5.251006,1.374968840010474,1.827
0,3820,3931,5.3983984,1.413563341188793,1.7988
1,3931,3931,5.3403186,1.3588596946564884,1.7747,1,0.6557486513721213,0.6557486513721213,1.159221709432421,0.6033167791713976,74,118,666,28,11.500000000000002
0,3275,3931,4.0267506,1.229917715332926,2.2447
1,3931,3931,5.1615372,1.3133682442748091,1.7981,25,0.3099005008247759,0.39295486149202474,0.768527897384078,0.6033167791713976,66,110,636,28,11.25
0,3275,3931,3.9257790999999997,1.199077306047648,1.8822999999999999
0,3656,3931,4.6406198,1.26966341997264,1.9796000000000002
1,3931,3931,5.1803127,1.3181457251908397,1.8622,1950,0.9964994456775408,1.2348627042378537,1.2348627042378537,0.6033167791713976,67,112,684,30,11.61
0,3656,3931,4.7426294,1.2975730232558138,1.9117
0,3820,3931,4.8711925,1.2755151872217858,1.8666
0,3656,3931,4.5859833,1.2547149931600547,1.9138
1,3931,3931,5.2490328,1.3356317557251909,1.8462,1898,0.7326516807926197,1.0994530107393783,1.150055971836007,0.6033167791713976,52,101,645,32,10.32
0,3820,3931,4.9641494,1.2998558261324955,1.8891
0,3811,3931,4.9292566,1.2937681364829399,1.8101
0,3275,3931,4.0068078,1.2238264508246792,3.6694
0,3656,3931,4.6170442000000005,1.2632131874145007,2.3661
0,3342,3931,4.0127355,1.201058216102963,1.8745
1,3931,3931,4.9922992,1.2703051399491092,2.0117,333,1.2839659198014888,1.4214970236621487,1.5347242813165984,0.6033167791713976,70,115,693,30,11.340000000000002
0,3821,3931,4.6887883,1.2274314921465967,1.8597
0,3342,3931,4.1662633,1.2470108650104759,1.8319
1,3931,3931,5.2353383000000004,1.3321471501272266,1.8695000000000002,473,1.2470989768283625,1.5480431200290605,1.5880295350514462,0.6033167791713976,67,113,702,32,11.480000000000002
0,3820,3931,4.9039951,1.2841045037968055,1.8291
1,3931,3931,5.0756173,1.2915056743002544,1.8377999999999999,1,1.180840008109823,1.180840008109823,1.453040819390771,0.6033167791713976,66,111,715,32,11.340000000000002
0,3656,3931,4.4886614,1.2280879343365252,1.8484
1,3931,3931,5.1263196,1.3044070229007636,2.3178,1983,0.7963196598998644,0.9796609025228102,1.0314114197937576,0.6033167791713976,53,99,638,33,10.080000000000002
1,3931,3931,5.319371,1.3535295165394403,1.7288,425,0.9903317914077555,1.2043455140042576,1.28947441184452,0.6033167791713976,58,98,627,31,9.840000000000003
0,3820,3931,5.0662681,1.3265954700183296,1.9962
0,3806,3931,5.0871947,1.3369762680683313,2.1048
1,3931,3931,5.1998389,1.323114223918575,1.8503,1972,0.5089973801970351,0.7298422226436337,0.7298422226436337,0.6033167791713976,69,107,635,33,10.8
0,3810,3931,4.8965019,1.285508506169598,1.8568
0,3342,3931,4.1389655,1.2388403172702784,1.8226
1,3931,3931,5.3121739,1.351698193384224,1.8755,6,1.2299104491101776,1.4062009706449115,1.5158699905556905,0.6033167791713976,68,117,686,29,11.070000000000002
1,3931,3931,5.3031081,1.3493913740458017,1.8134,303,0.9983360865191228,0.999578533802837,1.2079449714467914,0.6033167791713976,60,104,655,30,10.75
0,3656,3931,4.8055228,1.3147805198358415,2.0452
0,3820,3931,4.9946137,1.3078328620057609,2.1164
0,3820,3931,5.0506565,1.322507593610893,1.977
0,3656,3931,4.5797072,1.2529978659370724,1.8347
0,3342,3931,4.0765014,1.2201440885962285,2.2728
1,3931,3931,5.3131558,1.351948040712468,1.8556,238,0.7745115481744856,1.0349027709430427,1.038310284324103,0.6033167791713976,57,98,649,32,10.32
1,3931,3931,5.3043053,1.3496960050890585,1.8586,1541,0.8797227302616896,1.064969842857424,1.0696160380511244,0.6033167791713976,77,120,659,30,11.040000000000003
0,3805,3931,4.9475436,1.3006160883280757,1.9426
0,3270,3931,3.9666866,1.2134250841235852,1.7881
1,3931,3931,5.1121652,1.3008053944020355,1.8392,1286,0.3171622747877667,0.6699669137335619,0.6699669137335619,0.6033167791713976,61,103,619,28,10.5
0,3275,3931,3.9957621,1.2204526878436164,1.9621
0,3820,3931,4.9765791,1.3031105263157894,2.4334000000000002
1,3931,3931,5.2730243,1.3417364631043258,1.8349,40,0.42753870643292596,0.56226777407123,0.6024126075121027,0.6033167791713976,57,103,649,30,11.040000000000003
1,3931,3931,5.1128261,1.300973562340967,2.0688,1999,0.8196554606845614,0.9848182876265368,1.0395899201669965,0.6033167791713976,57,103,633,33,10.080000000000002
0,3656,3931,4.5551452,1.246277756497948,1.8917000000000002
0,3820,3931,5.1420305,1.3464337522911756,2.0295
1,3931,3931,5.0500147,1.284991017811705,1.9353,1723,1.1397568923369097,1.6621529111695437,1.6621529111695437,0.6033167791713976,71,120,715,31,11.480000000000002
1,3931,3931,5.1713824,1.3158733842239185,1.8719999999999999,1,1.1314297098472497,1.1314297098472497,1.469613033810934,0.6033167791713976,67,117,711,30,11.760000000000002
0,3497,3931,4.3574687,1.2464155320366135,2.0002
0,3342,3931,4.1499045,1.2421144866806344,1.8159999999999998
0,3656,3931,4.7371171,1.2960648700410395,2.0257
0,3275,3931,4.0231756,1.2288257788637753,1.7798
0,3275,3931,3.9750693999999998,1.2141323762981062,1.8376
0,3419,3931,4.3175834,1.263189994148625,1.9648
0,3275,3931,4.0771508,1.245311789859499,1.871
0,3275,3931,3.9779565999999997,1.2150142333536957,1.8634000000000002
0,3820,3931,5.0306485,1.3172685257920922,1.8497
0,3820,3931,4.9682864,1.3009390940036658,1.8671
1,3931,3931,5.0438348,1.2834185241730278,1.8558,54,1.5441560728297838,1.6049496798016811,1.7610565883216758,0.6033167791713976,81,129,703,30,11.480000000000002
0,3275,3931,3.9092966000000002,1.194042944410507,1.9404
0,3656,3931,4.6219703,1.2645609575923393,1.8362
1,3931,3931,5.1273024,1.304657099236641,1.8680999999999999,1948,1.3929923146762555,1.6965755360182158,1.6965755360182158,0.6033167791713976,64,118,716,31,11.890000000000002
0,3656,3931,4.570613,1.2505097127222982,1.8632
1,3931,3931,5.3067983,1.3503303562340965,2.7055,522,1.3171017610610194,1.510804508418091,1.5736144535400223,0.6033167791713976,69,121,701,30,11.760000000000002
0,3656,3931,4.7989048,1.3129698495212039,1.8613
0,3902,3931,5.2609486,1.3486153806716226,1.8201999999999998
0,3656,3931,4.8561376,1.3286286183310534,1.8332000000000002
0,3656,3931,4.6492170999999995,1.2720156224350205,2.092
0,3819,3931,5.0905325,1.3332981927710843,3.7475
0,3275,3931,4.0717528,1.2436630421502748,1.9088
0,3272,3931,4.0176667,1.2282686334454296,1.8569
1,3931,3931,5.2507635,1.33607213740458,2.008,814,0.5865377459343494,0.8659039266664079,0.8659039266664079,0.6033167791713976,65,106,649,32,10.080000000000002
0,3275,3931,4.0572926,1.2392463653023824,1.9028
0,3820,3931,5.1269287,1.3424793663262633,2.0611
0,3656,3931,4.7751734,1.3064769904240765,1.9039000000000001
0,3275,3931,4.0527319,1.2378533598045205,1.8085
0,3275,3931,4.1151782,1.256926756261454,1.8573000000000002
0,3656,3931,4.6443773,1.27069146374829,1.8832
0,3342,3931,4.104939,1.228655791679138,1.9063
1,3931,3931,5.2655497,1.3398345292620866,1.8197,1714,1.2492488656696954,1.5852234220152754,1.5852234220152754,0.6033167791713976,72,115,689,31,11.340000000000002
1,3931,3931,5.104961,1.2989722646310433,1.879,1280,0.6971464646378001,1.0157777123685994,1.0161582282823938,0.6033167791713976,56,104,652,28,10.5
1,3931,3931,5.1575016,1.3123413740458014,1.8191,146,1.2720843170521718,1.4939755966279837,1.554243253355453,0.6033167791713976,68,116,701,29,11.760000000000002
1,3931,3931,5.4068027,1.3757767684478373,3.5966,696,0.30905262298163866,0.5956010621731747,0.6452689593487447,0.6033167791713976,63,104,638,29,11
0,3273,3931,4.1525016,1.26910195599022,2.0650999999999997
1,3931,3931,5.2517942,1.3363344020356234,1.8431000000000002,2,1.2477834740206228,1.2495411997109742,1.3796146521241928,0.6033167791713976,60,108,688,33,10.920000000000002
0,3820,3931,5.1145111,1.3392278345116522,1.8545
1,3931,3931,5.3148122,1.3523695165394403,1.8658,1,0.9406213354955067,0.9406213354955067,1.295341987363074,0.6033167791713976,57,104,694,32,11.340000000000002
1,3931,3931,5.2044497,1.3242874554707378,1.9684,1965,0.6496609409648391,0.8794827090636289,0.8794827090636289,0.6033167791713976,64,102,650,31,10.5
0,3820,3931,4.9686871,1.3010440167583137,1.8595000000000002
0,3820,3931,5.124721,1.3419012830583923,1.8512
0,3272,3931,4.0652557,1.2428173952919594,2.2997
0,3657,3931,4.7580158,1.3014266411378557,2.0392
0,3809,3931,5.171557,1.3580769432773108,4.3007
0,3275,3931,4.1368985,1.2635609346365304,1.8542
0,3656,3931,4.6225632,1.2647231737346103,3.2567
0,3275,3931,4.0935937,1.2503340562003664,1.8420999999999998
0,3275,3931,4.0979303,1.2516586133170433,1.8515000000000001
1,3931,3931,5.4561405,1.3883309160305344,1.9853,1093,1.001150076969302,1.250655019014862,1.250655019014862,0.6033167791713976,59,105,668,32,10.32
0,3342,3931,4.1764092,1.2500476504040707,1.8616
1,3931,3931,5.128106,1.3048615776081425,1.7882,2,0.35191747670537366,0.3637432235219821,0.637211622391364,0.6033167791713976,59,103,627,29,10.32
0,3275,3931,4.0869146,1.2482940134392182,2.1088999999999998
0,3273,3931,4.1040689,1.2542997860635694,1.8276
1,3931,3931,5.2648071,1.339645572519084,1.8107,1802,0.5625889107043229,0.6476287122237576,0.7393517652228583,0.6033167791713976,59,102,634,31,10.560000000000002
1,3931,3931,5.0946,1.2963358778625953,1.9783000000000002,1,0.5519517047376983,0.5519517047376983,0.8294683311868541,0.6033167791713976,57,100,636,29,10.080000000000002
0,3342,3931,4.1002361,1.2272481592337623,2.0008999999999997
1,3931,3931,5.3413238,1.3591154707379134,1.8435000000000001,3,0.3725992425707358,0.38051268544766376,0.9379452917749891,0.6033167791713976,60,104,641,30,10.8
0,3342,3931,4.1413348,1.2395494762047292,1.8151000000000002
0,3275,3931,3.935473,1.2020381795968234,1.9384000000000001
0,3820,3931,4.9770282,1.303228122545169,2.047
1,3931,3931,5.2176783,1.3276535114503818,1.8464,307,0.9705000675252023,1.1895416806993875,1.29931879660866,0.6033167791713976,51,91,655,31,10.5
1,3931,3931,5.1708058,1.3157266666666667,1.8516,1997,1.2441678527067288,1.5552498753922763,1.5552498753922763,0.6033167791713976,83,132,708,30,12.180000000000001
1,3931,3931,5.1968217,1.3223464885496183,1.8291,1999,0.7184554077259044,0.9551618378357846,0.9717178266459613,0.6033167791713976,55,106,638,33,10.080000000000002
1,3931,3931,5.0200773,1.277373358778626,1.8792,4,1.4484633377727594,1.5033871461904436,1.6410640018566685,0.6033167791713976,67,114,716,32,11.340000000000002
0,3817,3931,4.7988025,1.257547824947589,1.8207
0,3656,3931,4.7190812,1.2911302872777017,1.8642
0,3656,3931,4.5823412,1.2537185225718195,1.8271
0,3275,3931,3.9478723000000002,1.2058253817959683,2.0368
0,3342,3931,4.2086638,1.2597018258006585,1.8346
1,3931,3931,5.1865111,1.3197229262086514,1.8979000000000001,1518,1.3047273557296046,1.5391270181940424,1.5621972461196874,0.6033167791713976,73,126,726,34,12.180000000000001
0,3580,3931,4.6249627,1.2922499860296173,1.8505
0,3421,3931,4.9005616,1.4329127485380118,1.8105
1,3931,3931,5.7137829,1.4538887786259542,2.9646,6,0.8517725516092587,1.152676560853337,1.1839418558919985,0.6033167791713976,51,99,621,31,10.250000000000002
0,3656,3931,4.800713,1.3134645690834472,1.8941999999999999
0,3275,3931,4.2402856,1.295139156994502,1.8295
0,3820,3931,5.2631043,1.3781367635506676,1.915
0,3274,3931,4.1469246,1.2670102658111826,2.13
0,3275,3931,4.1224048,1.2591340256566892,2.0831
0,3275,3931,4.0935777,1.2503291692119731,1.8073
0,3275,3931,4.1465253,1.2665013133781309,2.5425999999999997
0,3820,3931,5.0275262,1.3164509557475776,1.877
0,3342,3931,4.1619711,1.2457261598323854,1.9039000000000001
1,3931,3931,5.2959643,1.3475736132315521,1.8167,1267,0.9504516405839861,1.3182178209969062,1.3351677227532746,0.6033167791713976,59,103,685,30,11.340000000000002
0,3804,3931,4.9170784,1.2929472521693401,1.8612
0,3821,3931,4.990691,1.306463612565445,1.8691
1,3931,3931,5.2524589,1.3365035368956741,1.9545000000000001,1924,0.9336664833643146,0.9899941284087522,1.1880737115060975,0.6033167791713976,55,104,655,34,10.5
0,3274,3931,4.0481319,1.236826122823098,1.8555
0,3656,3931,4.7355332,1.2956315184678522,1.8837000000000002
0,3275,3931,4.0559105,1.238824221136225,1.869
1,3931,3931,5.2107058,1.325879338422392,1.8841,1992,1.0124932349140119,1.326555671466534,1.326555671466534,0.6033167791713976,53,100,656,28,9.840000000000003
1,3931,3931,5.3317677,1.3566838931297711,1.8658,70,1.0980809003374448,1.2232920296663758,1.463127832452629,0.6033167791713976,87,137,765,30,13.5
1,3931,3931,5.1872259,1.3199048091603052,1.8848999999999998,7,1.394537661850581,1.3968606308215088,1.6922772673080797,0.6033167791713976,74,125,697,32,11.480000000000002
0,3656,3931,4.8253207,1.3201971819425444,3.8085
1,3931,3931,5.2960123,1.3475858269720102,1.8715,5,0.9663327108013066,0.9698666307386336,1.1951234552022798,0.6033167791713976,67,105,638,33,10.75
1,3931,3931,5.2793231,1.3433392111959286,1.8676000000000001,1,0.30463338329877215,0.30463338329877215,1.4433281674524239,0.6033167791713976,66,107,626,27,10.5
1,3931,3931,5.3109657,1.3513907633587785,2.1597,1970,0.7240745509147808,1.0762615453497408,1.0762615453497408,0.6033167791713976,50,94,676,30,10.5
1,3931,3931,5.4071244,1.3758586259541985,1.8953,180,0.03643809579435152,0.1339095679480734,0.2878759752130529,0.6033167791713976,54,102,610,33,10.8
0,3275,3931,4.3709948,1.3350625534514358,2.3556
0,3275,3931,4.4183807999999996,1.3495359804520464,1.8488
1,3931,3931,5.3677305,1.3658347328244276,1.8832,6,1.3373730296452173,1.3784294368545866,1.5894201116370483,0.6033167791713976,78,130,748,32,12.760000000000003
0,3656,3931,4.6788488,1.2801227906976744,1.9499
0,3275,3931,4.055425,1.2386759315821625,1.8607
0,3656,3931,4.6588726000000005,1.2746573461012314,1.9134
1,3931,3931,5.1621758,1.313530737913486,1.8358999999999999,1,0.9865246447935488,0.9865246447935488,1.3018321645202735,0.6033167791713976,64,111,683,31,11.18
1,3931,3931,5.2650944,1.3397186768447837,1.8712,1975,0.7929390453728465,1.0357527721180417,1.0357527721180417,0.6033167791713976,55,101,632,31,10.5
0,3342,3931,4.1738743,1.2492889254714157,1.8902999999999999
1,3931,3931,5.3441495,1.3598344783715013,1.9022,9,1.239257511864718,1.260006302705992,1.4127691991119875,0.6033167791713976,54,101,673,31,10.250000000000002
0,3820,3931,4.9983804,1.3088191673212883,1.8461
1,3931,3931,5.395131,1.3728068702290077,1.7846,1988,0.8205355578671785,1.0179167323242813,1.044207823892421,0.6033167791713976,59,105,630,35,10.080000000000002
1,3931,3931,5.2532084,1.3366942493638678,2.0199,11,0.5532995370562771,0.5569262669117886,0.8382554816312606,0.6033167791713976,72,116,637,30,10.32
0,3275,3931,4.1942378,1.2810744654856445,2.6715
0,3820,3931,5.1051645,1.3367804399057344,1.8882
1,3931,3931,5.2989045,1.3483217557251908,1.8726,1878,0.30789287105112734,0.5091581535687763,0.5091581535687763,0.6033167791713976,65,105,626,28,10.8
1,3931,3931,5.3141834,1.35220951653944,1.9475,143,0.9138048788525933,1.1218795070984922,1.156561856852514,0.6033167791713976,54,100,631,31,10.080000000000002
0,3656,3931,4.7910734,1.310827195622435,1.853
1,3931,3931,5.0316901,1.2803282697201017,2.3908,1,1.4479175294817688,1.4479175294817688,1.6850645879234794,0.6033167791713976,69,116,709,30,12.180000000000001
0,3820,3931,5.2312516,1.3697961770096885,2.0114
0,3342,3931,4.1609783,1.2454290032924273,2.2574
1,3931,3931,5.3764966,1.3680652926208652,1.8822,205,0.2935735432802548,0.392793558438814,0.5406441041547888,0.6033167791713976,62,106,626,29,10.8
0,3820,3931,4.9978011,1.3086674783974863,1.8851
1,3931,3931,5.3751561,1.3677241984732824,1.8079,18,1.040815649061813,1.2307180897318857,1.2307180897318857,0.6033167791713976,67,113,679,30,10.560000000000002
1,3931,3931,5.2819773,1.344014580152672,1.9707000000000001,1,0.943354378946184,0.943354378946184,1.294721916286171,0.6033167791713976,58,105,693,29,10.920000000000002
1,3931,3931,5.1554119,1.3118096437659033,1.8568,143,1.01939834513394,1.129112280804678,1.3318553336371017,0.6033167791713976,61,105,661,32,10.75
0,3342,3931,4.1768502,1.2501796468123316,1.8386
0,3901,3931,5.3262567,1.3657068461538462,1.8785
0,3656,3931,4.7353467,1.29558049247606,2.4331
0,3275,3931,4.0498549,1.2369746182040318,2.0036
1,3931,3931,5.4136092,1.3775087022900763,1.8700999999999999,38,1.3180516642246953,1.5054644362371932,1.6229713648747777,0.6033167791713976,72,126,713,31,11.890000000000002
0,3342,3931,4.1269766,1.2352519006285543,1.8621
0,3275,3931,4.1506537,1.2677622785583387,2.0046
1,3931,3931,5.3846787,1.370147251908397,1.9467,12,0.22483526165056733,0.24373153487871463,0.9472473249308719,0.6033167791713976,63,105,652,29,11.25
0,3820,3931,5.1672339,1.3530332285938729,1.8618000000000001
0,3807,3931,5.0252989,1.320362296374146,1.8741
0,3820,3931,5.2243129,1.3679792877716679,1.9804000000000002
0,3274,3931,4.1326957,1.2626629086465018,1.8671
1,3931,3931,5.310513,1.351275572519084,1.9207,4,0.9172119183807156,0.9694209260729975,1.224301891381904,0.6033167791713976,63,110,653,28,10.080000000000002
0,3820,3931,5.0666817,1.3267037706205813,1.9061
1,3931,3931,5.2808245,1.3437212468193382,1.9562,40,1.2743690690924145,1.2797501069294792,1.6023331673298549,0.6033167791713976,70,117,710,31,12.180000000000001
0,3342,3931,4.188242,1.2535893445076325,1.8645
1,3931,3931,5.2371143,1.3325990585241732,2.2212,1998,0.7248945395144216,0.9877858140815752,0.9877858140815752,0.6033167791713976,62,103,659,30,10.75
0,3342,3931,4.1972995,1.2563003591739001,1.8802999999999999
1,3931,3931,5.2949752,1.347321933842239,1.8696,549,1.3270474667492216,1.575791791736991,1.575791791736991,0.6033167791713976,69,118,710,31,11.070000000000002
0,3820,3931,5.4325408,1.4225034825870646,1.8684
0,3342,3931,4.1943204,1.2554086800359172,1.9716
0,3809,3931,5.1457269,1.3512938287815126,2.366
1,3931,3931,5.2990356,1.3483551145038168,1.8395,11,1.0049335893748539,1.1891370218489454,1.339844605414342,0.6033167791713976,58,104,687,32,11.480000000000002
1,3931,3931,5.4994025,1.3993390585241732,1.8647,1913,0.4270287169920288,0.5940954683841232,0.6011400300214329,0.6033167791713976,60,104,612,33,10.560000000000002
0,3806,3931,5.0632681,1.3306880683311433,2.1802
0,3342,3931,4.1684144,1.247654714157438,1.9166
0,3497,3931,4.5002573,1.2872589530892449,1.8128
0,3804,3931,5.1866931,1.363842519063897,1.8159999999999998
0,3421,3931,4.4882419,1.312351432748538,1.8328000000000002
0,3656,3931,4.8103176,1.316092366621067,1.8079999999999998
0,3807,3931,5.0583594,1.329048712559117,1.8834
0,3342,3931,4.2573228,1.2742660281352889,1.8806999999999998
0,3275,3931,4.2991729,1.3131255039706782,1.8077
0,3656,3931,4.710895,1.2888905608755128,1.845
0,3275,3931,4.0376569,1.2332489004276115,1.8272
0,3805,3931,5.1586271,1.356105967402734,1.8169
0,3275,3931,4.0650155,1.2416052229688457,1.8534000000000002
0,3275,3931,4.1370241,1.2635992974954184,1.9074
1,3931,3931,5.4631737000000005,1.3901205343511451,1.8883,20,1.048909540582243,1.1380754232060337,1.6019219052405698,0.6033167791713976,77,128,724,29,13.05
1,3931,3931,5.3797727,1.3688989058524175,1.8675,1886,1.0757723697351955,1.3558608931437666,1.3597737568423964,0.6033167791713976,64,107,660,30,10.660000000000002
1,3931,3931,5.2718386,1.3414347582697201,1.8333,25,0.8652417064404662,1.2201947079935387,1.2201947079935387,0.6033167791713976,68,110,681,28,11
1,3931,3931,5.2106867,1.3258744783715013,2.1097,1997,1.0472995533628486,1.2517068184498772,1.2517068184498772,0.6033167791713976,60,104,691,30,11.070000000000002
0,3656,3931,4.7161233,1.2903210123119013,2.0481000000000003
0,3820,3931,5.1864951,1.3580767478397486,1.9498
0,3342,3931,4.2559198,1.273846093983837,1.8580999999999999
0,3820,3931,5.0581753,1.3244763812516365,1.8468
0,3658,3931,4.8648915,1.3302957342083674,1.8925
1,3931,3931,5.2802408,1.3435727226463103,2.0418,28,1.22821730917657,1.2976527714791262,1.4939394375808488,0.6033167791713976,65,109,678,28,10.660000000000002
1,3931,3931,5.5039074,1.4004853435114504,1.8626,596,0.8337133755340257,1.1822930627890762,1.2706122998149731,0.6033167791713976,53,98,615,32,10.080000000000002
0,3342,3931,4.2197469,1.2630191260101764,1.8764
0,3656,3931,4.8432579,1.3251047606019153,2.6222
1,3931,3931,5.3033452,1.3494517048346055,2.0918,339,0.9693544113553962,1.19794675247441,1.19794675247441,0.6033167791713976,57,98,676,30,10.5
0,3820,3931,5.1337695,1.3442706205813038,1.9266999999999999
0,3658,3931,4.8091543,1.315054498222587,1.8415000000000001
0,3656,3931,4.7487522,1.2992482079343366,1.9105999999999999
0,3342,3931,4.2650964,1.2765927566596829,1.8651
0,3656,3931,4.7573505,1.3016006839945282,1.885
0,3656,3931,4.8247985,1.3200543091655266,2.2676
1,3931,3931,5.2565545,1.3375456743002545,1.8815,1950,0.8448254607091017,1.1515217648974247,1.1515217648974247,0.6033167791713976,52,98,674,30,10.920000000000002
1,3931,3931,5.2716496,1.3413866666666665,1.9396,32,0.9156132980469577,1.0789727990163633,1.2142109340370277,0.6033167791713976,47,95,629,29,10.250000000000002
1,3931,3931,5.4011119,1.3743287277353688,2.0860000000000003,86,0.40204643151531594,0.4530926384765144,0.9274958425799291,0.6033167791713976,62,105,630,28,10.75
1,3931,3931,5.3661812,1.3654405089058523,1.8808,1662,1.664034396647526,1.750446742644729,1.8041749576771078,0.6033167791713976,81,130,724,31,12.180000000000001
0,3342,3931,4.1678273,1.2474789883268482,1.868
0,3820,3931,5.1664963,1.3528400890285417,1.9277
1,3931,3931,5.4534688,1.3876510941475826,1.8425,1918,1.2624694917313688,1.49474660227683,1.49474660227683,0.6033167791713976,64,109,710,35,11.760000000000002
0,3656,3931,4.7132495,1.2895347469220246,1.8929
0,3805,3931,5.1257341,1.3474590168243954,1.9332
0,3275,3931,4.1020401,1.2529138973732439,1.8821
0,3275,3931,4.1139218,1.256543005497862,1.896
0,3275,3931,4.1839638,1.2779364080635307,1.8385
0,3656,3931,4.9005334000000005,1.3407752120383039,1.8905
0,3275,3931,4.1702861,1.2737587354917532,1.8836
1,3931,3931,6.803038,1.7310529262086514,1.9767000000000001,871,0.618204700331176,0.9362544310949543,0.9362544310949543,0.6033167791713976,61,99,650,33,10.32
0,3342,3931,4.3646565,1.306392247829991,2.4781999999999997
0,3272,3931,4.2672006,1.3045553653317028,1.9976
1,3931,3931,5.6081077,1.4269994147582696,3.4055999999999997,1163,1.2732118233373304,1.5612030379272457,1.5982894087221795,0.6033167791713976,72,120,721,29,11.480000000000002
0,3656,3931,5.2596457,1.4390275512995896,2.007
0,3275,3931,4.1479791,1.266945357361026,2.0088
0,3275,3931,4.2082404,1.2853513744654859,1.8982
0,3275,3931,4.1505831,1.2677407147220527,1.859
1,3931,3931,5.4846126,1.3955757251908398,2.1033,1009,0.5347996721027867,0.7737382467974403,0.7737382467974403,0.6033167791713976,54,99,633,26,10.250000000000002
0,3656,3931,4.8438523,1.3252673871409026,1.8738
1,3931,3931,5.3227585,1.354391475826972,1.9707000000000001,6,0.4510286266944051,0.7309793011470921,0.8608335688982479,0.6033167791713976,60,104,620,28,10.080000000000002
0,3342,3931,4.288658,1.283645016462137,1.8924
0,3275,3931,4.1622709,1.2713105986560784,1.86
0,3656,3931,4.917514,1.3454210670314637,2.0322
0,3342,3931,4.2383776,1.2685955103262496,1.9005
0,3656,3931,4.8557776,1.328530123119015,1.8664
0,3342,3931,4.2619014,1.2756364561508529,1.8679000000000001
0,3275,3931,4.1166591,1.2573790775809408,2.0542
1,3931,3931,5.3654256,1.365248244274809,2.0176,24,0.4779022273628696,0.4821480367157654,0.9131079320005069,0.6033167791713976,57,91,628,28,10.5
1,3931,3931,5.3264708,1.3553360814249364,1.8837000000000002,1,1.087332789862916,1.087332789862916,1.3628269059626974,0.6033167791713976,47,91,646,34,10.5
1,3931,3931,5.2133721,1.326557786259542,1.8612,866,0.8334564460105196,1.127420384303618,1.1438511220126821,0.6033167791713976,68,111,656,29,10.5
1,3931,3931,5.3902416,1.371562748091603,1.9111,892,0.3671434831135656,0.6529217302215633,0.6713860528742065,0.6033167791713976,65,107,653,32,10.560000000000002
1,3931,3931,5.6907596,1.4480304325699744,1.8454000000000002,620,0.8303188556513469,1.01683208574417,1.0235958705367139,0.6033167791713976,62,112,661,31,10.75
1,3931,3931,5.3992339,1.373850865139949,2.0495,1,0.8927816502111049,0.8927816502111049,1.2385317710020476,0.6033167791713976,60,103,678,32,11.18
1,3931,3931,5.3989266,1.3737726717557253,2.1187,50,0.4198337873017189,0.9281126128967085,0.9783817047829905,0.6033167791713976,60,110,656,32,11.760000000000003
0,3656,3931,4.9376106,1.3509194528043775,2.0194
0,3275,3931,4.2360062,1.293832070861332,1.8958
0,3820,3931,5.1560146,1.3500954700183292,1.8962
0,3820,3931,5.3139894,1.3914609583660642,2.0363
0,3658,3931,4.7602294,1.3016760732841126,1.8788
0,3274,3931,4.1635398,1.2720867094408799,2.0521
0,3275,3931,4.2423385,1.2957661881490532,2.0425
0,3820,3931,5.4745446,1.433502120974077,1.8569
1,3931,3931,5.3331116,1.3570258524173027,1.9035,1285,0.6708267316447993,0.97453530081342,0.97453530081342,0.6033167791713976,53,95,639,31,9.840000000000003
0,3275,3931,4.2772051,1.3064157299938912,2.1015
0,3656,3931,4.7177544000000005,1.2907672777017787,1.8565
0,3656,3931,4.7635986,1.3033101504787963,2.2098
0,3275,3931,4.0775846,1.2454442883323151,1.9357
0,3275,3931,4.2317516,1.2925325595601709,1.9929999999999999
0,3820,3931,5.4100026,1.4166018853102909,1.9316
0,3275,3931,4.171061,1.273995418448381,1.8422
0,3656,3931,4.8878573,1.3373070588235296,1.9062000000000001
1,3931,3931,5.4196959,1.3790574809160305,1.8165,164,0.9354422952251105,1.26060920339455,1.2698540748948584,0.6033167791713976,69,111,704,31,11.760000000000002
1,3931,3931,5.4501182,1.3867985241730283,1.914,199,0.5435843298189986,0.7589712518132159,0.7589712518132159,0.6033167791713976,64,108,619,28,10.080000000000002
0,3273,3931,4.2402801,1.2959291259168704,1.9813999999999998
1,3931,3931,5.5026496,1.400165292620865,1.8853,4,0.5828836463909197,0.6556384578240699,0.8640860517299488,0.6033167791713976,69,116,683,32,11.520000000000003
0,3272,3931,4.246987,1.298375726077652,1.8806
1,3931,3931,5.4690571,1.391617582697201,1.9291,115,0.3611033532992171,0.3704499379519477,0.7806393006248313,0.6033167791713976,56,99,646,30,10.080000000000002
0,3275,3931,4.1376441,1.263788668295663,1.9647000000000001
0,3275,3931,4.1076343,1.254622571777642,1.9875
1,3931,3931,5.324111,1.3547356234096692,1.9028,1999,0.9578341307402034,1.28530846062623,1.28530846062623,0.6033167791713976,48,98,685,32,9.840000000000003
0,3271,3931,4.3198910999999995,1.321067614678899,2.1071000000000004
1,3931,3931,5.3990663,1.3738082188295166,1.9108,1948,0.8502636116924673,1.2288033440049335,1.2288033440049335,0.6033167791713976,65,111,678,33,10.920000000000002
1,3931,3931,5.4722545,1.3924311704834607,1.8613,1999,0.656224687982757,0.8808763085920559,0.8816380500705995,0.6033167791713976,53,102,644,32,10.75
1,3931,3931,5.4443962,1.3853425445292622,1.9575,1754,0.9747153511305595,1.1749942649302785,1.235853251354227,0.6033167791713976,49,93,648,30,10.5
0,3275,3931,4.238852,1.2947012828344533,1.8744
0,3903,3931,5.3764009999999995,1.3778577652485904,1.8636
0,3271,3931,4.1733049,1.2762400305810397,1.8155999999999999
1,3931,3931,5.3631116,1.3646594402035623,1.9243000000000001,235,0.37016393011099613,0.790321959592371,0.8545635729798546,0.6033167791713976,59,100,623,30,10.080000000000002
0,3656,3931,4.8476373,1.326302954856361,2.0215
0,3273,3931,4.1899463,1.280545935207824,2.0137
0,3656,3931,4.8161976,1.317701121751026,1.8891
1,3931,3931,5.5484891,1.4118292875318068,1.8674,1862,0.6576582926939611,0.9186514759967095,0.9186514759967095,0.6033167791713976,58,104,645,32,9.840000000000003
0,3275,3931,4.3158232,1.318211117898595,1.9829
0,3273,3931,4.2460996,1.2977077017114913,1.8920000000000001
0,3820,3931,5.2557897,1.3762214454045563,1.9001000000000001
0,3342,3931,4.2790855,1.28077985633044,1.9514
0,3820,3931,5.3460879,1.3998659073055773,1.7931
0,3656,3931,4.7489412,1.2992999179206568,1.9028
0,3342,3931,4.2532990999999996,1.27306168811733,2.1911
0,3805,3931,5.0413932,1.3252873817034698,1.9597
0,3275,3931,4.3320034,1.3231531459987782,1.8523999999999998
0,3275,3931,4.2056668,1.2845653023824068,1.9502
1,3931,3931,5.2238124,1.329214351145038,1.981,628,1.1695717431674209,1.5234259719556165,1.5234259719556165,0.6033167791713976,63,110,695,31,11.890000000000002
0,3820,3931,5.2041499,1.362699633411888,2.4003
0,3809,3931,5.214255,1.3692896533613443,1.8886
0,3656,3931,4.9604551,1.357169658002736,3.5994
0,3275,3931,4.2407235,1.295272907758094,1.8612
0,3895,3931,5.5112822999999995,1.4153267334360555,1.8933000000000002
0,3820,3931,5.2943224,1.3863111809374182,1.9479
0,3820,3931,5.3179411,1.3924957056821157,1.8802
0,3275,3931,4.2526067,1.2989024740378743,1.8468
0,3807,3931,5.2903076,1.3899914871255912,2.5363
0,3275,3931,4.3702701,1.3348412034208919,1.9223000000000001
0,3275,3931,4.2942812,1.3116313989004278,1.878
0,3656,3931,4.8061669,1.3149567441860466,1.8692
0,3272,3931,4.1927759,1.2818024763069396,2.1790999999999996
0,3820,3931,5.0747999,1.3288295103430217,1.8493
0,3272,3931,4.2645077,1.3037321002751452,1.9415
0,3656,3931,5.0159274,1.372346757865937,1.9526000000000001
0,3820,3931,5.2819784,1.383078921183556,1.833
0,3656,3931,4.7567288,1.3014305882352941,1.8772000000000002
0,3656,3931,5.0764618,1.3889088372093024,1.8573000000000002
0,3820,3931,5.2600643,1.3773407436501701,1.8509
0,3817,3931,5.4210405,1.4206080974842767,2.1813000000000002
0,3820,3931,5.4222013,1.419796098455093,1.9015
0,3820,3931,5.2808814,1.382791673212883,2.3215000000000003
0,3275,3931,4.1616856,1.271131826511912,1.8845
0,3275,3931,4.1183238,1.2578875381795969,1.887
0,3656,3931,5.0071734,1.369951682626539,2.0005
0,3656,3931,5.0688967,1.3868390424076609,1.788
0,3275,3931,4.3346984,1.3239762981062917,1.8272
1,3931,3931,5.5885534,1.4220237659033081,1.8928,1999,0.8691783513647435,1.0609330460555157,1.1026608990067206,0.6033167791713976,58,106,630,31,9.840000000000003
0,3809,3931,5.3487631,1.4046121586134455,1.9987
0,3805,3931,5.1442378,1.3523232912723449,2.7346
0,3820,3931,5.1946425,1.3602101335428123,1.9907000000000001
0,3342,3931,4.3140176,1.2912354384914695,1.831
1,3931,3931,5.2048633,1.3243926972010178,1.877,2,1.1407241557410355,1.1810836210359847,1.450055800142163,0.6033167791713976,57,106,677,27,11.070000000000002
1,3931,3931,5.3759919,1.3679368702290076,2.0833000000000004,1567,1.1477453127593207,1.4080560802661406,1.4080560802661406,0.6033167791713976,78,122,701,31,12.040000000000001
1,3931,3931,5.3437813,1.3597407888040711,1.8789,1,1.3773451273761943,1.3773451273761943,1.7352314150143906,0.6033167791713976,64,114,688,30,11.200000000000001
0,3809,3931,5.2977478,1.3912152836134455,1.8852
0,3812,3931,5.0946825,1.3368361322487536,2.0374999999999996
0,3811,3931,5.2961674,1.3900701837270342,1.8018999999999998
0,3820,3931,5.2442806,1.373207803089814,2.4869
1,3931,3931,5.3942734,1.3725886513994912,1.9127,98,0.9158980533207615,0.9888985609874197,1.2023973130251349,0.6033167791713976,53,97,654,30,10.250000000000002
0,3820,3931,5.3672427,1.4054052631578948,2.1457
1,3931,3931,5.5140316,1.4030614758269722,1.8979000000000001,1999,0.6498724458991246,0.8749750605081814,0.8749750605081814,0.6033167791713976,67,106,641,30,10.75
0,3275,3931,4.1984768,1.2823692119731214,1.8859000000000001
1,3931,3931,5.4177513,1.378562671755725,1.8642999999999998,492,0.2347548235570381,0.5633734993515493,0.5633734993515493,0.6033167791713976,57,103,609,26,10.080000000000002
1,3931,3931,5.5160059,1.4035638422391858,2.9444,201,1.321178239714646,1.4971928717007774,1.4973072551394697,0.6033167791713976,74,126,704,33,11.070000000000002
0,3820,3931,5.0729502,1.3283451688923802,1.8425
0,3421,3931,4.4567852,1.3031535672514618,1.9932999999999998
0,3421,3931,5.1267364,1.4990457309941523,1.8661999999999999
0,3804,3931,5.5770791,1.466494635813831,2.3232
1,3931,3931,5.5636325,1.4156825699745545,1.8866,1,0.8036059781215462,0.8036059781215462,1.1701411443979477,0.6033167791713976,57,104,648,28,10.5
0,3273,3931,4.5094905,1.378206143031785,1.835
1,3931,3931,5.6010815,1.4252115776081427,2.1435,22,1.494377517196923,1.5532884850585282,1.712327429997792,0.6033167791713976,69,119,702,30,11.480000000000002
0,3656,3931,4.865571,1.3312095759233926,1.9411999999999998
1,3931,3931,5.3327275,1.356928117048346,1.9339,1966,0.874974850801173,1.0934736507481277,1.0957634497387274,0.6033167791713976,51,97,648,31,10.75
0,3656,3931,4.9530233,1.3551363337893296,2.0707999999999998
0,3820,3931,5.2152752,1.3656127782141922,1.8676000000000001
0,3809,3931,5.4193289,1.423143093487395,1.9807000000000001
1,3931,3931,5.5738769999999995,1.418289312977099,1.8656,1741,0.8958579150998693,1.1268465057813373,1.184828499303216,0.6033167791713976,52,96,613,31,9.600000000000001
0,3342,3931,4.4428055,1.329783148757857,1.8731
1,3931,3931,5.7028711,1.4511122391857507,1.9381,257,0.9962298105112313,1.1309353902322072,1.3217052408372498,0.6033167791713976,66,113,682,33,12.25
0,3275,3931,4.399271,1.343699144777031,1.8975000000000002
1,3931,3931,5.4848045,1.3956245547073791,1.8909,1291,1.0416855895945971,1.1706684405309278,1.3314125944373536,0.6033167791713976,70,119,698,31,11.480000000000002
1,3931,3931,5.4921477,1.3974930534351147,2.5833000000000004,934,1.307298720084602,1.5599884079828041,1.5616556154300523,0.6033167791713976,83,137,700,29,11.480000000000002
1,3931,3931,5.4883372999999995,1.3965234860050888,1.8439999999999999,1411,1.2567216570921034,1.5879676154671636,1.6335839106275776,0.6033167791713976,78,123,704,30,11.480000000000002
0,3275,3931,4.2259471,1.290759651802077,2.1219
0,3342,3931,4.3535365,1.3030639030230469,1.9174
1,3931,3931,5.5658314,1.4162420865139949,2.0101,1999,0.8765910163289224,1.1739210867832226,1.1739210867832226,0.6033167791713976,53,93,630,29,9.840000000000003
0,3271,3931,4.3118499,1.3186085321100918,1.8888
0,3898,3931,5.617491,1.4414911470361818,2.3977999999999997
0,3820,3931,5.4114122,1.416970987169416,1.8596000000000001
0,3806,3931,5.2765889,1.3867513534822602,2.5528999999999997
0,3273,3931,4.273761,1.306161674816626,1.9937000000000002
1,3931,3931,5.6337295,1.4335189567430027,1.8764999999999998,306,1.0115661996122935,1.0418623810223726,1.2634665346709286,0.6033167791713976,59,106,675,33,10.920000000000002
0,3810,3931,5.4106592,1.4204933578367023,1.8607
0,3657,3931,5.0979744,1.3944131291028448,1.8745
0,3275,3931,4.2617949,1.3017088882101404,1.911
0,3275,3931,4.3162716,1.3183480757483201,2.157
0,3275,3931,4.2286499,1.2915851863164323,1.8565999999999998
0,3275,3931,4.3649208999999995,1.3332073610262674,1.8203
1,3931,3931,5.4558856,1.3882660559796438,1.8342,2,0.7505526975938306,0.9720727735799292,1.0657098585567821,0.6033167791713976,66,111,667,28,10.920000000000002
1,3931,3931,5.5316154,1.4075357251908396,1.8721,27,1.6026218076395438,1.7419469398990854,1.8576276390138238,0.6033167791713976,80,131,710,32,11.890000000000002
1,3931,3931,5.8055807999999995,1.4772470229007633,1.9201000000000001,39,1.7202419666928142,1.8438693312533896,1.9417593818292338,0.6033167791713976,99,150,778,31,15.360000000000003
1,3931,3931,5.6627835,1.4409118320610685,2.0490999999999997,63,0.3012964566024658,0.6311733667321308,0.6344596356595397,0.6033167791713976,56,94,647,32,10.920000000000002
0,3656,3931,4.8091203,1.3157647879616963,1.9762
1,3931,3931,5.507108,1.4012997455470737,1.9105,1704,0.2476820575313934,1.0957656090574033,1.0957656090574033,0.6033167791713976,62,101,630,29,10.32
0,3820,3931,5.5361726,1.4496393296674523,1.8745999999999998
0,3810,3931,5.3065847,1.3931700446311368,1.9144999999999999
1,3931,3931,5.5506357,1.412375496183206,1.9294,1987,0.3287000332443974,0.6489178153650782,0.6589235633934893,0.6033167791713976,60,103,636,29,10.75
0,3412,3931,4.4377301,1.3010055995309293,1.8706
0,3656,3931,4.8845604,1.3364050341997262,1.8821
0,3275,3931,4.2361652,1.2938806353084913,1.9020000000000001
0,3656,3931,4.8468478,1.3260869493844047,1.9058
0,3656,3931,5.0060959,1.369656880984952,1.8235000000000001
1,3931,3931,5.4735566,1.3927624936386769,1.9353,1926,0.8597948891779824,0.9220860361130994,1.023006945161951,0.6033167791713976,54,102,627,31,9.840000000000003
0,3497,3931,4.600401,1.315904176201373,2.0810999999999997
1,3931,3931,5.6832806,1.4461273791348601,1.9564000000000001,1797,0.8966095909830418,1.2169846388091805,1.226612212461411,0.6033167791713976,57,100,661,30,10.250000000000002
0,3275,3931,4.3071279,1.315555253512523,1.9495
0,3820,3931,5.3756717,1.407612385441215,1.8195999999999999
0,3275,3931,4.2424286,1.2957937080024435,2.1294
0,3275,3931,4.2779444,1.306641539401344,1.9327
0,3275,3931,4.2393101,1.2948412034208918,1.9037
0,3275,3931,4.2571716,1.3002967623701895,3.0322
0,3342,3931,4.3576443000000005,1.3042934151451664,1.9173
1,3931,3931,5.3104890000000005,1.351269465648855,1.9198,55,1.0692452897874556,1.084810144448742,1.3054378423009947,0.6033167791713976,64,109,642,30,10.5
0,3820,3931,5.755001,1.5069392511128568,2.0641000000000003
1,3931,3931,5.6612503,1.4405217048346055,1.8637000000000001,1744,0.3240520805514502,0.5333477898319794,0.5333477898319794,0.6033167791713976,61,106,630,30,10.560000000000002
0,3902,3931,5.3875139,1.3810597026403486,1.8411
0,3342,3931,4.3947854,1.3154101765938342,1.8780999999999999
0,3820,3931,5.3977559,1.4133951034302175,1.8793
0,3421,3931,4.6192425,1.350655701754386,1.899
0,3820,3931,5.5372772999999995,1.4499285938727415,1.8259
0,3820,3931,5.416621,1.4183349044252422,2.1093
1,3931,3931,5.3611715,1.364165776081425,1.9430999999999998,1,0.5549378493353825,0.5549378493353825,0.8525382307672597,0.6033167791713976,75,117,647,26,11.18
0,3342,3931,4.3701199,1.3080275067345106,1.8796
0,3421,3931,4.6706384,1.3656837426900583,2.0541
1,3931,3931,5.5994527,1.4247971246819338,1.9138,1,0.1305077078531393,0.1305077078531393,0.7088764824812386,0.6033167791713976,65,112,639,29,10.560000000000002
0,3275,3931,4.4847465,1.3698065058032989,1.8725
0,3811,3931,5.3375384,1.400928713910761,1.9564000000000001
0,3275,3931,4.2586652,1.3007529627367136,1.9976
1,3931,3931,5.8128658,1.4791007124681932,2.2482,19,0.446898108845464,0.675769619450682,0.7919162772211654,0.6033167791713976,61,109,651,32,11.500000000000002
0,3820,3931,5.3242792,1.3941553286200576,1.9439
1,3931,3931,5.704086,1.4514213740458015,1.9229,31,0.3576208742728367,0.950057236468738,0.950057236468738,0.6033167791713976,57,103,637,28,10.5
1,3931,3931,5.6027084,1.4256255470737915,1.9300000000000002,36,0.3205070234060013,0.6188114628969532,0.6474854355569346,0.6033167791713976,58,101,636,29,10.080000000000002
0,3820,3931,5.2842982,1.383686357685258,2.0828
0,3656,3931,4.9396061,1.351465417236662,1.9136
1,3931,3931,5.5106482,1.4022005597964378,1.8724,1103,0.8420620335664204,1.1634298266732523,1.1634298266732523,0.6033167791713976,54,96,634,28,10.080000000000002
0,3656,3931,4.9681284,1.3592690560875513,1.9266999999999999
0,3275,3931,4.4259571,1.3518500610873547,1.9265
1,3931,3931,5.5047187,1.4006917811704833,2.3508999999999998,1892,1.2177862438954306,1.5620240639634462,1.5620240639634462,0.6033167791713976,79,129,699,30,12.180000000000001
0,3820,3931,5.3505744,1.40104069128044,1.8885
0,3806,3931,5.3495565,1.4059281208935612,1.9834000000000003
0,3656,3931,4.8137347,1.3170272777017784,1.9718000000000002
0,3821,3931,5.2112446,1.3642001570680629,1.8860000000000001
0,3810,3931,5.5218506000000005,1.449685114203203,1.9851999999999999
0,3272,3931,4.3823506,1.3397586670742891,1.9827
0,3805,3931,5.394133,1.41801603575184,1.9768
0,3275,3931,4.2177455,1.2882545815516189,1.9116
0,3275,3931,4.3140102,1.3176573610262678,2.2995
0,3820,3931,5.3118576,1.3909027494108404,1.8763
0,3275,3931,4.2653377,1.3027909896151497,2.1447
0,3342,3931,4.4203836,1.323072014366956,1.8572
0,3275,3931,4.3362632,1.324454245571167,1.8924
0,3656,3931,4.9796785,1.3624291381668947,2.2612
0,3810,3931,5.4327457,1.4262918613809397,1.8229
1,3931,3931,5.5021547,1.4000393638676845,1.8919,1997,0.8829754475470558,1.0558420643004227,1.0676144966389673,0.6033167791713976,56,104,659,34,10.250000000000002
0,3275,3931,4.3601545,1.3317515271838731,1.8727
0,3342,3931,4.4744751,1.3392622268781804,1.9092
0,3275,3931,4.3704174,1.3348861942577888,2.0018000000000002
0,3275,3931,4.4065339,1.345917501527184,1.8612
1,3931,3931,5.6476461,1.4370600763358778,2.0239,1896,0.9484558510384519,1.2656785826989752,1.2656785826989752,0.6033167791713976,59,99,638,32,10.5
0,3820,3931,5.2849854,1.3838663000785547,2.0517
1,3931,3931,5.5348064,1.4083476844783713,1.9276,229,1.0548707141835973,1.1863985125309695,1.3049702969006625,0.6033167791713976,72,121,676,31,11.070000000000002
0,3421,3931,4.7221325,1.3807404970760233,1.8737000000000001
0,3656,3931,4.7882865,1.310064705882353,1.9102
0,3656,3931,5.0019309,1.368517346101231,1.8936
0,3807,3931,5.3574321,1.4076279821334734,1.8893
0,3805,3931,5.3103304,1.395985909568875,1.9358000000000002
0,3406,3931,4.6810239,1.3747500440528633,2.0628
1,3931,3931,5.7487593,1.4627886259541985,2.1673,4,1.203545346399014,1.2040731729319591,1.4957469821123583,0.6033167791713976,71,117,720,30,12.47
0,3804,3931,5.3724847,1.412696476465948,2.0511
1,3931,3931,5.5559533,1.413728575063613,2.2679,5,0.9629341890881933,0.9714917371086494,1.1824522770197856,0.6033167791713976,57,99,619,31,10.5
0,3342,3931,4.3286664,1.2956199940137683,2.1064
0,3820,3931,5.4098395,1.4165591777952344,1.8675
0,3658,3931,4.9595533,1.356180831282472,1.8709
0,3342,3931,4.4076072,1.3192478898533375,2.1132
0,3820,3931,5.440659,1.4246292223095052,1.9705
0,3656,3931,5.3613298,1.4668480984952121,1.9718000000000002
1,3931,3931,6.4007003000000005,1.628676921119593,2.2575999999999996,495,0.2097227984206402,0.47495603255916125,0.5245541254767982,0.6033167791713976,61,106,626,31,10.560000000000002
1,3931,3931,5.7508644,1.4633242748091604,1.9501,1989,0.2544949940699054,0.48727093390055415,0.49228434900624213,0.6033167791713976,62,107,636,29,11.25
1,3931,3931,5.8285358,1.483087989821883,1.8319,1,0.6453818818964693,0.6453818818964693,0.8376001761458949,0.6033167791713976,63,105,657,27,10.080000000000002
1,3931,3931,5.7025141,1.4510213994910943,1.8556,2,1.1454337372283374,1.1528614849263852,1.377075693641046,0.6033167791713976,54,99,658,29,9.840000000000003
0,3656,3931,4.9978472,1.3674000547195624,2.4217
0,3275,3931,4.2980498,1.3127824679291389,1.8728
0,3656,3931,4.8388746000000005,1.3239054993160055,1.8497999999999999
0,3656,3931,4.9408684,1.351810779753762,2.9019
0,3820,3931,5.6118101,1.4694449070437285,1.9256
1,3931,3931,5.8287174,1.4831341984732826,2.0856999999999997,279,0.21788427677255387,0.4357173044589736,0.4536108563704549,0.6033167791713976,62,109,640,28,10.8
1,3931,3931,5.6123717,1.4280844020356234,2.4311,46,0.39561442416601605,0.611769240127968,0.6291109266929082,0.6033167791713976,67,110,652,29,11.500000000000002
1,3931,3931,5.7557032,1.4645555216284987,1.8806999999999998,59,0.9931645705846307,1.1548750772680305,1.3005053623427216,0.6033167791713976,54,98,639,31,10.5
0,3275,3931,4.3655724,1.3334063530849114,1.8622
0,3275,3931,4.3840822,1.3390599266951742,1.9176
1,3931,3931,5.4728952,1.3925941984732824,2.235,75,0.5084414034388635,0.5602640122703253,0.7555446579194167,0.6033167791713976,54,98,631,31,10.920000000000002
1,3931,3931,5.6943141,1.4489348854961832,1.9687,1464,0.481439168916337,0.8174527292216754,0.8208225378028803,0.6033167791713976,61,97,645,31,10.5
0,3271,3931,4.4217738,1.352224403669725,2.0699
0,3275,3931,4.3594951,1.33155012217471,1.9278
1,3931,3931,5.7713757999999995,1.4685434605597965,4.3128,1667,1.112369780140193,1.4621181320792063,1.4634055493101141,0.6033167791713976,68,112,698,30,11.760000000000002
0,3656,3931,5.0608548,1.3846387961696307,1.9603
0,3275,3931,4.345724,1.3273439218081855,1.8557000000000001
0,3809,3931,5.3653155,1.4089589023109246,2.0186
1,3931,3931,5.6220592,1.4305494147582696,1.8921000000000001,1997,1.3160705526686194,1.6156714797229033,1.6504070073783106,0.6033167791713976,81,126,706,31,11.340000000000002
0,3820,3931,5.4335914,1.422778580780309,2.0775
0,3656,3931,5.0641514,1.3855407387140901,2.1087
0,3497,3931,4.7378176,1.3552109839816933,1.9758000000000002
0,3656,3931,5.0283096,1.3757345006839947,1.954
0,3821,3931,5.4786975,1.434214005235602,1.9096
0,3656,3931,5.0709969,1.3874136525307799,2.2122
1,3931,3931,5.4863699,1.3960228753180661,1.9451,1998,0.7935866923641988,1.0833380640126709,1.0833380640126709,0.6033167791713976,60,108,638,30,10.080000000000002
0,3272,3931,4.276973,1.3075429532253133,1.9585000000000001
1,3931,3931,5.7082338,1.4524767938931298,1.9378,1989,0.761136594078804,1.2459207921812268,1.2831707145611797,0.6033167791713976,71,119,655,30,11.500000000000002
0,3820,3931,5.5389002000000005,1.4503535480492276,1.891
1,3931,3931,5.5938175,1.423363231552163,1.9081000000000001,1,1.0415526269512478,1.0415526269512478,1.3130350089324765,0.6033167791713976,69,114,670,33,11.070000000000002
0,3656,3931,4.9820183,1.3630693023255813,1.9213
0,3581,3931,4.9856576,1.392641787709497,1.8958
1,3931,3931,5.5841403,1.4209008396946565,2.0173,1994,0.7925732628139075,1.0089566574738444,1.0256579403855033,0.6033167791713976,52,105,632,32,10.080000000000002
1,3931,3931,5.727172,1.4572956743002545,1.8996,1904,1.0106102032542288,1.2413672943445107,1.2413672943445107,0.6033167791713976,57,105,672,29,10.5
0,3268,3931,4.2962707,1.3150507193143557,1.9368
0,3656,3931,5.0453073,1.3803850341997266,1.8396000000000001
1,3931,3931,5.7291413,1.4577967684478372,1.9014,650,1.5306048051318992,1.6053038084878235,1.6875357738841303,0.6033167791713976,83,131,716,30,12.180000000000001
0,3342,3931,4.4863113,1.3428049386411252,1.869
1,3931,3931,5.7267208,1.4571808651399492,1.9079,3,0.48857072086041936,0.502051716513961,0.7350606053517255,0.6033167791713976,63,109,645,28,10.8
0,3275,3931,4.4387773,1.3557658216249235,1.9126
0,3275,3931,4.4096525,1.346870036652413,1.9708999999999999
1,3931,3931,5.5596494,1.4146690585241728,2.5484999999999998,644,1.2623453998945176,1.5629368563605712,1.6029534211116214,0.6033167791713976,65,111,691,29,11.480000000000002
0,3274,3931,4.4249674,1.3519607088298196,2.0868
0,3820,3931,5.6522349,1.4800300864100548,1.8349
1,3931,3931,5.7553301999999995,1.4644606106870228,1.8539999999999999,1600,0.42516444155482297,0.6292296546634518,0.6292296546634518,0.6033167791713976,62,105,615,31,10.560000000000002
0,3820,3931,5.5194998,1.4452735794710658,1.9044
0,3658,3931,5.5564605,1.5194040196882692,1.8806999999999998
0,3656,3931,5.1832362,1.418122079343365,1.9784999999999997
0,3275,3931,4.3231681,1.320454520464264,1.9374
1,3931,3931,5.7886087,1.4729284223918575,1.9143999999999999,1944,0.5175413277329881,0.729033028530473,0.7293528080825374,0.6033167791713976,59,106,653,30,10.8
1,3931,3931,5.7293897000000005,1.4578599745547076,1.9616,330,0.5699357442453744,0.6814002205584343,0.7963045558419413,0.6033167791713976,61,103,647,34,11
1,3931,3931,5.3973689,1.37337631043257,1.9704000000000002,161,1.2669130921578124,1.4415275343816094,1.494016589275144,0.6033167791713976,79,122,702,29,12.040000000000001
0,3820,3931,5.3472734,1.4001763288819062,3.1037
1,3931,3931,5.8884066,1.4983222900763358,1.9185,425,1.4593006536674982,1.6050190324673859,1.612259096607613,0.6033167791713976,77,126,713,31,12.600000000000001
0,3816,3931,5.4326396,1.424020865006553,2.0705
1,3931,3931,5.5532692,1.4130455979643766,1.9200000000000002,760,1.366759277379348,1.411528479827614,1.6060784834107324,0.6033167791713976,66,112,712,29,11.890000000000002
0,3275,3931,4.452061,1.3598231521075137,1.9245
0,3806,3931,5.2883644,1.389846097240473,1.8611
0,3342,3931,4.5195437,1.3527517809039211,2.006
0,3656,3931,4.9411401,1.35188511627907,1.9388999999999998
0,3275,3931,4.3217949,1.3200350946854003,1.8997
0,3275,3931,4.331897,1.323120647525962,2.0189
0,3820,3931,5.3868498,1.4105393558523174,1.9964000000000002
1,3931,3931,5.8148585,1.4796077608142493,1.911,4,0.6186699096203664,0.7312970536731979,0.9786320555735502,0.6033167791713976,58,105,657,32,10.8
1,3931,3931,5.8164314,1.4800079898218828,1.8683,1872,0.17382870237672954,0.6667693334903751,0.6667693334903751,0.6033167791713976,56,105,626,28,10.32
0,3820,3931,5.4704788,1.432437496726892,1.9197000000000002
0,3820,3931,5.7160539,1.496741005498822,1.9511
0,3421,3931,4.9528656,1.4482063157894738,3.0508
0,3580,3931,5.0804433,1.4195147527242247,2.002
0,3820,3931,5.4560802,1.4286672427336997,2.1086
0,3656,3931,5.0752855,1.3885870041039672,1.9476
1,3931,3931,5.7094059,1.452775038167939,1.9242000000000001,1980,0.8843361139634067,1.1956815684968147,1.1956815684968147,0.6033167791713976,64,106,662,33,10.5
0,3275,3931,4.3451576,1.3271709224190593,1.9142000000000001
0,3656,3931,5.1636855,1.4127730506155949,2.0817
0,3275,3931,4.4719299,1.3658918448381185,2.1611
1,3931,3931,5.6105125000000005,1.4276113231552165,1.9304000000000001,191,1.0515380647152177,1.1437871528319872,1.2884747264286442,0.6033167791713976,57,103,638,28,10.5
0,3656,3931,5.1075752,1.3974213953488372,2.0776000000000003
0,3895,3931,5.8452418999999995,1.5010893425783256,1.9688
0,3810,3931,5.5434982,1.455368390653715,1.8735
1,3931,3931,5.7186993,1.4551397709923666,1.9664000000000001,1998,1.0162875711858474,1.2503109233320797,1.2503109233320797,0.6033167791713976,49,99,655,34,9.840000000000003
0,3273,3931,4.3738229,1.3367429400977995,2.1313
0,3805,3931,5.4102175,1.4222443480546791,2.3004000000000002
1,3931,3931,5.6692617,1.4425602290076336,1.9205999999999999,1901,0.9186268357252148,1.2212712258787164,1.2408260687881454,0.6033167791713976,67,114,673,29,10.660000000000002
0,3807,3931,5.5787422,1.465775669994745,2.0837999999999997
0,3656,3931,5.4223465,1.4835421340629273,1.943
1,3931,3931,5.7975615000000005,1.4752064885496186,1.9721,1,0.3990095558428916,0.3990095558428916,0.8792195956685589,0.6033167791713976,59,100,646,27,10.080000000000002
1,3931,3931,5.8667099,1.4928015012722646,2.3936,1711,0.9526199014181064,1.300393275725986,1.3006503024698646,0.6033167791713976,55,104,689,31,11.480000000000002
0,3342,3931,4.5134058,1.3509146363364264,1.9575999999999998
1,3931,3931,5.8882227,1.498275496183206,1.8774,1590,0.5997540957245532,0.7321535468836201,0.7637973619588911,0.6033167791713976,59,108,647,29,10.560000000000002
0,3656,3931,5.2352305,1.4323476060191518,1.955
1,3931,3931,5.9350628,1.510194096692112,4.3171,1959,1.313178493591182,1.4913821586704366,1.4961886494389467,0.6033167791713976,68,114,684,31,11.61
1,3931,3931,5.8019669,1.476327455470738,2.3274,1948,1.1924537021894142,1.5050045807459913,1.5050045807459913,0.6033167791713976,74,126,709,31,11.200000000000001
1,3931,3931,6.0245442,1.532962900763359,1.9516,1156,0.23774426430981765,0.4871968251157736,0.5141952850633968,0.6033167791713976,66,113,639,30,11.040000000000003
0,3656,3931,5.3041191,1.4511953761969905,1.9754999999999998
1,3931,3931,5.9276288,1.5083024936386766,1.9009999999999998,1704,1.1678359998974268,1.4539978430862186,1.4539978430862186,0.6033167791713976,75,119,711,33,12.180000000000001
0,3275,3931,4.4492443999999995,1.3589628588882101,1.9751
1,3931,3931,5.9212211,1.5066720356234098,1.9139000000000002,985,0.993533349211442,1.2347381527215298,1.2347381527215298,0.6033167791713976,48,90,645,34,10.5
0,3342,3931,4.6158002,1.3815624663274468,1.9773999999999998
1,3931,3931,5.8945868,1.4998948600508906,2.39,1985,0.09103030339352572,0.6552651707999273,0.6552651707999273,0.6033167791713976,59,109,620,27,11.040000000000003
0,3275,3931,4.4241849,1.3513087660354308,2.1357
1,3931,3931,5.6604276,1.4403123664122137,1.9263,1117,0.9078857184253275,1.2110980322328302,1.2202586172878005,0.6033167791713976,57,101,640,31,10.080000000000002
0,3820,3931,5.5168496000000005,1.444579628174915,1.8991
0,3275,3931,4.4723207,1.3660112095296275,1.8928
1,3931,3931,5.7222339,1.4560391603053435,1.9118,220,0.8251946239537676,1.226902023983489,1.226902023983489,0.6033167791713976,55,101,657,29,10.250000000000002
1,3931,3931,5.6957836,1.449308804071247,1.9922,908,0.5305632836718115,0.7580067294273526,0.7724970995181485,0.6033167791713976,59,104,657,32,10.32
0,3275,3931,4.4454301,1.3577978313989005,1.9217
0,3342,3931,4.4924022,1.3446280155642023,2.2496
1,3931,3931,6.0824764,1.5477039185750634,1.9016,1999,1.2442509571482365,1.451079320599042,1.4526099685941973,0.6033167791713976,75,122,702,33,12.320000000000002
0,3820,3931,5.4174240000000005,1.4185451688923805,2.161
0,3275,3931,4.4002131,1.3439868967623703,1.8962
1,3931,3931,7.3863934,1.8794894147582697,2.0292,55,0.23943805939907992,0.5160606807494947,0.578359993416623,0.6033167791713976,54,99,612,33,10.560000000000002
1,3931,3931,6.5845033,1.6754461323155214,1.9353,1999,0.6454196847174097,0.8693533627925318,0.8693533627925318,0.6033167791713976,63,104,650,33,10.5
0,3342,3931,4.6695431,1.3976483388207124,2.4491
1,3931,3931,6.1951502,1.576374096692112,2.2634,168,0.4969406716940432,0.5546329488944637,0.7037721692676807,0.6033167791713976,57,100,621,32,10.560000000000002
0,3342,3931,4.6076538,1.3791241544447768,2.0585999999999998
0,3275,3931,4.5015984,1.3749536957849724,1.9862
0,3274,3931,4.4675548,1.3649724411854567,2.3568000000000002
0,3820,3931,5.6624589,1.4827072270227808,1.9233
0,3342,3931,4.661982,1.395385214007782,2.5368
1,3931,3931,5.9475821,1.5133796692111958,2.2115,9,0.651801257172055,0.679505683193512,0.9144334006413614,0.6033167791713976,64,113,654,32,11.040000000000003
0,3809,3931,5.545524,1.45628256302521,2.0252
1,3931,3931,5.8600483,1.4911064376590328,1.9063999999999999,1156,0.8808082293290427,1.168184914978341,1.197425377434553,0.6033167791713976,60,106,668,35,10.5
0,3656,3931,5.1516196,1.4094718467852256,1.9468
0,3820,3931,5.6026105,1.4670360041895785,1.8824
1,3931,3931,5.8515298,1.4889388804071244,1.9816999999999998,1999,1.2905851107823791,1.6003861604957355,1.6080053316311207,0.6033167791713976,89,143,715,32,12.760000000000003
1,3931,3931,5.7853805000000005,1.4721069974554708,2.0583,1,0.9229593173341295,0.9229593173341295,1.2064523955230102,0.6033167791713976,68,110,664,31,10.920000000000002
0,3275,3931,4.5214585,1.381019700671961,2.0166
1,3931,3931,5.8497329,1.4884816539440204,2.1334,751,0.8718846410204089,1.2014560561517147,1.241615845152554,0.6033167791713976,56,98,616,33,10.080000000000002
0,3811,3931,5.7278946,1.503384409448819,1.9314
1,3931,3931,6.1809778,1.5727678880407123,1.9082999999999999,261,1.2225679720779454,1.558717993310034,1.558717993310034,0.6033167791713976,61,112,685,29,10.8
0,3275,3931,4.7479693,1.4502044288332316,1.9422000000000001
1,3931,3931,6.0249151,1.5330572773536897,1.8867,1997,1.2575037059291536,1.4725070588855875,1.4746411692206984,0.6033167791713976,64,112,686,29,11.760000000000002
0,3342,3931,4.5271785,1.3550369649805447,1.9488
0,3656,3931,5.0922477,1.3932278248974008,2.0481000000000003
0,3656,3931,5.2591394000000005,1.4388890287277702,1.9121
1,3931,3931,5.8524917,1.4891836386768447,1.9606,32,1.128344131454018,1.4456437630771106,1.4615973328946918,0.6033167791713976,73,121,712,29,11.340000000000002
0,3275,3931,4.5091217,1.3772515882712277,2.097
1,3931,3931,5.92608,1.507908396946565,2.0244999999999997,930,0.7128803229159888,0.78812708395543,0.9105952907261408,0.6033167791713976,60,111,639,28,11.500000000000002
0,3342,3931,4.6122978,1.380514157437893,1.9198
1,3931,3931,5.7820858,1.471268651399491,2.0831,2,0.3552617710317514,0.3810453705298428,0.6406115497772185,0.6033167791713976,63,102,627,31,10.250000000000002
0,3275,3931,4.5149737,1.3790390042761147,1.896
1,3931,3931,5.6352601,1.4339084223918577,2.2996000000000003,6,1.3813483676723293,1.4820707095126262,1.5951420861207741,0.6033167791713976,75,119,703,30,11.760000000000002
0,3275,3931,4.5752353,1.3974451130116068,1.8705
0,3342,3931,4.4463098,1.3308320263394193,2.083
0,3656,3931,5.2382382,1.4331705061559508,1.9446999999999999
1,3931,3931,5.9179558,1.5058411704834604,2.1113,1278,0.6482299026180651,1.5305654355915477,1.532536072850184,0.6033167791713976,57,101,653,31,10.32
0,3656,3931,5.1538397,1.4100792612859097,1.9751
0,3342,3931,4.5429092,1.3597453457048787,2.0171
0,3656,3931,5.194317,1.4211537619699042,1.9975
0,3275,3931,4.5483087,1.3892207391569944,1.9407999999999999
0,3656,3931,5.0178572,1.3728747469220244,1.8962
0,3271,3931,4.3888869,1.3421672477064222,1.8977
0,3820,3931,5.8650801,1.5357633150039278,2.0836
1,3931,3931,5.7395618,1.4604482951653943,1.9405,1980,0.2597642486625656,0.5733058244233045,0.5733058244233045,0.6033167791713976,61,103,640,28,10.080000000000002
0,3820,3931,5.6644524,1.4832292223095052,2.004
0,3656,3931,5.3342772,1.4594465663474692,1.9642000000000002
0,3342,3931,4.6800467999999995,1.4007922178988323,4.2479
0,3656,3931,5.2597373,1.4390526128590972,1.8523999999999998
0,3275,3931,4.6976393,1.4348317959682346,2.0471
0,3806,3931,5.7130547,1.5014598423127463,2.0091
1,3931,3931,5.8305712,1.4836059033078879,2.5425,821,0.8212318258783405,1.1946947359645592,1.1946947359645592,0.6033167791713976,68,114,695,27,11.880000000000003
0,3656,3931,5.2978088,1.4494688919288647,2.0040999999999998
0,3421,3931,4.818214,1.4088345029239766,1.8837000000000002
0,3342,3931,4.7323264,1.41644010775217,1.9154
1,3931,3931,5.9854382,1.5230122646310431,2.0745,1381,0.9026627625676124,1.2244239306213396,1.258486932731356,0.6033167791713976,62,110,665,28,10.920000000000002
1,3931,3931,5.8865815999999995,1.497857913486005,1.9134,398,1.620673150149166,1.688873532937836,1.7676842752840967,0.6033167791713976,78,132,698,31,12.3
0,3342,3931,4.6523556,1.392503920981742,2.4246
0,3902,3931,5.9962324,1.5371013586259934,2.0810999999999997
0,3275,3931,4.5531591,1.3907022296884544,2.4701
1,3931,3931,5.8774542,1.4955354198473283,2.0088,1,0.8554229859407785,0.8554229859407785,1.1139610025059967,0.6033167791713976,63,107,652,30,10.5
1,3931,3931,5.6862775,1.4468899491094147,1.943,339,1.2259858403488646,1.3734117266120625,1.4995761214517995,0.6033167791713976,61,110,677,30,10.660000000000002
0,3658,3931,5.3021224,1.4498557287394038,1.9272
1,3931,3931,6.013712,1.5302066157760814,1.9264,1383,0.9148549506009054,1.2332615519625165,1.2546168161350324,0.6033167791713976,73,115,686,31,11.340000000000002
0,3275,3931,4.5985054,1.404552657299939,2.061
0,3820,3931,5.6689785,1.484414375490966,1.9355
1,3931,3931,5.8649132,1.4923443256997455,1.918,8,0.9782186777655234,1.0750360933216696,1.2283122372547857,0.6033167791713976,55,100,626,33,10.32
0,3820,3931,5.6901036000000005,1.4899459544383347,1.9796000000000002
0,3815,3931,5.6481164,1.4808905086523334,1.9091
0,3275,3931,4.432725,1.3539172266340866,2.0827
0,3275,3931,4.4951055,1.3729705253512525,1.9169
0,3820,3931,5.7122131,1.4957352971982194,1.8715
0,3656,3931,5.3220304,1.4560958686730505,1.9092
0,3274,3931,4.6179947,1.4109363580812708,2.3045999999999998
1,3931,3931,5.9575897,1.5159261323155215,2.4252000000000002,1975,0.8179456015737616,1.153901867193484,1.153901867193484,0.6033167791713976,58,104,676,29,10.5
0,3272,3931,4.4652225,1.3650940079486398,1.9446999999999999
1,3931,3931,5.7078962,1.4523908905852418,1.9054,1332,0.6797289994994072,0.9319285685434651,0.9512641157824618,0.6033167791713976,70,112,657,28,10.75
1,3931,3931,5.8981052,1.500790127226463,1.9062000000000001,27,0.6516047776465881,0.8088001186860081,0.8183977039509113,0.6033167791713976,69,116,645,31,11.500000000000002
0,3820,3931,5.7790284,1.5132307934014138,1.9435
0,3820,3931,5.4711202,1.4326054464519506,4.24
1,3931,3931,5.7972456999999995,1.4751261323155216,1.9146,21,0.6783266211002997,1.0124835538433652,1.0132912393124607,0.6033167791713976,55,100,654,31,9.840000000000003
0,3275,3931,4.6064093,1.4069667990226025,1.9497
1,3931,3931,5.9170587999999995,1.5056129262086513,1.9236,1998,1.5832412530565079,1.8133796306291625,1.8191043317359157,0.6033167791713976,83,130,734,34,11.760000000000002
0,3656,3931,5.0775976,1.3892195896032833,1.9465000000000001
1,3931,3931,5.9223044,1.5069476844783716,1.9184,1855,0.1870501187008389,0.5632269979580444,0.5632269979580444,0.6033167791713976,61,102,636,29,10.32
0,3275,3931,4.5594645,1.3926281307269395,1.9591999999999998
0,3820,3931,5.6911219,1.4902125949201361,1.9773
1,3931,3931,5.9614676,1.516912875318066,1.9746,117,0.5630746287620814,0.8813741979941719,0.8813741979941719,0.6033167791713976,59,113,657,30,11.040000000000003
0,3820,3931,5.6778392,1.4867345378371302,1.9453999999999998
0,3901,3931,5.8375149,1.4967986923076924,1.9559
0,3342,3931,4.6629328,1.3956697994612393,2.0712
0,3275,3931,4.6210264,1.4114313989004275,1.9908000000000001
0,3656,3931,5.1938922,1.4210375376196989,2.2575
1,3931,3931,5.8490721,1.4883135114503818,2.1207000000000003,46,0.956302797687559,1.1475185252733375,1.285393232716238,0.6033167791713976,55,99,646,31,10.32
1,3931,3931,5.8460207,1.4875370737913487,2.8311,1999,0.37212175486634586,0.6475407570311751,0.6475407570311751,0.6033167791713976,59,102,630,31,9.840000000000003
0,3273,3931,4.5268262,1.383504339853301,1.9278
0,3275,3931,4.6662878,1.4252558949297496,2.7337
1,3931,3931,6.2436467,1.58871417302799,1.9697999999999998,135,1.0741276933114314,1.3302723468595437,1.3676187151390322,0.6033167791713976,64,106,637,34,10.75
0,3820,3931,5.8681784,1.5365746006808065,1.9513
0,3274,3931,4.6361286,1.4164768102658112,1.9505
1,3931,3931,6.1405617,1.562483893129771,1.8997,1992,1.0990672966959156,1.527758124137158,1.527758124137158,0.6033167791713976,62,105,704,32,11.340000000000002
0,3270,3931,4.676016,1.4304117467115325,1.9201000000000001
0,3275,3931,4.5617174,1.3933162492364082,2.1435999999999997
0,3820,3931,5.5254687,1.4468365278868816,2.1524
1,3931,3931,5.9359956,1.5104314503816794,1.9001000000000001,22,0.30084594904135603,0.4391897819133592,0.7143207348469668,0.6033167791713976,54,96,633,31,10.5
0,3656,3931,5.3002261,1.4501302599179207,1.9378
0,3275,3931,4.591303,1.4023527794746486,2.0547
0,3820,3931,5.7206171,1.4979358732652528,2.0282999999999998
0,3808,3931,5.7147885,1.501126477541371,2.2249000000000003
0,3820,3931,5.5551503,1.4546086148206336,2.1401
0,3275,3931,4.5842312,1.4001927916921195,1.9261
1,3931,3931,6.0516276,1.5398543511450382,1.8948,5,0.394786248662821,0.4890655691570243,0.9373499947290115,0.6033167791713976,61,99,634,31,10.5
0,3818,3931,6.0306651,1.5799489389572963,2.0434
1,3931,3931,7.2333652,1.8405509414758268,1.9265,1981,1.0948409088736408,1.3050315174974885,1.3050315174974885,0.6033167791713976,72,116,695,32,11
0,3275,3931,4.837497,1.4775494807574834,3.4366000000000003
1,3931,3931,6.5583115,1.66878155216285,1.9424,969,1.1900349388778007,1.4769365543515751,1.543446275976855,0.6033167791713976,64,114,691,30,11.18
0,3820,3931,6.028894,1.5786577638125163,1.9547
0,3656,3931,5.296142,1.4490128590971272,2.1965
1,3931,3931,5.9915878,1.524577048346056,1.9322,1,0.9247447534285155,0.9247447534285155,1.2634961838680971,0.6033167791713976,60,100,649,34,10.5
0,3656,3931,5.3008214,1.4502931326949384,4.117100000000001
1,3931,3931,6.0075819,1.5286467938931299,1.9842000000000002,1047,0.7708324588864676,1.0365450367518718,1.0365450367518718,0.6033167791713976,66,110,656,27,10.5
0,3342,3931,4.8558491,1.4534118826698594,3.4777
0,3421,3931,5.0231443,1.4687556432748539,2.0508
0,3421,3931,4.9322321,1.4421731286549708,1.9638
0,3275,3931,4.5973045,1.4041858582773366,2.038
0,3275,3931,4.6440659,1.41846850946854,1.9591
0,3804,3931,5.66673,1.4900683670786223,1.9296
0,3820,3931,5.5863698,1.4627833987954963,2.2853
0,3342,3931,4.60964,1.379718647111643,1.9815000000000003
0,3275,3931,4.5707611,1.3960785277947467,2.1733
0,3821,3931,5.6087314,1.4682542931937173,1.9938
0,3275,3931,4.5103635,1.3776308796579109,1.9361000000000002
0,3656,3931,5.2765361,1.443648727770178,2.1782
1,3931,3931,5.9052241,1.5026015521628497,2.0165,1,1.1249540296829947,1.1249540296829947,1.5676818021219174,0.6033167791713976,63,104,708,30,11.760000000000002
1,3931,3931,5.8846912,1.4973768956743003,1.9523,1372,0.3775830971350899,0.866242358919081,0.866242358919081,0.6033167791713976,56,95,630,28,9.840000000000003
0,3342,3931,4.7618635000000005,1.425280903920982,2.0431
0,3809,3931,5.8107863,1.5259417804621849,2.0140000000000002
0,3656,3931,5.3445285,1.4622512995896033,1.9924000000000002
0,3275,3931,4.7125346,1.4393813683567502,2.1578
0,3901,3931,6.0816,1.5593846153846151,2.8492
0,3656,3931,5.2937711,1.4483641860465115,2.5105
1,3931,3931,6.2368489,1.5869844529262087,1.9319000000000002,772,0.6762237811505282,0.9730098138680369,1.0031073896805311,0.6033167791713976,55,101,632,33,10.75
0,3820,3931,5.8226254,1.5246466090599633,1.9204999999999999
1,3931,3931,5.9041875,1.502337786259542,2.0225999999999997,1787,1.308433253728706,1.628501186139626,1.628501186139626,0.6033167791713976,68,118,702,30,11.340000000000002
0,3656,3931,5.5975767,1.5314847332421342,1.9967000000000001
0,3342,3931,4.7723809,1.428428883567794,1.9841
0,3820,3931,5.6140376,1.4700281749148991,1.9880000000000002
0,3805,3931,5.6237292,1.4783725552050473,2.1123000000000003
0,3275,3931,4.5913828,1.402377153329261,2.1987
0,3656,3931,5.4777954,1.4987128317373462,2.016
0,3820,3931,5.8905718,1.5424382822728462,2.4419
0,3656,3931,5.4682797,1.4961093570451436,2.0184
0,3342,3931,4.7288112,1.415387967674349,3.9486
0,3342,3931,4.7750061,1.4292146363364262,2.0917000000000003
0,3820,3931,5.9504833999999995,1.558126053940822,2.2478
1,3931,3931,6.1915062,1.5754468702290076,1.9813,7,0.43115390717238866,0.433740590275208,0.8896032752627677,0.6033167791713976,57,102,623,28,10.080000000000002
0,3656,3931,5.4064808,1.4792013132694937,2.0476
1,3931,3931,6.0846653,1.548260890585242,1.9224999999999999,1,0.7922795953714932,0.7922795953714932,1.0483880154054812,0.6033167791713976,55,101,677,31,11.340000000000002
0,3820,3931,5.7907609,1.5163029327048967,1.9257
1,3931,3931,6.1244411,1.5583819592875319,2.1527,874,0.4847475188387696,0.7581514631738185,0.7581514631738185,0.6033167791713976,65,106,660,30,11.500000000000002
0,3275,3931,4.7140653,1.4398489004276114,1.9472
1,3931,3931,6.12147,1.5576259541984734,1.8725,1382,0.0963450907291138,0.3261385856678316,0.3261385856678316,0.6033167791713976,66,106,622,31,11.040000000000003
0,3275,3931,4.6004657,1.4051514050091631,1.9042
1,3931,3931,6.0110541,1.5295303053435114,2.0106,1182,0.027221632845227245,0.36938728908274343,0.36938728908274343,0.6033167791713976,50,92,605,27,10.080000000000002
0,3810,3931,5.8916364,1.5467672354948807,1.9016
0,3820,3931,6.0407682,1.5817670070699135,1.9673999999999998
0,3342,3931,4.6784434,1.4003123017060761,1.9118
0,3275,3931,4.5225531,1.3813540317654245,1.9559999999999997
1,3931,3931,5.9540534,1.51502631043257,1.9391,342,0.6721584757727952,0.956186536646618,1.0019118842677444,0.6033167791713976,50,95,615,29,10.080000000000002
0,3342,3931,4.7043416,1.4080639329542055,1.9986000000000002
0,3820,3931,5.4659637,1.431255223880597,1.9589999999999999
0,3820,3931,5.8192143,1.5237534171249016,2.0342
0,3820,3931,5.8959466,1.5438456664048181,2.1946000000000003
0,3275,3931,4.637627,1.4165018326206475,1.9623000000000002
0,3275,3931,4.7974474,1.4653168601099573,2.0544000000000002
0,3275,3931,4.8087397,1.4687659437996334,1.9009
0,3342,3931,4.7700496,1.427731098473511,1.9117
0,3271,3931,4.7639255,1.4568579510703366,1.896
0,3275,3931,4.7400629,1.4477895235186315,2.0062
0,3820,3931,5.868964,1.5367803089814087,1.9713
0,3656,3931,5.4761986,1.498275950752394,1.9767000000000001
0,3656,3931,5.5756972000000005,1.5254985499316007,2.287
0,3342,3931,4.7573995,1.4239447770128706,2.2043000000000004
0,3270,3931,4.6784993,1.431171397981034,1.9665
0,3342,3931,4.7780253,1.4301183178689016,2.0868
0,3820,3931,5.839962,1.5291861743912019,1.9670999999999998
0,3275,3931,4.8947889,1.4950485339034818,1.9276
0,3656,3931,5.3205234,1.4556835567715458,1.9848000000000001
0,3342,3931,4.8373471,1.4478740197545645,2.4633
0,3658,3931,5.5593463,1.5201931364506425,2.3327
1,3931,3931,5.9186167,1.506009338422392,2.2368,339,0.9093947596240322,1.1928769001934856,1.208847129577955,0.6033167791713976,48,94,639,34,10.5
1,3931,3931,6.075787,1.5460017811704836,1.9384000000000001,1996,1.089957777073992,1.4330737295512417,1.4330737295512417,0.6033167791713976,76,121,711,33,12.040000000000001
0,3342,3931,4.7580945,1.4241527985633045,2.4008
0,3581,3931,5.5869294,1.5605948044692737,2.0372
1,3931,3931,5.9277367,1.5083299491094146,1.9863,87,0.9450806907129573,1.0151288890348111,1.2652100096171877,0.6033167791713976,54,97,651,31,10.5
0,3342,3931,4.8859553,1.4624230170607602,1.9361000000000002
0,3656,3931,5.3305017,1.4584135978112174,2.1053
1,3931,3931,6.2919661,1.601009185750636,2.0608,1709,0.42043400576559836,0.7855397312412389,0.7977244200101815,0.6033167791713976,63,108,666,30,11.280000000000003
0,3342,3931,4.6858622,1.4025328344806942,2.2476000000000003
0,3656,3931,5.6323618,1.5410018604651161,2.0542
1,3931,3931,6.1062342,1.5537491603053435,2.0355,1988,0.3974152089728848,0.7264604444510646,0.7264604444510646,0.6033167791713976,62,98,654,28,10.660000000000002
0,3275,3931,4.8295416,1.4751196090409284,1.9708999999999999
0,3273,3931,4.69866,1.436020782396088,1.9681
0,3656,3931,5.4999113,1.5047636935704514,1.9365
1,3931,3931,5.8676999,1.4930534096692112,1.951,166,0.9873425420962041,1.3347199682697428,1.3347199682697428,0.6033167791713976,60,104,708,29,11.760000000000002
0,3656,3931,5.4060006,1.4790699316005471,1.9476
0,3656,3931,5.5448775999999995,1.5170663748290014,1.9743
1,3931,3931,6.0812203,1.547384300254453,2.4130000000000003,1999,1.0923934957933081,1.3128830159078844,1.3128830159078844,0.6033167791713976,49,91,668,33,10.250000000000002
1,3931,3931,6.148612,1.5645323155216284,2.4394,106,1.3790454658947338,1.650898161941898,1.7366190398220693,0.6033167791713976,75,124,700,32,11.480000000000002
0,3275,3931,4.6680664,1.425799144777031,2.0524
0,3656,3931,5.8425497,1.5985088098495213,1.9070999999999998
0,3901,3931,6.1128023,1.5673852051282051,1.9526000000000001
1,3931,3931,6.0496165,1.53934262086514,1.9662,192,0.9324659198537295,1.1168190127485296,1.2567406471464189,0.6033167791713976,51,92,653,30,10.5
1,3931,3931,6.0718296,1.5449948091603054,2.1048,1995,0.21537016028481815,0.5069751304939232,0.5143098380745974,0.6033167791713976,61,99,642,29,10.250000000000002
0,3820,3931,6.1183309,1.6020766954700183,2.0164
0,3275,3931,4.7720167,1.4575493891264508,2.0100000000000002
0,3656,3931,5.477534,1.498641313269494,2.2081
1,3931,3931,5.948542,1.5136239185750635,1.9634,241,0.9070566125255395,1.181116488316787,1.2457050303410684,0.6033167791713976,54,98,602,30,9.600000000000001
1,3931,3931,6.0584494,1.5415901781170482,2.0512,1749,0.3248972157235915,0.717898707311923,0.717898707311923,0.6033167791713976,68,110,637,26,10.32
0,3275,3931,4.6732296,1.4273761759315822,2.0317
1,3931,3931,6.0742171,1.5456023155216285,1.9537,295,0.34965371977862375,0.5249917423555683,0.5862450272074248,0.6033167791713976,55,99,652,29,11.25
1,3931,3931,5.9681102,1.5186031043256998,3.9208999999999996,206,0.8080708261370689,0.9945874737715594,1.1547053668666885,0.6033167791713976,57,102,674,30,10.920000000000002
0,3342,3931,4.7238161,1.4138928763843162,3.0473000000000003
0,3820,3931,6.8821739,1.802087954962032,1.9456
0,3270,3931,4.9912572,1.526845273784032,2.0008
0,3275,3931,4.9413998,1.50928521686011,1.9224
0,3656,3931,5.4667267,1.4956844596443228,2.0836
1,3931,3931,6.2510017,1.5905856743002544,1.9645000000000001,3,0.8295124936427364,0.8368255777353366,1.0413292923818387,0.6033167791713976,72,118,673,30,11.75
0,3342,3931,4.8400514999999995,1.4486834780005986,1.9599000000000002
1,3931,3931,5.9644436,1.5176701272264632,2.0222,28,1.314609375831322,1.3938970304443696,1.6145935232542499,0.6033167791713976,70,115,692,30,11.070000000000002
0,3820,3931,5.940575,1.5555315527625033,1.9143000000000001
1,3931,3931,5.9536147,1.5149146819338422,4.3276,62,1.0269526164063467,1.362615600686163,1.362615600686163,0.6033167791713976,57,97,660,31,10.5
1,3931,3931,6.053457,1.5403198473282442,1.8953,862,0.6605588344794256,0.830084197528308,0.9670984629987751,0.6033167791713976,67,115,686,31,12.000000000000002
1,3931,3931,6.0111148,1.529545750636132,2.4805,4,0.34389853946428256,0.36965823163757855,0.8745714410056482,0.6033167791713976,55,102,640,30,10.5
0,3275,3931,4.785311,1.4616099572388515,2.1308
1,3931,3931,6.2260284,1.5842311450381676,1.9956,1880,1.0325419012009978,1.3506077347325474,1.3632653612591517,0.6033167791713976,70,120,689,30,10.660000000000002
0,3342,3931,4.8712037,1.4580076923076923,2.0159000000000002
0,3811,3931,6.1504486,1.6142909711286089,1.9434
1,3931,3931,6.3862157,1.624991272264631,2.0063,2,1.3837307800096639,1.3838015641191803,1.6000024899939667,0.6033167791713976,67,117,709,32,12.180000000000001
1,3931,3931,6.5742836,1.6728456997455472,1.9697999999999998,1205,0.5003128639819007,0.5490293989885766,0.5904781726987691,0.6033167791713976,61,106,657,31,10.8
0,3275,3931,4.8161557,1.4710310629199757,2.0243
1,3931,3931,6.4652793,1.6451092366412214,1.9919,1984,0.43744559021720364,0.6220686335591663,0.6220686335591663,0.6033167791713976,63,105,638,33,10.560000000000002
1,3931,3931,6.2272309,1.584537124681934,2.0358,915,0.32890580149820847,0.7020209686136919,0.7020209686136919,0.6033167791713976,59,103,640,28,10.080000000000002
0,3656,3931,5.5273755,1.5122778385772915,1.9802000000000002
1,3931,3931,6.1682043,1.5695176335877863,2.6239000000000003,1917,0.9560238186749169,1.219824571769576,1.219824571769576,0.6033167791713976,59,103,633,34,10.080000000000002
0,3820,3931,6.1015129,1.5976729248494372,1.9789
1,3931,3931,6.3243864,1.6092586259541983,1.9937000000000002,1223,1.1250992486499938,1.189016486709154,1.267343290728291,0.6033167791713976,67,110,666,28,10.920000000000002
0,3275,3931,4.8043510000000005,1.4674254734270007,1.9387
0,3342,3931,4.9340485,1.4768178689015266,2.1220000000000003
0,3275,3931,4.8862702,1.492446609651802,2.0063
1,3931,3931,6.4433431,1.6395275063613233,2.0217,1994,0.7309882064863178,0.9113108903357311,0.9216993802135035,0.6033167791713976,67,108,664,33,11.700000000000001
0,3820,3931,6.0280535,1.5784376800209479,2.3284
0,3656,3931,5.6555864,1.5473560601915186,2.2222
0,3581,3931,5.5311661,1.545018463687151,1.9207
1,3931,3931,5.8327904,1.4841705852417304,2.0227,1,1.256357427160993,1.256357427160993,1.5135682300855051,0.6033167791713976,60,105,700,30,12.180000000000001
0,3810,3931,6.0410198,1.5859857705434497,2.0417
0,3342,3931,5.0267403,1.5045615983238552,2.0625999999999998
1,3931,3931,6.2531889,1.5911422137404578,2.3571999999999997,66,0.5311572501955466,0.9025762132309899,0.9025762132309899,0.6033167791713976,54,95,650,31,10.250000000000002
1,3931,3931,5.7975931,1.4752145292620866,2.0744000000000002,107,1.2339023762494015,1.254375811064651,1.4855880339330563,0.6033167791713976,60,108,677,28,11.070000000000002
1,3931,3931,6.1291197,1.5595724427480917,2.2117999999999998,1,0.8328978045434349,0.8328978045434349,1.243570819855631,0.6033167791713976,61,106,652,29,10.75
1,3931,3931,6.1645804,1.5685955216284986,1.9488999999999999,44,0.2214446642493131,0.3576737221971403,0.7306764956959901,0.6033167791713976,56,98,634,30,10.32
1,3931,3931,6.0687361,1.5442076590330789,2.0824,1,0.8624604750316005,0.8624604750316005,1.2317285057157654,0.6033167791713976,52,97,663,29,9.600000000000001
0,3656,3931,5.4433571,1.4892905882352943,1.885
0,3656,3931,5.5791914,1.5264545554035567,1.9903
0,3581,3931,5.5850354,1.560065754189944,2.1351
1,3931,3931,6.5490347,1.6664210432569975,1.9212,287,0.844884152443016,1.092389625267728,1.155491434087391,0.6033167791713976,65,109,657,28,10.4
0,3342,3931,5.0071442,1.498696258605208,1.9926000000000001
0,3656,3931,5.6059277,1.5337695485636114,1.9224999999999999
1,3931,3931,5.9449604,1.5127125699745547,1.9458,1998,0.9091934604160037,1.140984741715241,1.140984741715241,0.6033167791713976,55,106,678,28,10.5
0,3656,3931,5.6894605,1.5566239398084816,2.0273000000000003
0,3656,3931,5.8905204,1.6116334883720929,2.2247999999999997
1,3931,3931,6.3140773,1.6066354452926208,1.9233,2,0.9086328303725079,0.9125648770051705,1.1877719473965476,0.6033167791713976,60,103,666,30,10.660000000000002
0,3820,3931,6.0772085,1.5913088504844202,1.9613
1,3931,3931,6.2507501,1.5905216539440203,1.9518,1629,0.29018707810929667,0.5337567648349607,0.5337567648349607,0.6033167791713976,54,100,627,28,10.5
0,3810,3931,6.1850503,1.6237989761092153,1.9577000000000002
1,3931,3931,6.1126482,1.5553812213740457,1.9979,4,1.3236863746684022,1.3636016876195212,1.6074975453674678,0.6033167791713976,73,126,704,30,11.480000000000002
0,3820,3931,6.8122747,1.78378494370254,2.2359
0,3273,3931,4.8591249,1.485062622249389,2.729
0,3342,3931,4.906376,1.4685351691110446,2.2991
0,3342,3931,5.0083495,1.4990570188566295,1.9824
1,3931,3931,6.1879905,1.5745522900763358,2.0451,1,0.2785068893270053,0.2785068893270053,0.6075626377399067,0.6033167791713976,60,101,613,29,10.5
1,3931,3931,6.4294721,1.635997989821883,2.1077,4,0.7319572730592698,0.7320988285148361,1.3382292322676554,0.6033167791713976,63,106,660,29,10.5
1,3931,3931,6.1954825,1.5764586513994912,2.4279,412,0.7983663424804192,1.1345018040805381,1.1487549343849934,0.6033167791713976,55,101,690,27,11.340000000000002
1,3931,3931,6.3018437,1.6035225699745548,1.9729,7,1.154935203787073,1.2566066570404593,1.4171932464191397,0.6033167791713976,62,104,698,34,11.340000000000002
0,3656,3931,5.490288,1.5021307797537617,2.4623000000000004
0,3656,3931,5.821263,1.5926848153214774,1.9689
1,3931,3931,6.555256,1.6680040712468194,2.0829,1,0.3772484684808722,0.3772484684808722,0.905418403513214,0.6033167791713976,53,99,640,30,10.5
0,3342,3931,5.0496196,1.5114096378329842,2.0154
1,3931,3931,6.362445,1.618942748091603,1.9806,649,0.22940076825233227,0.4489574108485446,0.5072419487520615,0.6033167791713976,53,98,634,30,11
1,3931,3931,6.8563929,1.7446292366412215,2.0113000000000003,17,0.37885185910070823,0.4233083164587888,0.7075245412137028,0.6033167791713976,59,107,644,29,10.8
0,3656,3931,5.9187224,1.6193494938440491,2.605
0,3275,3931,4.8530605,1.482303145998778,3.9817000000000005
1,3931,3931,6.5688493999999995,1.6714629516539439,2.0211,1807,0.28467742906747207,0.5087652417916939,0.5342600704646228,0.6033167791713976,63,106,642,31,10.8
0,3656,3931,5.6365952,1.5421601094391246,1.9615000000000002
0,3342,3931,5.0167095,1.501559263693505,2.0551
0,3581,3931,5.6031679,1.5651306983240223,2.0846
0,3342,3931,5.0328675,1.506395540257408,2.0262000000000002
1,3931,3931,6.12621,1.5588320610687023,2.0463999999999998,1996,1.0475394931635864,1.263085282463989,1.263085282463989,0.6033167791713976,70,114,663,30,10.920000000000002
0,3275,3931,4.7851266,1.4615536346976175,1.9751
0,3820,3931,5.9222041,1.5507211573710395,2.2551
1,3931,3931,6.3082063,1.6051415521628498,2.0709,2,0.5058270796264462,0.5094360728882044,0.774134527323566,0.6033167791713976,57,101,630,29,10.080000000000002
1,3931,3931,6.168159,1.5695061068702292,2.0222,1,0.8753790917121581,0.8753790917121581,1.1286943838385441,0.6033167791713976,50,96,619,31,10.32
0,3821,3931,5.9657171,1.5617060471204187,2.0054
0,3275,3931,4.9424692,1.509611850946854,1.9759
0,3805,3931,6.0838342,1.5993254994742376,2.5136999999999996
1,3931,3931,6.100149,1.5522007633587787,2.0381,61,1.070611180691373,1.1776107959580513,1.2811622097068651,0.6033167791713976,66,110,641,29,10.75
1,3931,3931,6.2648965,1.5941212468193384,2.0170000000000003,616,0.34575512527777824,0.6027489178773389,0.604135381131296,0.6033167791713976,63,105,640,30,10.75
0,3810,3931,5.9699884,1.5673374639012865,1.9999000000000002
1,3931,3931,6.4087923,1.6307359541984734,2.2226,647,0.7191543549065921,1.0663342567296985,1.0663342567296985,0.6033167791713976,55,101,646,34,10.080000000000002
0,3656,3931,5.6941013,1.5578936525307798,1.9960999999999998
0,3820,3931,6.0741235,1.5905010473946057,2.0336
0,3274,3931,4.9045005,1.4984725022914758,1.9442000000000002
0,3275,3931,4.8994614,1.496475687232743,2.0145
0,3656,3931,5.727639,1.5670694938440493,1.9876
0,3275,3931,5.0200108,1.5332959071472205,1.9989000000000001
0,3275,3931,5.0090113,1.5299362553451437,2.2075
1,3931,3931,6.4548922,1.6424662086513993,2.0705,3,0.6638019107071624,0.8723641828211738,0.9096750064317032,0.6033167791713976,50,99,633,28,10.080000000000002
0,3806,3931,6.2149864,1.6333735611038107,1.9597999999999998
0,3275,3931,4.8436485000000005,1.4794283750763593,4.2547
0,3342,3931,5.0534279,1.5125495061358873,1.9792
1,3931,3931,6.451394,1.6415760814249363,2.0259,105,1.234675177305929,1.3534471901600151,1.4495085149094247,0.6033167791713976,61,106,687,31,10.920000000000002
0,3275,3931,4.8057282,1.4678461209529625,2.3148999999999997
0,3820,3931,5.9937115,1.5694452736318407,2.0295
1,3931,3931,6.3977287,1.6279207888040712,2.0081,20,0.5642720039066358,0.5939387968460046,0.8308426553604685,0.6033167791713976,64,103,607,30,10.080000000000002
0,3658,3931,5.8057666999999995,1.587576346732294,1.9154
0,3820,3931,6.1836328,1.6191759099240637,1.9866
0,3656,3931,5.8005744,1.587024459644323,1.9719
0,3275,3931,6.6864957,2.0423016799022604,2.1687999999999996
0,3656,3931,6.0079355,1.6437580027359782,2.5837
0,3656,3931,6.2163432,1.7007778932968538,1.9938999999999998
0,3342,3931,5.7773418,1.7292253217599522,2.0415
0,3275,3931,5.2118069,1.5918774893097127,2.019
0,3275,3931,5.1058607,1.5595176237018937,1.9704000000000002
0,3656,3931,5.6868381,1.5559064569083447,2.0457
0,3275,3931,5.0037492,1.5283290164935857,1.9675
0,3656,3931,5.7861943,1.583090095759234,1.9212
1,3931,3931,6.518362,1.6586162849872774,1.9786000000000001,851,0.5125822203036444,0.8158842358903512,0.8158842358903512,0.6033167791713976,63,108,661,31,11.040000000000003
0,3407,3931,5.2943617,1.554422108044627,1.9678
1,3931,3931,6.5270129,1.6608175318066156,3.9372000000000003,19,1.3723546574215133,1.598332375294414,1.6131239547226728,0.6033167791713976,69,118,729,32,11.480000000000002
1,3931,3931,6.4793228,1.6486826463104325,2.0725000000000002,1191,0.2745547489019614,0.7559168185944176,0.7601424398942819,0.6033167791713976,65,107,622,30,10.8
0,3272,3931,4.931176,1.5075438703760315,2.0435000000000003
0,3342,3931,5.0786221,1.5200904220293323,2.2495000000000003
0,3275,3931,4.8484742,1.4809023213194867,2.0414
0,3275,3931,5.0250261,1.53482776420281,2.0518
0,3656,3931,5.8684809,1.6056035294117645,2.0311
1,3931,3931,6.9073065,1.7575843511450382,2.0549,1,0.2830849181651719,0.2830849181651719,0.8390292601742634,0.6033167791713976,52,100,653,29,10.32
0,3275,3931,4.9811086,1.5214137446548563,2.0385
1,3931,3931,6.5250116,1.6603082951653945,2.2043000000000004,1849,1.0326294172669384,1.3488599754374286,1.356366084733689,0.6033167791713976,63,107,709,32,11.760000000000002
0,3656,3931,5.7544525,1.5744056087551301,2.2172
0,3656,3931,5.8709798,1.6062872229822163,2.0275
0,3342,3931,5.0728437,1.5183608799760553,2.0423
0,3270,3931,5.0084802,1.5321138574487612,2.0707999999999998
0,3342,3931,5.0768143,1.5195493265489375,1.9654
0,3809,3931,6.4364388,1.690241281512605,2.1629
1,3931,3931,6.9036064,1.7566428498727737,2.7181,1,0.32793361549616074,0.32793361549616074,0.9353422960358767,0.6033167791713976,56,100,636,32,11.25
1,3931,3931,6.3464474,1.6148721119592875,1.9811999999999999,15,0.8343722700743856,0.8660715570329061,1.0408505310700302,0.6033167791713976,49,97,609,29,10.080000000000002
1,3931,3931,6.7616355,1.7205179389312975,2.0244999999999997,106,0.5298210182196937,0.6643566135687611,0.7926788776274287,0.6033167791713976,44,94,645,32,10.560000000000002
0,3273,3931,4.9695641,1.5188154339853301,1.9899000000000002
1,3931,3931,6.5501144,1.666695776081425,2.1704,1998,0.7251643256064725,1.1617296243236614,1.1617296243236614,0.6033167791713976,65,107,628,31,10.32
1,3931,3931,6.543458,1.6650020356234099,2.0218,13,1.3242855946487133,1.334927020541565,1.5564112506097405,0.6033167791713976,80,126,698,32,11.480000000000002
0,3342,3931,4.9868486,1.492621550434002,2.0637
1,3931,3931,6.6289274,1.6867499745547074,2.0424,29,1.2688029280313486,1.2907254500905883,1.555238585877773,0.6033167791713976,66,111,713,32,12.040000000000001
0,3275,3931,5.1298126,1.56683341478314,2.2382
0,3342,3931,5.1152666,1.5310585453457048,2.0512
0,3421,3931,5.383163,1.574024269005848,2.1053
1,3931,3931,6.6094659,1.6817979389312978,2.0393,15,1.3172043127042492,1.3404546029072537,1.5371362233251864,0.6033167791713976,63,117,712,31,11.340000000000002
1,3931,3931,6.5718495,1.6722263358778626,2.3954,1892,0.8657757426778008,1.0378349026125397,1.0378349026125397,0.6033167791713976,58,103,628,32,10.080000000000002
1,3931,3931,6.7163096,1.7089846310432568,2.1108,1403,0.7311380378939238,1.0127177200184778,1.029558510581674,0.6033167791713976,56,100,653,32,10.75
1,3931,3931,6.857725,1.744968193384224,2.0185,1168,0.7194393270453895,0.8621891800495156,0.891768350259221,0.6033167791713976,70,115,653,29,10.8
0,3656,3931,6.2010906,1.6966048153214772,2.4887
1,3931,3931,6.7275724,1.71185048346056,2.09,64,0.9631302969099272,1.1790763505234834,1.1790763505234834,0.6033167791713976,81,126,703,31,13.230000000000002
0,3820,3931,6.5455885,1.7139535218643625,2.0109
0,3342,3931,5.3334633,1.5963673451062557,1.986
0,3342,3931,5.1206748,1.532677282250823,2.5312
0,3820,3931,6.2275193,1.6306675307672165,2.0236
0,3807,3931,6.2627254,1.645487493431424,2.0326
1,3931,3931,6.4127608,1.6317457506361324,1.9989999999999999,1597,0.869760115711177,1.1820811758973562,1.191853961072965,0.6033167791713976,62,107,674,30,10.5
0,3275,3931,5.1188899,1.5634972205253512,1.9957
1,3931,3931,6.6444233,1.690692951653944,3.1717999999999997,1999,1.66205038435602,1.7816881394450301,1.8028623068297212,0.6033167791713976,75,130,724,32,11.890000000000002
0,3275,3931,4.9256037,1.5044605070250456,2.1156
0,3421,3931,5.4945551,1.6065950584795323,2.052
0,3820,3931,6.4853039,1.6981680806493846,2.1925999999999997
1,3931,3931,6.6297561,1.6869608396946565,1.9983000000000002,1997,0.5451271577769498,0.772504105988936,0.7765130496631979,0.6033167791713976,56,97,647,33,10.32
0,3656,3931,5.829185,1.5948522571819423,2.2172
0,3275,3931,4.9866873,1.5231176847892485,2.0421
0,3342,3931,5.1829409,1.551314247231368,2.0657
0,3342,3931,5.0994062,1.526311343909009,2.0801000000000003
0,3342,3931,5.1772613,1.5496142771625259,2.0271999999999997
1,3931,3931,6.6770987,1.6990073027989823,1.9843,1993,1.074018262704648,1.358383453141847,1.358383453141847,0.6033167791713976,57,102,665,34,10.5
1,3931,3931,6.3477877,1.615213155216285,1.9975,601,1.2877012762619495,1.3871006328359912,1.5398717954194954,0.6033167791713976,65,107,687,29,11.61
0,3820,3931,6.4749498,1.6954568735271014,2.024
0,3656,3931,5.9098732,1.6169283720930232,1.9864000000000002
0,3275,3931,4.9304508,1.5059409896151494,2.0403000000000002
1,3931,3931,6.5745274,1.6729077353689568,2.5100000000000002,873,0.43638720750876087,0.7533498841103399,0.7533498841103399,0.6033167791713976,65,105,655,29,11.18
0,3820,3931,6.0278969,1.578396674522126,2.0531
0,3656,3931,5.7019293,1.5600353761969903,2.2910999999999997
0,3406,3931,5.3965381,1.5848863729809104,2.011
0,3275,3931,4.9448836,1.5103492974954185,2.2247999999999997
0,3820,3931,6.4622439,1.6921298507462685,1.9934000000000003
0,3820,3931,6.2284638,1.630914846818539,2.2534
0,3656,3931,6.0293862,1.6496268673050616,2.4677000000000002
0,3275,3931,4.9730239,1.5189443799633475,1.9926000000000001
0,3820,3931,6.0853884,1.5934507462686567,2.0072
0,3656,3931,6.0240406,1.6481643228454173,3.0122999999999998
0,3820,3931,6.5277623,1.7092857554333596,2.0026
1,3931,3931,6.6774257,1.6990905089058523,2.1216999999999997,1092,0.893818810897283,1.1432997203944784,1.2377367004038402,0.6033167791713976,70,110,693,30,11.61
0,3275,3931,5.1293092,1.5666796579108124,2.3284
0,3275,3931,5.0525592,1.5432373854612094,2.3626
0,3275,3931,5.0526723,1.5432719303604154,4.354399999999999
0,3820,3931,6.4966725,1.7011449332285937,1.9911
1,3931,3931,6.5146007,1.6576592111959287,2.0442,1,0.469600307902902,0.469600307902902,0.8888260272954501,0.6033167791713976,61,111,682,28,12.000000000000002
1,3931,3931,6.5404193,1.6642288295165393,2.0176,109,0.16059483633187543,0.2359129953872462,0.4000132992508186,0.6033167791713976,62,111,635,30,11.040000000000003
0,3342,3931,5.0631279,1.5154528284944626,4.7883
0,3816,3931,6.4282931,1.685004744429882,1.9725
0,3811,3931,6.3575752,1.668654908136483,2.1355
1,3931,3931,6.5585109,1.668832290076336,2.0421,190,1.2646730701470499,1.4235148991210462,1.5387633935618406,0.6033167791713976,85,129,707,30,12.040000000000001
0,3658,3931,6.1040177,1.6691325403336068,1.9835
1,3931,3931,6.8732136,1.7489093129770992,1.9835999999999998,124,1.01025439221804,1.1874474073458925,1.2817404428362456,0.6033167791713976,60,105,695,30,11.070000000000002
1,3931,3931,6.4932813,1.652234427480916,2.0616,729,1.256133110837375,1.609849377989884,1.6157782791152222,0.6033167791713976,76,124,707,29,11.480000000000002
0,3820,3931,6.4349468,1.684982141921969,2.0054
1,3931,3931,6.6949692,1.703554503816794,2.1888,751,0.7358813724980242,1.3115349182067795,1.328679285985312,0.6033167791713976,53,95,657,30,10.080000000000002
1,3931,3931,6.4728205,1.647028117048346,1.9138,388,1.2257234053724784,1.3439819922425353,1.446791989152739,0.6033167791713976,61,104,719,31,11.760000000000002
1,3931,3931,6.8399768,1.7404521119592873,2.0114,4,1.3036178556977462,1.3041330482766567,1.6158974187433186,0.6033167791713976,91,141,755,31,13.8
1,3931,3931,6.7045637,1.7059958524173027,2.1419,2,1.44062873155381,1.4486828072955533,1.5684655342103868,0.6033167791713976,68,120,723,30,11.480000000000002
0,3275,3931,4.9393598,1.508662125839951,2.1079
0,3812,3931,6.4863873,1.7020171346103383,2.1776
0,3656,3931,6.0334599,1.6507414227086186,2.028
0,3820,3931,6.5178389,1.7066873265252682,2.1664000000000003
0,3342,3931,6.3078421,1.8880102065249924,2.0569
1,3931,3931,6.7544224,1.7186825445292622,2.0293,4,0.16613329618579792,0.2291314361695827,0.3904065098255029,0.6033167791713976,58,99,617,30,10.8
0,3820,3931,6.7897672,1.7778913851793663,2.2533000000000003
1,3931,3931,6.9470067,1.7676861832061068,2.0757000000000003,567,0.8301256966478463,0.9085859535562483,1.1187844529019548,0.6033167791713976,61,107,658,29,10.5
0,3275,3931,5.3144135,1.623217318265119,2.1736
1,3931,3931,6.6346971,1.6882180916030536,2.002,15,0.2983091204851139,0.44349412053178655,0.841354617414505,0.6033167791713976,51,96,633,29,10.080000000000002
0,3820,3931,6.2256797,1.630185833987955,2.0222
0,3275,3931,5.2909362,1.6160464874770923,2.091
0,3269,3931,5.165992,1.580780905752754,2.2605
0,3275,3931,5.1669905,1.5781889126450825,2.0963000000000003
0,3342,3931,5.3347609,1.5967557318168213,2.0707999999999998
0,3656,3931,5.9518836,1.6284223255813954,2.0728999999999997
0,3342,3931,5.3803715,1.6104075127207425,2.006
0,3275,3931,5.2487899,1.6031734575442886,2.0202
1,3931,3931,6.7810071,1.725447099236641,1.9989000000000001,131,0.505367503642336,0.6480642255268967,0.7849545486217789,0.6033167791713976,67,110,658,30,11.040000000000003
0,3275,3931,5.1308241,1.5671423640806352,2.6222
0,3656,3931,6.1227396,1.6751681532147742,2.0342
0,3820,3931,6.6291912,1.7358447761194031,2.1729000000000003
0,3275,3931,5.4245806,1.6568664019547952,2.0988
1,3931,3931,6.8769155,1.749851272264631,2.552,1996,0.9532400634168033,1.0813587928860369,1.2120881930256429,0.6033167791713976,68,109,651,33,10.32
1,3931,3931,7.3041066,1.8585512977099237,2.0208,261,0.7886624969819036,0.9257382142282629,0.9548051360389401,0.6033167791713976,64,110,641,32,11.440000000000001
1,3931,3931,6.7115535,1.7077744274809161,5.3458000000000006,1920,1.234058184074983,1.5923196292902084,1.5923196292902084,0.6033167791713976,75,127,721,31,12.600000000000001
0,3806,3931,6.6767026000000005,1.7547181603153748,2.0573
1,3931,3931,6.8835719,1.7515450127226464,2.0124,6,0.7525075246530526,0.9194013256867566,1.1369538669848842,0.6033167791713976,64,109,666,28,10.5
1,3931,3931,6.6226057,1.6851413994910942,2.1508,2,1.2282611112370874,1.3364564532120116,1.5590522599589782,0.6033167791713976,64,118,705,30,11.070000000000002
1,3931,3931,6.6319703,1.6875242493638676,2.4739,1,0.3095592077604713,0.3095592077604713,0.7457223444912887,0.6033167791713976,51,98,631,29,10.250000000000002
0,3820,3931,6.510472,1.7047583136946844,2.0758
0,3275,3931,5.2329675,1.5983407147220525,2.0167
1,3931,3931,6.6952135,1.7036166666666668,3.012,933,1.2996109108582905,1.5260704016340632,1.5274411746142638,0.6033167791713976,66,111,704,34,11.340000000000002
1,3931,3931,6.5772646,1.673604223918575,2.0669,1931,0.40855590209433645,0.6155069982903264,0.6201612166111874,0.6033167791713976,60,105,625,29,10.120000000000003
1,3931,3931,6.7761106,1.7242011704834606,2.0387,389,0.06812599554291042,0.21953373044449523,0.24298152963269448,0.6033167791713976,53,99,636,30,11.040000000000003
0,3275,3931,5.206836,1.5903591936469152,2.0698000000000003
0,3820,3931,6.1796835,1.6181417910447762,1.9669
0,3275,3931,4.9717166,1.518545082467929,2.0808
0,3656,3931,6.2085776,1.6986532421340628,2.3755
1,3931,3931,6.7013466,1.705177251908397,1.9976,1,1.3318480949567637,1.3318480949567637,1.6871397608162508,0.6033167791713976,68,119,715,31,12.3
0,3342,3931,5.3480269,1.600726399281652,2.0701
0,3656,3931,6.06836,1.6602900136798908,2.0878
0,3656,3931,6.0822191,1.664081833105335,2.0087
1,3931,3931,7.1122694,1.8097377608142493,2.1372999999999998,1983,1.3985019535637062,1.6079664921016628,1.6079664921016628,0.6033167791713976,79,126,713,31,11.340000000000002
0,3342,3931,5.3454823000000005,1.599964771026639,2.2081
0,3275,3931,5.3752112,1.6417871716554673,2.1354
0,3656,3931,6.1560718,1.6842877701778387,2.0165
1,3931,3931,7.0778011,1.800967201017812,3.4482,1862,0.48457303590480727,0.7238394665083435,0.725673910904979,0.6033167791713976,64,109,628,30,11
0,3656,3931,6.1511298,1.6829356497948016,2.1773000000000002
0,3275,3931,5.1438179,1.5711111484422724,2.4789999999999996
0,3820,3931,6.5724447,1.7209857816182246,2.0067000000000004
0,3275,3931,5.3636293,1.6382496334758707,2.3914
0,3497,3931,5.9068335,1.6895976830663617,2.0427
0,3820,3931,6.4019217,1.6763345640219953,2.1841
1,3931,3931,6.9292581,1.76317,2.3888,1815,0.2558383946945363,0.43678483699714227,0.43678483699714227,0.6033167791713976,64,111,627,30,11.040000000000003
0,3820,3931,6.6076196,1.730196281749149,2.3366
0,3275,3931,5.1684718,1.5786413561392791,2.0511
0,3342,3931,5.4492357,1.6310193654594434,2.1542000000000003
0,3275,3931,5.3601182,1.6371772144166157,2.0604
1,3931,3931,6.7659109,1.72160582697201,2.5278,1893,0.7863642694356671,1.0590168501836486,1.0590168501836486,0.6033167791713976,56,105,646,31,10.5
1,3931,3931,6.8284085,1.7375085241730281,2.3835,151,0.77916842222248,1.1175296533076553,1.1667577698812572,0.6033167791713976,69,110,663,29,10.920000000000002
0,3421,3931,5.6514574,1.6524729239766083,5.7153
0,3820,3931,6.7493017,1.767295548572925,2.1391999999999998
1,3931,3931,6.8867338,1.7523495674300253,2.4842000000000004,1916,0.9299297711029328,1.2721555426197346,1.2721555426197346,0.6033167791713976,51,95,637,32,10.5
0,3820,3931,6.313891,1.6532838439382036,2.0387999999999997
1,3931,3931,6.7174427,1.7092729516539442,1.9875,90,1.1704890166051412,1.4662167808379787,1.4851502306282791,0.6033167791713976,63,107,681,30,11.070000000000002
0,3275,3931,5.307277,1.6210375687232743,2.092
0,3656,3931,5.9909592,1.6391133242134064,2.0679000000000003
1,3931,3931,6.9859865,1.7776047073791348,2.3981,2,0.3913987239919264,0.45106261086224664,0.6689926001905828,0.6033167791713976,62,103,644,31,11.500000000000002
0,3656,3931,6.3443485,1.7357998632010945,2.2636000000000003
0,3275,3931,5.1241631,1.5651078497251067,2.0243
0,3656,3931,6.1662246,1.6870655540355677,2.2638
1,3931,3931,6.7673728,1.7219778117048345,2.2784,1962,0.3504766839964382,0.7640697460354179,0.7733991337153058,0.6033167791713976,70,115,633,30,11
0,3820,3931,6.7958672,1.779488661953391,2.3863
0,3804,3931,6.4938596,1.7075623455166975,2.2952
0,3820,3931,6.3907652,1.6734132495417648,2.1037999999999997
0,3275,3931,5.1839951,1.5833827428222358,2.0578
1,3931,3931,7.0881195,1.8035927480916032,4.6996,1,0.41518778314081534,0.41518778314081534,0.770426668905955,0.6033167791713976,71,115,654,30,10.8
0,3342,3931,5.3250589,1.5938518108350792,2.0051
0,3275,3931,5.2572212,1.6057486866218693,2.1538
0,3656,3931,6.0880071000000004,1.6656654172366623,2.0769
1,3931,3931,6.92316,1.761618320610687,2.0707999999999998,951,0.771374153162044,1.0308479690570282,1.04430685977831,0.6033167791713976,62,107,670,27,10.5
0,3275,3931,5.1370393,1.5690407147220524,2.1363
0,3275,3931,5.3857768,1.6450142944410509,2.092
0,3420,3931,5.708581,1.6696639368236328,2.2504
0,3275,3931,5.3435286,1.6321101405009162,1.9951
1,3931,3931,7.3407703,1.8678804834605598,2.1675,1470,0.3737351535513467,0.6392758856837552,0.6413067969924289,0.6033167791713976,68,109,624,30,11.040000000000003
0,3656,3931,6.2478397,1.709395266757866,2.1234
0,3275,3931,5.331439,1.6284175320708612,2.074
1,3931,3931,6.9547505,1.7696566157760814,2.2528,1998,0.531179394358142,0.7125819516623336,0.7125819516623336,0.6033167791713976,66,110,645,29,10.8
1,3931,3931,7.1754274,1.8258084987277354,2.0309999999999997,25,0.7131755792691055,0.9680885505899108,1.0405659716843818,0.6033167791713976,67,114,671,27,11.18
0,3273,3931,5.3426002,1.63282402200489,2.0694
0,3656,3931,6.1386634,1.6795248700410397,2.4901
0,3656,3931,5.9520394,1.6284649521203831,2.0352
0,3270,3931,5.4046859,1.6533147445702048,1.9567999999999999
1,3931,3931,6.8671572,1.7473682442748093,2.0293,788,1.2699135051238808,1.541134591641677,1.5444200348383097,0.6033167791713976,56,104,720,32,11.760000000000002
0,3275,3931,5.2253592,1.5960168601099571,2.0558
0,3275,3931,5.2928555,1.6166327122785582,2.2613
0,3342,3931,5.5065545,1.6481755462436396,5.9581
0,3275,3931,5.1576819,1.5753457238851556,2.0372
0,3658,3931,6.0832102,1.6634427672955974,2.2173000000000003
0,3820,3931,6.812159,1.783754647813564,2.0690999999999997
1,3931,3931,7.924632,2.0164458015267175,2.0602,1,1.3011865395552928,1.3011865395552928,1.6276122363059429,0.6033167791713976,75,122,721,30,11.760000000000002
1,3931,3931,7.3075046,1.8594159287531804,2.1294999999999997,1758,0.9248356956697605,1.205410903189522,1.205410903189522,0.6033167791713976,54,94,639,35,10.080000000000002
0,3342,3931,5.8407841000000005,1.748214337024843,2.7006
1,3931,3931,7.0128027,1.7844281679389313,2.4215999999999998,1948,0.29372389059164267,0.6227481912452618,0.6227916636662726,0.6033167791713976,64,103,653,30,11
0,3820,3931,6.8315602,1.7888348258706468,2.2723999999999998
1,3931,3931,7.2695886,1.8497680916030534,2.1023,638,0.11698668782923921,0.3507505424074085,0.3507505424074085,0.6033167791713976,59,103,628,33,10.8
0,3275,3931,5.4976365,1.6791803604153939,2.2932
0,3342,3931,5.5724241,1.667891080514816,2.0237
1,3931,3931,6.9589388,1.770722340966921,2.2256,1899,0.33254271984208106,0.6810526910263733,0.6810526910263733,0.6033167791713976,59,104,633,29,10.5
0,3274,3931,5.392828,1.6476712496180872,1.9981
0,3820,3931,6.4087831,1.6781312123592562,2.088
0,3656,3931,6.2692733,1.7152594528043774,2.0706
0,3820,3931,6.8029530000000005,1.781344069128044,2.1991
1,3931,3931,7.020197,1.7863096692111957,2.0252,1685,0.19855776515839996,0.7520612705707936,0.7520612705707936,0.6033167791713976,59,102,617,27,11.25
0,3805,3931,6.6476635,1.7475456098843325,2.0615
1,3931,3931,6.8288034,1.7376090076335877,2.1667,1999,1.3173197057964208,1.4971798061493304,1.5318733985069535,0.6033167791713976,75,120,699,30,11.760000000000002
0,3820,3931,6.6134997,1.7317359780047135,2.1718
0,3656,3931,6.2763922,1.717207168262654,2.0744000000000002
0,3656,3931,6.244105,1.708373461012312,2.2973999999999997
0,3342,3931,5.5711319,1.6675043100868006,2.0672
0,3656,3931,6.3958144,1.7498808207934338,2.076
0,3807,3931,6.9633001,1.8295586179716237,2.0833000000000004
0,3342,3931,5.4331495,1.6262045794672253,3.0218
0,3342,3931,5.3828973,1.6111635139179885,2.0753
0,3275,3931,5.3327436,1.6288160048869884,2.1548000000000003
0,3342,3931,5.5708751,1.667427446872194,2.1212
0,3656,3931,6.3973636,1.750304678522572,2.3270999999999997
0,3275,3931,5.4016746,1.6498700671960902,4.7062
1,3931,3931,7.2196337,1.837056921119593,2.0424,1,1.3613961991341066,1.3613961991341066,1.856210546149011,0.6033167791713976,81,128,704,30,11.070000000000002
1,3931,3931,7.0751341,1.800288575063613,2.1184,1986,0.32862301974334296,0.6141080629399185,0.6464342924229713,0.6033167791713976,66,111,634,28,11.25
0,3820,3931,6.4549551,1.6902212882953653,2.8338
0,3820,3931,6.9378245,1.8166599895260538,2.113
0,3342,3931,5.4084643,1.6188160131697098,1.9892
0,3275,3931,5.335941,1.629792608430055,2.0379
0,3275,3931,5.50292,1.6807941356139278,2.0536
0,3274,3931,5.4654071,1.6698463489153683,2.1274
0,3656,3931,6.01053,1.6444678522571818,2.1081
0,3816,3931,7.0125974,1.8381644560943642,2.2910999999999997
1,3931,3931,6.9391318,1.7656823918575064,2.1084,1,1.1179611781483285,1.1179611781483285,1.3867544842839088,0.6033167791713976,65,112,690,31,10.75
0,3820,3931,6.6336772,1.73701942916994,2.2953
1,3931,3931,6.9991573,1.7809560559796438,2.0371,6,0.9183581508291935,0.9624394736036135,1.157304294505955,0.6033167791713976,49,98,607,34,10.080000000000002
0,3273,3931,5.5128491,1.6848560819070906,2.0938
0,3820,3931,6.5529089,1.7158703587326527,2.1874
0,3274,3931,5.3970822,1.648971035747021,2.033
1,3931,3931,7.0283009,1.788371730279898,2.0151000000000003,1,0.9566389387385752,0.9566389387385752,1.2117092071266566,0.6033167791713976,61,104,622,34,10.32
0,3820,3931,6.632782,1.7367850222571355,2.6273999999999997
0,3820,3931,6.8155338,1.7846383346425767,1.9940000000000002
1,3931,3931,7.2454358,1.8436223409669212,2.5317,458,0.393307402197742,0.5855379240557501,1.121821638511328,0.6033167791713976,68,113,631,32,10.560000000000002
1,3931,3931,7.0968156,1.8058054961832062,2.5818,1604,0.5312242853623743,0.5958793213847382,0.6787288192268789,0.6033167791713976,59,104,626,29,10.560000000000002
0,3820,3931,6.817341,1.7851115475255301,2.0463
0,3275,3931,5.4271508,1.6576514355528404,2.1235999999999997
0,3820,3931,6.7755184,1.774160356114166,2.2482
1,3931,3931,7.0842571,1.802609949109415,2.1348000000000003,1959,1.3626031009199544,1.6846534413284133,1.6846534413284133,0.6033167791713976,89,142,745,33,13.5
0,3820,3931,6.6694042,1.7463744959413459,2.0996
0,3275,3931,5.3660397,1.6389858582773367,2.1087
0,3275,3931,5.4376079,1.6608454184483812,2.1039000000000003
0,3656,3931,6.2283927,1.7040746101231188,2.0349999999999997
1,3931,3931,7.2157118,1.836058982188295,2.0984,1998,1.3963854833503506,1.5507479934583575,1.6756419889701017,0.6033167791713976,77,126,709,28,11.61
1,3931,3931,7.2298897,1.839666590330789,2.0664,8,1.1632451924993756,1.2014951730706571,1.4786443242268912,0.6033167791713976,79,126,682,32,10.5
1,3931,3931,7.2337803,1.8406565648854962,2.1822,1999,0.5500728346640097,0.7698910327908883,0.7710726732316304,0.6033167791713976,70,111,628,29,10.75
0,3656,3931,6.5559582,1.7936958139534884,2.0660000000000003
1,3931,3931,7.0300637,1.788820279898219,2.1321,1971,1.262682955994036,1.6460066228029115,1.6460066228029115,0.6033167791713976,77,126,711,31,11.480000000000002
0,3809,3931,7.1322715,1.872970456932773,2.1075999999999997
0,3820,3931,6.916178,1.8109918826918043,2.2081
1,3931,3931,6.9230301,1.7615852671755725,2.0158,3,0.9096912545584901,0.9863766270867421,1.234125561125956,0.6033167791713976,55,102,686,29,11.070000000000002
1,3931,3931,7.4216341,1.888456513994911,2.2538,69,0.8634371499394738,1.1692480088910424,1.1692480088910424,0.6033167791713976,71,115,631,34,10.32
1,3931,3931,7.4949733,1.9071178880407125,2.1157,1500,0.3099629464929596,0.6265222602325277,0.6401800585835817,0.6033167791713976,68,108,645,26,10.75
0,3820,3931,6.8276325,1.787806362922231,5.428299999999999
0,3804,3931,6.4616619,1.6990959505653431,1.9697999999999998
0,3275,3931,5.4701051,1.6707712583995111,2.088
0,3497,3931,5.9544105,1.7032066647597255,2.2218
0,3803,3931,6.8368282,1.798218884797475,2.0473000000000003
1,3931,3931,7.4626782,1.8989003053435116,2.2939000000000003,117,0.2706645123416304,0.5752882474361035,0.5863406474496482,0.6033167791713976,64,109,650,31,11
0,3656,3931,6.5833319,1.801185198358413,2.1159
1,3931,3931,6.8722171,1.7486557506361322,2.0733,23,1.01978257636275,1.0334364306810095,1.220791728395362,0.6033167791713976,57,103,621,30,10.5
0,3656,3931,6.4914179,1.776037729138167,2.5225999999999997
0,3275,3931,5.5314677,1.6895136530238242,2.8899
0,3275,3931,5.3904761,1.6464496334758705,2.2466999999999997
0,3820,3931,7.017128,1.837425504058654,2.3183000000000002
1,3931,3931,6.9858939,1.777581145038168,2.0387999999999997,1624,0.7813417098464983,1.1020398213012939,1.1055703414642686,0.6033167791713976,66,108,669,27,10.920000000000002
0,3820,3931,6.8905145,1.8042719298245615,2.0672
0,3656,3931,6.4518407,1.7652094938440492,2.2448
0,3820,3931,7.0326825,1.8414984289080911,2.1369000000000002
1,3931,3931,7.1479017,1.818804503816794,2.0446,920,0.3476545780990939,0.4284646115372701,0.6470047114031032,0.6033167791713976,56,102,607,30,10.080000000000002
1,3931,3931,7.1326726,1.8149294147582697,2.0072543624161074,292,0.34013421835792085,0.8733962932489765,0.8733962932489765,0.6033167791713976,51,96,632,30,10.5
0,3820,3931,7.0819108,1.8543887928777167,2.0776000000000003
0,3656,3931,6.3634384,1.7410228180574556,2.1624
0,3805,3931,6.7758573,1.7812453470031546,2.4137
0,3275,3931,5.5060084,1.6817374465485644,2.1394
1,3931,3931,6.9659416,1.772504223918575,2.1498,1998,1.3814235513569313,1.6893885700518136,1.6893885700518136,0.6033167791713976,90,140,726,33,12.600000000000001
1,3931,3931,7.4290664,1.8903476844783713,2.0696999999999997,1977,1.1155575479771975,1.43796824511517,1.43796824511517,0.6033167791713976,69,118,700,29,11.480000000000002
0,3656,3931,6.7314823,1.8417188235294117,2.6384
0,3275,3931,5.8191834,1.7773926084300549,2.3236
1,3931,3931,8.1153292,2.064969262086514,3.2271252136752135,4,1.092597631258613,1.1035584879026878,1.557004137529585,0.6033167791713976,65,111,701,30,11.340000000000002
1,3931,3931,7.2216328,1.8375655979643766,2.4978000000000002,1,0.9675370422443484,0.9675370422443484,1.2498084973474914,0.6033167791713976,71,112,664,32,10.5
0,3275,3931,5.7805157000000005,1.765582070861332,2.5763000000000003
1,3931,3931,6.9012482,1.7560427989821883,2.5513,1,1.1101697578497338,1.1101697578497338,1.5937688769017142,0.6033167791713976,60,106,690,33,10.5
0,3273,3931,5.2595175,1.607431998777506,2.0753
1,3931,3931,7.4537557,1.896629949109415,2.0467,509,0.2460156687217629,0.7204397959261546,0.7204397959261546,0.6033167791713976,55,99,621,30,10.75
0,3342,3931,5.6397864,1.688053397186471,2.7077999999999998
1,3931,3931,7.0971221,1.805883486005089,2.0854,1,0.7184455974920794,0.7184455974920794,1.031983063371587,0.6033167791713976,62,108,667,29,11.500000000000002
0,3275,3931,5.797921,1.7708982895540621,2.1375
1,3931,3931,7.1040327,1.8076419083969468,2.0467,2,0.367648844575133,0.3758114070634217,0.7292782986104487,0.6033167791713976,50,94,646,29,10.75
0,3820,3931,6.7374154,1.7641831369468446,4.479699999999999
0,3656,3931,6.4219653,1.7570356497948016,2.1143
0,3275,3931,5.556513,1.6971634086744043,2.2312
0,3275,3931,5.3682808,1.6396703726328647,2.0505
0,3810,3931,7.0519379,1.8513882646363877,2.3636
0,3275,3931,5.6415886,1.7231486255345143,2.1627
1,3931,3931,7.20779,1.8340432569974554,2.3668,3,1.270609320570342,1.3195924289947845,1.560082939415499,0.6033167791713976,65,107,682,29,11.070000000000002
0,3820,3931,7.325016,1.9180455616653573,2.0305
0,3658,3931,6.4863506,1.7736807765928355,2.1567000000000003
0,3820,3931,7.1910795,1.8829744697564808,2.1424
1,3931,3931,7.36387,1.873758269720102,2.3943,878,1.1539267642112279,1.385108499843592,1.3890553812609632,0.6033167791713976,62,109,658,32,10.75
0,3820,3931,6.8749120999999995,1.8001864624247184,2.0913
0,3656,3931,6.2448596,1.7085799179206567,2.1305
0,3275,3931,5.5517902,1.6957208918753819,2.0617
0,3275,3931,5.5002862,1.6799896762370188,2.1071000000000004
0,3656,3931,6.5127682,1.7818791244870043,2.0235000000000003
0,3820,3931,7.034648,1.842013092432574,2.1118
0,3820,3931,6.887433,1.8034650432050274,2.1942
0,3275,3931,5.4190348,1.6551725106902873,2.0761
0,3656,3931,6.4252361,1.7579305335157318,3.1265
0,3275,3931,5.4113681,1.6528308185705558,2.2397
0,3806,3931,6.4668777,1.6995736399474375,2.0891
0,3820,3931,6.8979135,1.8062093479968577,2.0979
1,3931,3931,7.0086261,1.783365419847328,2.174,682,1.417005299937514,1.7460630571626292,1.7460630571626292,0.6033167791713976,85,141,750,32,12.600000000000001
0,3275,3931,5.866146,1.7917367135003053,2.1388000000000003
0,3275,3931,5.5585849,1.6977962431276725,2.4118
0,3820,3931,6.8403051,1.7911246661429694,2.5899
0,3656,3931,6.2245792,1.703031244870041,2.0817
0,3275,3931,5.4285296,1.658072571777642,2.265
1,3931,3931,6.8860956,1.752187175572519,2.064,2,0.9076162771910125,0.9113122907006977,1.2667063611117324,0.6033167791713976,53,104,671,29,10.5
0,3656,3931,6.5322422,1.7872071682626538,2.1312
0,3820,3931,6.7245706,1.7608197433883215,2.4018
1,3931,3931,7.3445575,1.8688441475826971,2.0834,1403,0.5552225488324243,0.7467718509244203,0.7467718509244203,0.6033167791713976,58,103,639,32,10.8
0,3342,3931,5.8616475999999995,1.754459024244238,2.2729
1,3931,3931,7.8955251,2.009039465648855,2.125,1,0.7328064700459865,0.7328064700459865,1.0746883447851403,0.6033167791713976,56,98,668,31,10.75
0,3275,3931,5.6307134,1.7198269395235188,2.2298
0,3576,3931,6.6133097,1.8498768391608393,2.06818
0,3275,3931,5.7520733,1.7568947159437995,2.2236000000000002
0,3809,3931,7.1019431,1.8650060661764705,2.0713
0,3820,3931,7.2427074,1.8964931657501962,2.0452
0,3656,3931,6.3131915,1.7272753761969903,3.0151000000000003
0,3808,3931,7.1594686,1.8806064092461257,2.146352822580645
0,3275,3931,5.7134052,1.7450840562003667,2.2082
0,3820,3931,6.8572559,1.7955632102644672,2.3118000000000003
1,3931,3931,6.9803145,1.7761614503816794,2.1659,208,1.4470547103542097,1.7627150380140189,1.7627150380140189,0.6033167791713976,65,111,686,28,10.640000000000002
0,3497,3931,6.1965057,1.7724558638443937,2.5233999999999996
0,3342,3931,5.7583637,1.7235449565998204,2.0179120689655172
0,3820,3931,6.9456508,1.8187092956271276,2.1386
0,3820,3931,6.7510201,1.7677455092956271,2.0799999999999996
0,3275,3931,5.6132662,1.7144979230299329,2.0615
1,3931,3931,7.2807401,1.8526056234096693,2.0713,1992,0.642004445182853,0.8817900558567069,0.8817900558567069,0.6033167791713976,62,104,640,29,10.32
0,3656,3931,6.2998646,1.7236291655266758,2.1828
0,3656,3931,6.6130434000000005,1.8093141997264024,2.0663
1,3931,3931,6.9956253,1.7800573282442749,2.0751,1,1.3372818460347324,1.3372818460347324,1.6047924667250513,0.6033167791713976,63,109,701,31,11.480000000000002
0,3820,3931,7.283508,1.9071767478397488,2.1377
0,3275,3931,5.6605249,1.7289324679291387,2.549
0,3805,3931,7.0717978,1.859042534174553,2.1036
1,3931,3931,7.2702463,1.8499354452926209,2.1043,538,0.9801595205305331,1.114685419458462,1.2180152294537088,0.6033167791713976,50,94,643,32,10.5
1,3931,3931,7.270584,1.8500213740458018,2.0780999999999996,42,0.3371607667304762,0.8312959263347164,0.8312959263347164,0.6033167791713976,52,94,632,27,10.080000000000002
1,3931,3931,7.1691538,1.8242121628498729,2.0825,1157,0.3383097656842531,0.6452971853540875,0.650032635053489,0.6033167791713976,57,97,642,29,10.75
0,3656,3931,6.3778124,1.744955512995896,3.0288
0,3656,3931,6.6526715,1.820156361149111,2.1816
1,3931,3931,7.2416491,1.8426588040712468,2.1872,519,0.8963881062749405,1.0272499903058028,1.121643261436379,0.6033167791713976,57,98,632,30,10.5
0,3275,3931,5.7849357999999995,1.7669321319486864,2.1583615120274913
1,3931,3931,7.6594553,1.948970814249364,2.1915834482758623,5,0.4947858874603085,0.5069698070447644,0.7271552861981143,0.6033167791713976,65,106,633,31,10.8
0,3656,3931,6.8075823,1.8625396169630644,2.1143
1,3931,3931,7.2292333,1.8394995674300254,2.1898,1,0.42226806342062084,0.42226806342062084,0.7035159737399631,0.6033167791713976,63,110,628,30,10.32
0,3342,3931,5.8280819,1.7444124214307095,2.6066000000000003
0,3342,3931,5.752778,1.7218730918886562,2.1725999999999996
0,3275,3931,5.7343259,1.7514740073304826,2.0646
0,3275,3931,5.7366509,1.7521841478313989,2.1022
0,3275,3931,5.7370944,1.7523196090409285,2.0606999999999998
0,3275,3931,5.5816308,1.7048353084911423,2.0953
0,3275,3931,5.6536283,1.7268259926695175,2.1219
0,3805,3931,7.0330558,1.8488579915878023,2.1816999999999998
0,3275,3931,5.7597891,1.759251405009163,2.1527
0,3820,3931,6.6743217,1.7476621366849963,2.0894
0,3820,3931,6.8471511,1.7929172820109978,3.0103
0,3656,3931,6.549677,1.791977291381669,2.2253
0,3656,3931,6.350997,1.7376188782489739,2.0766999999999998
0,3275,3931,5.746703,1.7552544288332317,2.159241724137931
1,3931,3931,7.2389966,1.8419838676844784,2.0757000000000003,1988,0.9407606996684598,1.156545542937884,1.2276097885718853,0.6033167791713976,54,104,628,31,9.840000000000003
1,3931,3931,8.3907386,2.1350479898218833,2.2523999999999997,1,0.9420944076542511,0.9420944076542511,1.1394163870633698,0.6033167791713976,65,114,670,33,11.25
0,3820,3931,6.9269942,1.8138240900759361,2.2963
0,3656,3931,6.6544775000000005,1.82065047879617,3.0812
0,3810,3931,7.6088789,1.9976053819900235,2.1118
0,3275,3931,5.8844184,1.7973177764202812,2.2347
0,3342,3931,5.8794081,1.7597749476204727,2.4932000000000003
0,3421,3931,6.1220835,1.7900828947368421,2.1713
0,3820,3931,7.026078,1.8397690494893952,2.0552
0,3656,3931,6.537946,1.7887677154582764,2.0265
1,3931,3931,7.8617326,2.0004408651399492,2.2017218579234976,9,0.83693168500346,0.907882075205993,1.1289594814060537,0.6033167791713976,56,106,649,30,10.75
0,3275,3931,5.4353264,1.6601485644471594,3.3847
0,3342,3931,5.9004007000000005,1.7660582759652799,2.1342430034129696
0,3656,3931,6.391132,1.7485997264021886,5.261
0,3656,3931,6.1781466,1.6903273871409028,2.0635
0,3275,3931,5.5099093,1.6829289248625536,2.0745999999999998
0,3275,3931,5.4675202,1.6699817348808796,2.1876
0,3275,3931,5.7047416,1.742437874160049,2.1765
0,3275,3931,5.5345733,1.6904622174709836,2.0961
1,3931,3931,7.5501545,1.9211589058524172,2.3401,1610,0.8639231751302001,0.913158523840887,1.0918465420105092,0.6033167791713976,62,108,667,33,10.75
1,3931,3931,7.4076407,1.8848958524173027,2.3313,17,0.8367137446373905,1.1879281581646894,1.1879281581646894,0.6033167791713976,62,107,679,31,11.18
1,3931,3931,7.4085317,1.8851225699745549,2.2691,1989,1.3424583463344968,1.668507602760023,1.6772089722257946,0.6033167791713976,71,122,709,32,11.480000000000002
1,3931,3931,7.5818276000000004,1.9292182188295166,2.4903,1999,0.777676212857054,1.07438968151769,1.0784249414393168,0.6033167791713976,56,99,648,27,10.250000000000002
0,3656,3931,6.4860364,1.7745653625170998,2.2849
0,3273,3931,5.6987299,1.7416656173594134,2.1382
0,3656,3931,6.5468577,1.7912059370725035,2.2731000000000003
1,3931,3931,7.5806357,1.9289149363867684,2.1357,1264,1.321443431093877,1.6162154782801434,1.6244040320642514,0.6033167791713976,76,122,707,31,11.480000000000002
1,3931,3931,7.7334154,1.9677901781170484,2.2285902173913046,1,0.28829850266029666,0.28829850266029666,0.6014094330645059,0.6033167791713976,51,92,631,31,10.5
0,3820,3931,7.4279209,1.9449910709609846,2.268308695652174
0,3803,3931,7.4192782,1.9514145712782744,2.1837
0,3656,3931,6.8879751,1.8845349110807115,2.2862
0,3342,3931,5.994546,1.7942370547740196,2.0972
0,3820,3931,7.0571061,1.8478937156323645,2.173
0,3658,3931,6.6736893,1.8249082034454471,2.1026000000000002
0,3820,3931,7.1502574,1.8722852579209217,2.0976
1,3931,3931,7.4559148,1.897179338422392,2.1337,1862,0.40151304550677197,0.5785392164352043,0.6253270001599022,0.6033167791713976,64,111,635,30,11.25
0,3656,3931,6.5372178,1.7885684815321476,2.5496999999999996
1,3931,3931,7.9200701,2.0152850127226465,2.166859793814433,201,0.5558836441294234,0.8643830932800012,0.8643830932800012,0.6033167791713976,59,101,643,30,10.5
0,3275,3931,5.6567546,1.7277808796579108,2.2004
0,3275,3931,5.7346979000000005,1.7515876298106292,2.0902
1,3931,3931,7.8880824,2.0071456488549617,2.2644,1809,1.1155998257129331,1.4354703049572752,1.4392300643536988,0.6033167791713976,66,116,695,29,11.070000000000002
0,3821,3931,7.3021752,1.9115641884816752,3.0628
0,3581,3931,6.8008505,1.8996789106145253,2.143010810810811
0,3275,3931,5.9091407,1.8048688759926694,2.170817931034483
0,3275,3931,5.8399347,1.7837308185705558,2.1207000000000003
1,3931,3931,7.6103115,1.936466030534351,2.340666666666667,1983,1.0095947615821534,1.2423324516079657,1.249743841899058,0.6033167791713976,55,98,646,34,10.080000000000002
0,3656,3931,6.7280871,1.840789904240766,2.229907182320442
0,3658,3931,6.7787896,1.8536476893628657,2.214827027027027
0,3342,3931,6.0808117,1.8200573780305298,2.1629405594405595
0,3342,3931,6.0860714,1.8216316671655193,2.3475
0,3275,3931,5.9001297,1.80211658521686,4.6578
1,3931,3931,7.2822626,1.852993027989822,2.2187571906354515,15,1.2892404740157295,1.3160507346446366,1.5349861153943734,0.6033167791713976,65,112,667,27,10.4
1,3931,3931,7.3974142,1.88229368956743,2.3359,1440,0.6728722905914727,0.9137670671219295,0.9586672211483888,0.6033167791713976,56,99,630,29,10.32
0,3820,3931,6.8820407,1.802053076721655,5.1706
0,3275,3931,5.8097697,1.7745173182651193,2.1140999999999996
1,3931,3931,7.6848817,1.9554406361323156,2.0347,35,0.6796911487786979,0.8283833025274823,0.8888303395581896,0.6033167791713976,57,105,669,33,11.040000000000003
0,3820,3931,7.4944723,1.9624174653050537,2.3363
0,3820,3931,7.3226389,1.9174231212359256,2.5039
0,3820,3931,7.2342816,1.8942868813825608,2.1767950819672133
1,3931,3931,7.343059,1.8684628498727736,4.4306,736,1.0419889075354052,1.2596421627214014,1.3936000117063014,0.6033167791713976,63,112,655,30,10.250000000000002
1,3931,3931,7.3720582,1.8758417811704833,2.2122,1742,0.3374919201798949,0.6601191847941357,0.6644594143557051,0.6033167791713976,54,97,623,28,10.250000000000002
1,3931,3931,7.5352755,1.9173729007633586,2.0798,1381,0.8714564821270941,1.207888400357253,1.2376034917376675,0.6033167791713976,59,102,663,28,9.840000000000003
0,3658,3931,6.6668825,1.8230468963631392,2.3221000000000003
1,3931,3931,7.3615794,1.8731754198473283,2.1433,404,0.8685105337108635,1.1142693628092435,1.1382949157841629,0.6033167791713976,61,100,652,30,10.080000000000002
0,3275,3931,5.7527438,1.7570995113011607,2.2182999999999997
0,3656,3931,6.6323349,1.8145923119015048,2.216
1,3931,3931,7.9654126,2.026822544529262,2.5603000000000002,2,1.2159064822592256,1.2302827503856832,1.4359544975488971,0.6033167791713976,85,129,713,31,12.880000000000003
0,3820,3931,7.5333594999999995,1.972600026184865,2.2709
1,3931,3931,7.596972,1.9330717557251909,2.1829,1946,1.0116236519310116,1.110526197484445,1.1988620754993833,0.6033167791713976,58,108,661,32,10.080000000000002
0,3820,3931,7.4785241,1.958241450641529,2.1007000000000002
0,3820,3931,7.3764325,1.9315089028541503,2.0942
0,3275,3931,5.6474794,1.7249478924862554,2.117
0,3656,3931,6.7597903,1.849463830369357,2.2283
0,3820,3931,7.3271453,1.9186031159989527,2.157
0,3275,3931,5.7669381,1.7614349725106904,2.1878
0,3811,3931,7.4671869,1.9598915748031496,2.1766
0,3342,3931,5.7605865000000005,1.7242102663873093,2.1906999999999996
0,3275,3931,5.7832740000000005,1.766424557116677,2.2033
1,3931,3931,7.6925934,1.9574029007633587,2.4234999999999998,19,0.9268252795954968,1.0184110603120544,1.2965106547632126,0.6033167791713976,52,93,643,34,10.32
0,3656,3931,6.6592279,1.8219501778385772,2.624
1,3931,3931,7.4729726,1.9015197455470738,2.2298999999999998,875,0.7959746968980912,1.093111949039611,1.093111949039611,0.6033167791713976,53,98,647,31,10.250000000000002
1,3931,3931,7.8289465,1.9920983460559796,2.3893,5,0.7909540016033446,0.8574676291578651,1.4324208674223713,0.6033167791713976,66,112,652,29,11
0,3274,3931,5.9457819,1.816615307057745,2.3567790378006874
1,3931,3931,7.8769423,2.004311017811705,2.0785745704467353,511,1.1219189606319528,1.299538717949252,1.299538717949252,0.6033167791713976,69,114,685,31,10.560000000000002
0,3820,3931,7.084237,1.8549979052107881,2.333
0,3275,3931,5.9034337,1.8031257483200975,2.079850171821306
0,3275,3931,5.8192386,1.7774094685400124,2.256433910034602
0,3656,3931,6.5641414000000005,1.7959347195622437,2.1033
0,3275,3931,5.7404705,1.7533507941356137,2.1517720000000002
1,3931,3931,8.9181624,2.2692525190839694,2.2723532142857144,1941,0.7312213863908017,1.0983307721564823,1.0983307721564823,0.6033167791713976,46,94,648,32,9.840000000000003
0,3275,3931,5.9877424,1.8288767257177765,2.2168
1,3931,3931,8.2424942,2.0973267684478367,2.5087,1972,0.8689252627348845,1.1348182987296282,1.1467477417049319,0.6033167791713976,59,102,674,28,10.5
0,3342,3931,6.037499,1.807093385214008,2.2816309782608695
0,3656,3931,6.7925271,1.8584205471956226,2.2477
0,3805,3931,7.4372676,1.9551176656151419,2.20152508361204
0,3820,3931,7.5861669,1.9864275726630007,2.355764480874317
1,3931,3931,7.3801501,1.8779007888040713,2.5311,1,0.530915997310759,0.530915997310759,0.867127735694052,0.6033167791713976,56,100,630,29,10.080000000000002
1,3931,3931,8.0891497,2.0583078117048346,2.1469,44,0.9301218739893597,1.0256635271831462,1.080039272743364,0.6033167791713976,56,107,657,33,10.5
0,3656,3931,6.8242601,1.8671026265389878,2.2620999999999998
1,3931,3931,7.5307952,1.9162328753180662,2.1161831034482756,1742,0.7953244605466967,1.0871108348653735,1.0871108348653735,0.6033167791713976,65,112,648,30,10.080000000000002
1,3931,3931,7.4064592000000005,1.8845952162849873,2.2725000000000004,1176,0.9544234606082668,1.201918503210495,1.201918503210495,0.6033167791713976,57,96,637,33,10.75
0,3820,3931,7.2168294,1.8897170463472113,2.2030000000000003
0,3656,3931,6.5394904,1.7891902599179206,2.2349
0,3268,3931,5.8659262,1.7955084787266604,2.4997000000000003
0,3657,3931,6.7741469,1.8528848194748357,2.3744
0,3342,3931,6.1986367,1.8553237653397185,2.2862999999999998
0,3656,3931,6.5208425,1.7840882352941176,2.3573
0,3820,3931,7.2778592,1.9056976171772715,2.191063763066202
1,3931,3931,7.5641815,1.924728117048346,2.1686,1350,1.3065349741009462,1.653910463097694,1.653910463097694,0.6033167791713976,63,111,703,32,11.070000000000002
0,3275,3931,5.9699688,1.8234480146609653,2.2668
0,3657,3931,6.7928504,1.8580006564551423,2.1573
0,3656,3931,6.6028223,1.8065177291381669,2.5144
0,3820,3931,7.3624464,1.9278466614296936,2.261715463917526
0,3275,3931,6.0272113,1.8409319792302994,2.3284656565656565
0,3806,3931,7.2563594,1.9070589750328515,2.2003977142857143
0,3902,3931,7.678316,1.968294283517047,2.282972666666667
0,3658,3931,6.7754343,1.8527301886792453,3.1616
1,3931,3931,7.6976552,1.9586908905852418,2.9971,76,0.3007635343304414,0.5709855041726033,0.5903114458501961,0.6033167791713976,59,107,647,30,10.8
0,3820,3931,7.2379419,1.8952453260015711,2.1391999999999998
0,3809,3931,7.2242459,1.8971233981092437,2.1418
0,3820,3931,7.5686892,1.9818510604870385,2.129689617486339
0,3805,3931,7.0740973,1.859647029442692,2.1668
1,3931,3931,7.5059222,1.9099038676844784,2.2471,671,0.37087787047701265,0.4716906511031168,0.5534952921274117,0.6033167791713976,53,100,627,29,11.25
0,3275,3931,5.9972086000000004,1.8317680513133785,2.164
0,3820,3931,7.5610839,1.9798596229379417,2.23186275862069
0,3275,3931,6.0377523,1.8441515882712278,2.2369
1,3931,3931,7.8972282,2.0094728244274807,2.1348000000000003,4,0.9585024019102079,1.145708624935253,1.2054038962408722,0.6033167791713976,57,102,645,31,10.32
1,3931,3931,8.1590098,2.0760839185750637,2.2577000000000003,63,0.8941905662723337,1.1912319520941006,1.2194110308531427,0.6033167791713976,63,107,660,28,10.5
1,3931,3931,8.017519,2.0400811704834605,2.314471485943775,1989,1.197173886053432,1.5226366107920069,1.5226366107920069,0.6033167791713976,68,114,700,31,11.480000000000002
1,3931,3931,7.5857304,1.9302112977099237,2.3279,102,1.1874421096589118,1.5370020802151465,1.5370020802151465,0.6033167791713976,79,124,701,29,11.890000000000002
1,3931,3931,7.8289223,1.9920921882951654,2.2405,1799,0.5174051031555931,0.7398357682772374,0.7398357682772374,0.6033167791713976,71,113,641,30,11.040000000000003
0,3820,3931,7.5785299,1.9844278345116524,2.3416177777777776
0,3275,3931,6.0638371,1.852118845448992,2.216857931034483
0,3656,3931,6.8279321,1.8681072777017784,2.4707000000000003
0,3421,3931,6.3239758,1.8491157309941522,2.2499
0,3658,3931,6.6920146,1.8299192234071644,2.0972999999999997
0,3656,3931,6.5793884,1.8001062653898767,2.467
0,3820,3931,7.607258,1.9919502487562188,2.161287375415282
0,3820,3931,7.4515218,1.951170934799686,2.339622147651007
0,3820,3931,7.0828035,1.8546225451688925,2.618
0,3656,3931,6.9532697,1.9023993707250342,2.181641946308725
0,3810,3931,7.6501778,2.0084478340771854,2.5733
1,3931,3931,7.4844526,1.904440865139949,2.2785,6,0.8246705876064192,0.8543604542871398,1.0107418182618233,0.6033167791713976,57,103,629,30,10.5
1,3931,3931,8.1122047,2.0641742239185747,2.286376551724138,1,0.8680829863132822,0.8680829863132822,1.1953014401405735,0.6033167791713976,72,117,670,31,11.25
1,3931,3931,8.0477573,2.047775394402036,2.287388704318937,922,1.2862066270832662,1.5399502534259282,1.5658386516998262,0.6033167791713976,94,144,764,31,13.340000000000003
1,3931,3931,7.7838762,1.9806300763358777,2.1917,4,0.5557951726974505,0.6116008064521045,0.8937776340679809,0.6033167791713976,59,102,643,31,10.8
0,3275,3931,5.8494888,1.7866489920586437,2.2112999999999996
0,3820,3931,7.5122686,1.967077402461377,2.3073
0,3804,3931,7.3399723,1.9300479358401263,2.5681
1,3931,3931,8.0524441,2.0489679643765903,2.2764,2,0.7768892142142974,0.8141394884025984,1.1094990431518998,0.6033167791713976,63,106,623,30,10.32
1,3931,3931,7.8251076,1.9911215267175573,2.4532342281879194,3,0.8726976069573197,0.8920853106652965,1.2747960195568406,0.6033167791713976,56,100,627,33,10.080000000000002
,,,,,,,,,,,,,,,
627,,,,,,,,,,,,,,,
0.293542253545076,587,,,,,,,,,,,,,,
0.33417280509083136,668,,,,,,,,,,,,,,
