0.006557096727192402 0.00034001516178250313 0.00027847058658419025
0.013172779232263565 0.0005200186278671026 0.0012061527301167906
0.021728480234742165 0.0010226481826975942 0.0032527271882270637
0.03559928014874458 0.0016027155797928572 0.008172227220086228
0.048335086554288864 0.0022624877747148275 0.009384809374195658
0.06270425766706467 0.00303576304577291 0.010132964131175317
0.07721757143735886 0.0036567235365509987 0.010132966925139774
0.09141726046800613 0.004505579825490713 0.01045149798134462
0.10531256347894669 0.005159029271453619 0.010639372062494842
0.11917322874069214 0.005686395335942507 0.012523112679563566
0.1332031935453415 0.006349917966872454 0.013613637233722841
0.14725548028945923 0.0069250981323421 0.012031511370011454
0.16622403264045715 0.007900326512753963 0.007089671211815246
0.1802939474582672 0.008671946823596954 0.004347894074996723
0.19431082904338837 0.009199611842632294 0.0035210712221362115
0.2083704173564911 0.009783130139112473 0.0035914029924032664
0.222516268491745 0.010324272327125072 0.0038388750746364666
0.2367478460073471 0.010995687916874886 0.0032373603692826985
0.25071075558662415 0.011870548129081726 0.002618918809629769
0.26858586072921753 0.012769724242389202 0.0027128548541639273
0.2819274961948395 0.013227793388068676 0.003523721637849207
0.2957976758480072 0.013561478815972805 0.0035237223363632714
0.30990031361579895 0.014203870669007301 0.0034202490011575166
0.3237347900867462 0.014650589786469936 0.0031506001231332444
0.3372727036476135 0.015311229042708874 0.003136056162017986
0.35050222277641296 0.016021067276597023 0.004865049037612268
0.3636784553527832 0.01654365099966526 0.006005889563018052
0.3811988830566406 0.017332080751657486 0.00928297266145764
0.39441806077957153 0.01778850518167019 0.012111806446916647
0.40783822536468506 0.018274590373039246 0.014231817099515891
['bump_left']
0.4215235114097595 0.01903229020535946 0.017627554146029675
0.4304754436016083 0.0192674919962883 0.02214069030665798
0.4317314922809601 0.019109677523374557 0.024097389772616228
0.4303056001663208 0.01903686858713627 0.019352020505372877
0.4254382848739624 0.019086016342043877 0.016042610759800926
0.4169214963912964 0.018954169005155563 0.015114472712695204
0.4119879901409149 0.018978208303451538 0.013883540829048756
0.4023059606552124 0.01874188706278801 0.011560430973746306
0.3952699899673462 0.018693020567297935 0.009872452867492052
0.38846737146377563 0.01858541928231716 0.007579365280045568
0.3816470801830292 0.018487798050045967 0.004591291214987544
0.37559765577316284 0.01850305311381817 0.002582386272046825
0.37100639939308167 0.018616557121276855 0.008007586669164258
['bump_left']
0.3673747777938843 0.018239839002490044 0.03377919168828948
0.36675670742988586 0.017970332875847816 0.043759857348112954
0.3664582669734955 0.017996693029999733 0.03923087886619279
0.36334994435310364 0.017926350235939026 0.035415246472000596
0.35835763812065125 0.017715545371174812 0.032401914914360556
0.351765513420105 0.017450397834181786 0.030651945142530012
['bump_left']
0.3446725010871887 0.017371246591210365 0.029048609706933255
0.3373245298862457 0.017237920314073563 0.02699489601443602
0.3334706723690033 0.017204124480485916 0.023159380594614823
0.33418112993240356 0.017183955758810043 0.01961536811259302
0.33612334728240967 0.017368370667099953 -0.0026827793846006874
0.33600279688835144 0.017636597156524658 -0.03585965337466025
0.3355027735233307 0.0179846603423357 -0.038785494029026424
0.3355258107185364 0.01813148520886898 -0.013395973090460775
0.3357074558734894 0.017590317875146866 0.023770547309468378
['bump_left']
0.33556637167930603 0.01720212958753109 0.06902267679291546
0.33643829822540283 0.016300732269883156 0.11387629424430479
0.3366546332836151 0.016243034973740578 0.11200782258485521
0.3363047242164612 0.01641705445945263 0.08725115564696934
0.3362281024456024 0.016344597563147545 0.05065915561369468
0.3361101746559143 0.016628354787826538 0.004633697040199145
0.33564674854278564 0.017230605706572533 -0.04121397431565078
0.3344542980194092 0.01780572347342968 -0.048689322153506694
0.3338629901409149 0.018048077821731567 -0.02880443766459875
0.3337080776691437 0.017984049394726753 0.010077122401902668
0.33384132385253906 0.01720283180475235 0.0701787402953164
['bump_left']
0.3341046869754791 0.01662719063460827 0.11061830577841562
0.33482852578163147 0.016173776239156723 0.1197717479910393
0.3347929120063782 0.016405224800109863 0.1042978092190657
0.3348066508769989 0.016374804079532623 0.07653257524970195
0.33484336733818054 0.016451885923743248 0.03492819674706506
0.3343639671802521 0.017004258930683136 -0.03356312633886095
0.3337518870830536 0.017517369240522385 -0.04970752984960724
0.33324843645095825 0.017812862992286682 -0.0415920746156754
0.3371866047382355 0.013009731657803059 0.011158354188325366
['bump_left']
0.3327285647392273 0.01705155335366726 0.06989710400371275
0.33297133445739746 0.016360342502593994 0.1134496951175367
0.332817941904068 0.016839275136590004 0.1062583544500984
0.33359819650650024 0.016055023297667503 0.10488557209268629
0.33354657888412476 0.016150137409567833 0.08389435453468243
0.33351433277130127 0.01627335138618946 0.02692234536531112
0.3329763412475586 0.01689520664513111 -0.025356338054550856
0.33226045966148376 0.017317144200205803 -0.03435993347086919
0.3312728703022003 0.017565056681632996 -0.015590117800529768
0.3309973180294037 0.017558299005031586 0.026294284589080726
0.3310479521751404 0.017072660848498344 0.07290196811651643
['bump_left']
0.33132922649383545 0.0160890594124794 0.1273552732603021
0.3314288258552551 0.015825070440769196 0.14840191746131834
0.33170056343078613 0.01572173461318016 0.14451355597331053
0.3318234980106354 0.015670491382479668 0.11944782366577106
0.33192434906959534 0.01577208936214447 0.08363345150919223
0.3318401575088501 0.015940498560667038 0.03442549805685784
0.331259161233902 0.016302913427352905 -0.01974611045605813
0.3305025100708008 0.016907542943954468 -0.034908152337630026
0.330031156539917 0.01722683198750019 -0.0233284380499243
0.32951706647872925 0.017409376800060272 0.014340489553142223
0.32973262667655945 0.016782741993665695 0.07926132589525256
0.3298906981945038 0.015921905636787415 0.12026063199744354
['bump_left']
0.32970669865608215 0.01570769213140011 0.16096857659683328
0.33006879687309265 0.015212040394544601 0.17900432593056506
0.3302192687988281 0.015175535343587399 0.16439015253859068
0.33041122555732727 0.015223237685859203 0.13696464794505459
0.33059874176979065 0.015236517414450645 0.09552591227617896
0.3305785357952118 0.015432649292051792 0.04398659834419117
0.329710990190506 0.016143621876835823 -0.006161425510251224
0.32923775911331177 0.01659071445465088 -1.4087496200103659e-05
0.32886022329330444 0.01661812886595726 0.02067451461866512
0.32845425605773926 0.01679961010813713 0.063737387032653
0.3286474049091339 0.016041923314332962 0.11020703751913097
['bump_left']
0.32850030064582825 0.015596768818795681 0.1524130993190311
0.3286529779434204 0.01517709530889988 0.1943127222888186
0.3291340470314026 0.014876686967909336 0.20141578800784574
0.3294564187526703 0.014912859536707401 0.17405703778869683
0.32971426844596863 0.01493633072823286 0.13745578993548374
0.3298600912094116 0.015040643513202667 0.0915910181692817
0.32985949516296387 0.01516183465719223 0.039122282659192126
0.3290584087371826 0.015812788158655167 0.02634724629227217
0.32902848720550537 0.016197271645069122 0.03748150963920258
0.32861414551734924 0.01623767614364624 0.07901181609360483
0.32857391238212585 0.01576146110892296 0.12725645587298626
['bump_left']
0.32849252223968506 0.015180325135588646 0.1829599360961211
0.32850372791290283 0.014900820329785347 0.22419044642574204
0.3290446102619171 0.014544552192091942 0.2286677228315107
0.32917320728302 0.014564849436283112 0.20778906807252157
0.3293948471546173 0.01458688173443079 0.17531959315151707
0.3296792507171631 0.014608195051550865 0.12995647958293843
0.3298828899860382 0.014718853868544102 0.07211912488948265
0.32905665040016174 0.01519522350281477 0.03863592213998769
0.328317254781723 0.01575767621397972 0.04398141192640187
0.32746806740760803 0.015777256339788437 0.06460219843885365
0.3270420432090759 0.015949400141835213 0.10980707492395186
0.32718589901924133 0.015292730182409286 0.15525097973356491
['bump_left']
0.32706764340400696 0.01492385845631361 0.1982446321946859
0.32689791917800903 0.01465146616101265 0.24199812555087352
0.32728877663612366 0.01403725240379572 0.2544913864550377
0.3274003863334656 0.01411126647144556 0.23310189035190754
0.3277823328971863 0.014192496426403522 0.18960853158347427
0.3280426263809204 0.014209138229489326 0.13951241253324947
0.32793813943862915 0.014345896430313587 0.08767202276399516
0.3270062804222107 0.015020202845335007 0.07099352459012169
0.326542466878891 0.01539684273302555 0.07991577696212745
0.32635459303855896 0.015536289662122726 0.12108858197344494
0.3264797031879425 0.014988101087510586 0.17160243127352076
0.3262084126472473 0.014678465202450752 0.22912242118298592
['bump_left']
0.3261265456676483 0.0143784424290061 0.2724097768020863
0.32688239216804504 0.013935807161033154 0.28475627877019005
0.3270702064037323 0.013989370316267014 0.26430683227408514
0.32735928893089294 0.014003663323819637 0.23365978272292276
0.3276883661746979 0.014046736061573029 0.19116988503035084
0.3277832567691803 0.01419728621840477 0.13537147510419323
0.32744866609573364 0.014812310226261616 0.09125794664588395
0.32700270414352417 0.015262479893863201 0.09176147548524152
0.32696112990379333 0.015459071844816208 0.11438636782614643
0.32646989822387695 0.015502969734370708 0.15906379022028727
0.3263552784919739 0.015055693686008453 0.20764680697168716
0.32627061009407043 0.014727475121617317 0.25258877497219623
['bump_left']
0.32608121633529663 0.014419391751289368 0.29792858894668633
0.32586169242858887 0.014158201403915882 0.33795033121418727
0.3264658749103546 0.01382498536258936 0.34133503633001505
0.32681429386138916 0.013707345351576805 0.3086872124336065
0.32684627175331116 0.013773699291050434 0.2845677554422004
0.32726988196372986 0.013833257369697094 0.219768140886447
0.32730814814567566 0.01391992624849081 0.15916962478469887
0.3268553614616394 0.014538170769810677 0.1299743860708168
0.32664215564727783 0.015014976263046265 0.13354107860601278
0.32652947306632996 0.015086037106812 0.1518997561010136
0.32582318782806396 0.015328467823565006 0.19324114247032695
0.3255768418312073 0.014868815429508686 0.2597007447028563
0.32546713948249817 0.014550835825502872 0.3069978262482216
0.3253169059753418 0.014287368394434452 0.35114301450368
0.3251074254512787 0.014151573181152344 0.398181127300943
0.325200617313385 0.013891679234802723 0.44439018192770546
0.3251146972179413 0.013783208094537258 0.4902969675585717
0.32509222626686096 0.013583485968410969 0.5371094517135429
0.32523947954177856 0.013347180560231209 0.5815148109333623
0.3251786530017853 0.013273787684738636 0.6269044286228311
0.3250684440135956 0.013232695870101452 0.6882216612757189
0.3250892758369446 0.013135820627212524 0.735883689302651
0.32506975531578064 0.01308309193700552 0.7834246525031106
0.3249686360359192 0.013036292977631092 0.8302261927670063
0.3247729539871216 0.012974316254258156 0.8782202292471618
0.32489535212516785 0.012940254993736744 0.9276568447379834
0.3247734606266022 0.012839119881391525 0.9739666863340689
0.32506588101387024 0.012825950048863888 1.0194803937208319
0.3249189257621765 0.012668372131884098 1.0816864128353405
0.32499629259109497 0.012509209103882313 1.1269319728973937
0.3251287043094635 0.012395251542329788 1.1725334583282148
0.32519984245300293 0.012370917946100235 1.2172919917685592
0.32529643177986145 0.012350330129265785 1.2628575001998035
0.32546472549438477 0.012292244471609592 1.309051874519062
0.3255328834056854 0.01220179907977581 1.3547587549506126
0.3257372975349426 0.012123473919928074 1.4013178194263647
0.32585975527763367 0.012039904482662678 1.4619322372037182
0.32579678297042847 0.0118666160851717 1.5069879727136861
0.3258201777935028 0.011957149021327496 1.5541007402014733
0.325857549905777 0.012056421488523483 1.600265179726223
0.3258504569530487 0.011992699466645718 1.6465712272734816
0.32595041394233704 0.012075834907591343 1.6945725739950903
0.32591497898101807 0.01194146741181612 1.743743331426827
0.3258901536464691 0.011968891136348248 1.7910735374742772
['bump_right']
0.32614484429359436 0.012364963069558144 1.8439055088859702
0.3263711631298065 0.012810051441192627 1.8505978442733704
0.32641929388046265 0.012925134971737862 1.8478815865622111
['bump_right']
0.326433390378952 0.012753584422171116 1.8503278064551985
0.3264292776584625 0.012499568983912468 1.8671070171950936
0.3263475298881531 0.012829165905714035 1.8737087865044582
0.32643795013427734 0.012895415537059307 1.8703733760646466
['bump_right']
0.326406329870224 0.012426228262484074 1.8857969069448155
0.3263689875602722 0.01275551412254572 1.8976320274625034
0.3264508843421936 0.01273929513990879 1.8933679729734458
0.32645758986473083 0.01256418228149414 1.894982341762755
0.32628878951072693 0.011931920424103737 1.9193565102083767
['bump_right']
0.3259914517402649 0.011617166921496391 1.9639833715774697
0.32584983110427856 0.011822939850389957 2.0127735311961743
0.32605046033859253 0.012643805705010891 2.0227183951649192
0.3260982036590576 0.01264747604727745 2.018872234727794
0.3261048495769501 0.012481569312512875 2.018872234727794
0.32622531056404114 0.011951250955462456 2.0457577700523912
0.3259926438331604 0.011626812629401684 2.09286113718699
['bump_right']
0.3259511888027191 0.011900893412530422 2.1432531607890457
0.32606035470962524 0.012743804603815079 2.165837322708616
0.32601025700569153 0.012848089449107647 2.1611743005560786
['bump_right']
0.32598668336868286 0.012765872292220592 2.1614978690404505
0.32622283697128296 0.012781036086380482 2.1697573633628813
0.32622864842414856 0.012692268937826157 2.175125587418161
0.32610461115837097 0.012181615456938744 2.2004304379878694
0.32589462399482727 0.011959340423345566 2.242387933486639
0.32568711042404175 0.011742750182747841 2.2926269189938866
0.32563355565071106 0.011758924461901188 2.353125554516696
0.3255921006202698 0.011807357892394066 2.4132434866832018
0.3255406320095062 0.011950895190238953 2.473456381863751
0.32544392347335815 0.012078985571861267 2.532024576498731
0.3252883553504944 0.012509581632912159 2.6085379087643217
0.3251578211784363 0.012512631714344025 2.666657179304932
0.32500141859054565 0.012687861919403076 2.7236251720682723
0.32503587007522583 0.01268091332167387 2.78050972482532
0.32486143708229065 0.012958772480487823 2.8375511353002003
0.32485270500183105 0.012920768931508064 2.8935134421513435
0.3248080611228943 0.01293101441115141 2.9541346994560804
0.32462626695632935 0.013306542299687862 3.0130898862162567
0.3241104483604431 0.013815205544233322 3.0874717197015107
0.323263943195343 0.014431681483983994 3.1091811653531383
0.32327795028686523 0.014823061414062977 3.1122882369164
0.3243831396102905 0.014279169030487537 -3.1360764505407475
0.3241635859012604 0.014407417736947536 -3.082531692589052
0.3239574730396271 0.014845171943306923 -3.035666943129911
0.3239089846611023 0.015251745469868183 -2.99050521558428
0.32391348481178284 0.01543179526925087 -2.929844375302588
0.32376736402511597 0.015568824484944344 -2.884778501779838
0.32356956601142883 0.01584969274699688 -2.8367299882294312
0.3234051465988159 0.016110440716147423 -2.7910797554140143
0.32351016998291016 0.01630212739109993 -2.7440314238580283
0.3233770430088043 0.016640858724713326 -2.6947746179311096
0.32315418124198914 0.016927409917116165 -2.648944607483641
0.3230706751346588 0.017253493890166283 -2.6013546461909836
0.32281503081321716 0.017576413229107857 -2.5554943048504053
0.3227136433124542 0.017918681725859642 -2.495593276281574
0.322494238615036 0.018299885094165802 -2.4493360848696466
0.3224124312400818 0.01877688616514206 -2.403997438372322
0.32253649830818176 0.019188890233635902 -2.3571538806669494
0.32218238711357117 0.019546804949641228 -2.3089721488371024
0.32195305824279785 0.01976032927632332 -2.2644419344593385
0.32175007462501526 0.019918741658329964 -2.231648662127642
0.3234037160873413 0.020398180931806564 -2.190793009122265
0.3212606608867645 0.02057669125497341 -2.1076512056483954
0.32122164964675903 0.021071776747703552 -2.0597204918997845
0.32091617584228516 0.021454907953739166 -2.0120220336964625
0.3209187984466553 0.021733585745096207 -1.9648381817038671
0.3204188942909241 0.021418647840619087 -1.9188090529277524
0.3197437822818756 0.01979740895330906 -1.8772709427902723
0.3181997537612915 0.01603776589035988 -1.843118213967091
0.3167212903499603 0.01096853893250227 -1.8156411841227442
0.31445634365081787 0.002125845290720463 -1.7864461714445756
0.31218236684799194 -0.006280930247157812 -1.7671377420021939
0.3098560571670532 -0.01593976467847824 -1.7534257808716784
0.30755695700645447 -0.027166694402694702 -1.7464300047516204
0.30488404631614685 -0.03966671973466873 -1.7422584613615257
0.30200493335723877 -0.05348891019821167 -1.7427609017205918
0.29910314083099365 -0.06786423176527023 -1.7433790395224427
0.2952914834022522 -0.08633709698915482 -1.7428751782576946
0.29254502058029175 -0.09979512542486191 -1.7429812549480694
0.2898450493812561 -0.1134110540151596 -1.7429812549480694
0.2870143949985504 -0.12738347053527832 -1.742019058275314
0.2841043770313263 -0.1412951648235321 -1.7394858436608347
0.2812257707118988 -0.1552508920431137 -1.737479760343225
0.27834582328796387 -0.16936831176280975 -1.7369340856669333
0.2756011486053467 -0.18300028145313263 -1.736252462995574
0.27178969979286194 -0.201517716050148 -1.7364234610040774
0.26903459429740906 -0.2152436375617981 -1.7364230339982014
0.26628920435905457 -0.22942784428596497 -1.7353238563973965
0.26337751746177673 -0.2437305897474289 -1.7336332856320893
0.26047366857528687 -0.25815802812576294 -1.731928555081492
0.25787821412086487 -0.27210482954978943 -1.7317552752193395
0.25522735714912415 -0.28601986169815063 -1.7299510654391426
0.25246870517730713 -0.3000570237636566 -1.7291942083513552
0.24962349236011505 -0.31471186876296997 -1.7286618745958857
0.24606257677078247 -0.3341532349586487 -1.7262853009362507
0.24352936446666718 -0.34854385256767273 -1.7250769743289531
0.24106793105602264 -0.36298036575317383 -1.7235616472811657
0.23862645030021667 -0.3772338926792145 -1.7209063345158393
0.23611153662204742 -0.39166176319122314 -1.7188682441040286
0.2339433878660202 -0.4062381088733673 -1.7182152966642064
0.23152288794517517 -0.42089736461639404 -1.7164557827244264
0.22932182252407074 -0.43539008498191833 -1.7147180900161574
0.22618237137794495 -0.45451492071151733 -1.7147512601761108
0.22420190274715424 -0.46902015805244446 -1.714508053680852
0.22186733782291412 -0.4834984242916107 -1.7136233866457038
0.21975500881671906 -0.49811023473739624 -1.7136233866457038
0.21757225692272186 -0.5127806067466736 -1.7123476715170955
0.21520237624645233 -0.5273581743240356 -1.7119345832441186
0.21286079287528992 -0.5420178771018982 -1.7125057479691952
0.20978714525699615 -0.5611453056335449 -1.7125057479689363
0.20752237737178802 -0.5756768584251404 -1.7126580654060468
0.20521777868270874 -0.5902965664863586 -1.7118245820441966
0.20304831862449646 -0.6046348810195923 -1.7105618671303946
0.2008277326822281 -0.6190566420555115 -1.7084836113240796
0.1987031102180481 -0.6335608959197998 -1.7077247431834632
0.1965935081243515 -0.648034393787384 -1.7078337282957063
0.1944018304347992 -0.6623314023017883 -1.7076500682473392
0.19216419756412506 -0.6772250533103943 -1.7083472545081193
0.18911989033222198 -0.6966567039489746 -1.7086009088346201
0.18692320585250854 -0.7107694745063782 -1.7088910493725609
0.1847258061170578 -0.7256017923355103 -1.7088910493725609
0.18252752721309662 -0.7402517795562744 -1.7086619483657801
0.1804279237985611 -0.7547162175178528 -1.7083690469182913
0.17809568345546722 -0.7693844437599182 -1.7075168025548493
0.17596648633480072 -0.7835429310798645 -1.708685793992735
0.17358362674713135 -0.7979738116264343 -1.7092774973282827
0.17065568268299103 -0.8170583844184875 -1.7092458017719967
0.16854290664196014 -0.8314717411994934 -1.7094317047277967
0.16628476977348328 -0.8461892008781433 -1.7082039643409244
0.16405253112316132 -0.8609272241592407 -1.7073755770761463
0.161873921751976 -0.8750986456871033 -1.7062812441162092
0.1596977561712265 -0.8893486857414246 -1.706061967632609
0.15748657286167145 -0.9035112261772156 -1.7068457354777111
0.15460819005966187 -0.923132598400116 -1.7072380674833731
0.15235647559165955 -0.9375946521759033 -1.7082492218521976
0.15022243559360504 -0.9515450596809387 -1.7081744926372735
0.14787693321704865 -0.9658346772193909 -1.70800247102105
0.1456560641527176 -0.9807894229888916 -1.7078763928032128
0.14326438307762146 -0.9948453307151794 -1.7058669760402543
0.14103323221206665 -1.00946044921875 -1.7059508687809677
0.13872462511062622 -1.0239284038543701 -1.7055258899154506
0.1364336460828781 -1.0383245944976807 -1.704177864270575
0.13347916305065155 -1.0572994947433472 -1.703462200341996
0.13116689026355743 -1.0717344284057617 -1.7012876406656592
0.12887205183506012 -1.086283802986145 -1.700074339001429
0.12662117183208466 -1.101090669631958 -1.6988587017371468
0.12443460524082184 -1.1156516075134277 -1.698378337971455
0.12232507020235062 -1.1301982402801514 -1.6984013718619573
0.12007912248373032 -1.1446727514266968 -1.6984013718619573
0.1172720417380333 -1.1640406847000122 -1.699851937364551
0.11515030264854431 -1.1787855625152588 -1.700495159339206
0.11308612674474716 -1.193524956703186 -1.7009088325441324
0.11092667281627655 -1.208257794380188 -1.6993587537968498
0.1087317168712616 -1.2228507995605469 -1.698245408570084
0.10647309571504593 -1.2374322414398193 -1.6969644923321103
0.10411420464515686 -1.2519817352294922 -1.6950046918504968
0.10196503251791 -1.2666481733322144 -1.6951521443110018
0.09973956644535065 -1.2810955047607422 -1.6950555561794078
0.09672664850950241 -1.3003551959991455 -1.6950816721086392
0.09451888501644135 -1.314371109008789 -1.6955791182132334
0.09248772263526917 -1.326871633529663 -1.6942752022460976
0.09085971862077713 -1.33735990524292 -1.6941234081037704
0.08916741609573364 -1.3472050428390503 -1.6941232398472605
0.08748306334018707 -1.3578685522079468 -1.6938666364119837
0.0856769010424614 -1.3686672449111938 -1.694507871431107
0.08342842757701874 -1.3832019567489624 -1.695022853813424
['bump_right']
0.08173120766878128 -1.3940441608428955 -1.695618244744641
0.08151938766241074 -1.4010777473449707 -1.7021660113860253
0.08193957805633545 -1.400496482849121 -1.7078363256991278
0.08161427825689316 -1.3981136083602905 -1.7027459086882446
0.08181942999362946 -1.394029140472412 -1.701554118440683
0.08208218961954117 -1.3892157077789307 -1.702879291426919
0.08256686478853226 -1.3823200464248657 -1.7039320568499146
0.08326514065265656 -1.375 -1.7039320568499146
0.08388315141201019 -1.366036057472229 -1.7051561437689378
0.08445654064416885 -1.359209656715393 -1.7052447768741845
0.08482803404331207 -1.3533082008361816 -1.7041517932028094
0.08532954752445221 -1.3487193584442139 -1.6939132605805238
0.08570940792560577 -1.3454782962799072 -1.6707507217729467
0.08570722490549088 -1.3432859182357788 -1.6421854153651136
0.08575695008039474 -1.3421411514282227 -1.6061336345856245
0.08556675910949707 -1.341879963874817 -1.5587461733825276
0.0850391685962677 -1.3424363136291504 -1.4943741130080395
0.08465468883514404 -1.3425523042678833 -1.4471242561563742
0.08431979268789291 -1.342763900756836 -1.3985959432741866
0.08399830013513565 -1.3428425788879395 -1.3524450252184177
0.08355633169412613 -1.3431040048599243 -1.3056817274252954
0.08303546160459518 -1.3432376384735107 -1.2591912963953678
0.08266308158636093 -1.3431257009506226 -1.2118749916170573
0.08222677558660507 -1.3433492183685303 -1.1650515563077717
0.08183660358190536 -1.3434721231460571 -1.1046765162582397
0.08157789707183838 -1.343685507774353 -1.057056976233998
0.08127988129854202 -1.3439135551452637 -1.008368269392136
0.08096248656511307 -1.3439435958862305 -0.9617723218074451
0.08054596185684204 -1.3441458940505981 -0.9146410590208782
0.08015107363462448 -1.3444311618804932 -0.8674726179954377
0.07983051985502243 -1.3445643186569214 -0.8202042777823237
0.07949531823396683 -1.3448586463928223 -0.7724786124687468
0.0791352167725563 -1.3449962139129639 -0.7267232080720168
0.0786605253815651 -1.345260739326477 -0.6635780975660279
0.07842886447906494 -1.3455135822296143 -0.615708555958218
0.07801704853773117 -1.3455333709716797 -0.5701741967567168
0.07774495333433151 -1.345788836479187 -0.5232071916208763
0.07749893516302109 -1.3461016416549683 -0.47695950644292684
0.07712773233652115 -1.3461278676986694 -0.4309444899914375
0.07680890709161758 -1.3463186025619507 -0.38309526128887705
0.076541006565094 -1.3465642929077148 -0.3377450517743442
0.07603316009044647 -1.3466967344284058 -0.27415311436091144
0.07580918818712234 -1.3469150066375732 -0.22865945220772343
0.07557351142168045 -1.3470176458358765 -0.18297263801174432
0.07533761113882065 -1.3473148345947266 -0.13630711996602873
0.07509911060333252 -1.3476701974868774 -0.09031052044520925
0.07474861294031143 -1.34772527217865 -0.04358153010603616
0.07448465377092361 -1.348037838935852 0.018844654984241642
0.07426238805055618 -1.3482056856155396 0.04899486056866963
0.07399674504995346 -1.3484643697738647 0.11056236847637019
0.07379985600709915 -1.3486610651016235 0.15973191001789552
0.07366039603948593 -1.3488705158233643 0.20535167326126696
0.07349643111228943 -1.3491708040237427 0.2528961087654835
0.07344939559698105 -1.349516749382019 0.30008079018815786
0.07304120063781738 -1.3496336936950684 0.3465106900074791
0.0729369968175888 -1.3497674465179443 0.39579229464578125
0.07321818172931671 -1.3498724699020386 0.4392096415848207
0.07515021413564682 -1.3488930463790894 0.49468570547647595
0.07852859050035477 -1.3471111059188843 0.5303039549149827
0.0829889178276062 -1.3442615270614624 0.5600678691795785
0.08868886530399323 -1.340638279914856 0.5833261440158071
0.0955241322517395 -1.3360340595245361 0.6026560526624148
0.10373441129922867 -1.3301482200622559 0.6178413211997841
0.11271027475595474 -1.3235772848129272 0.6286538929772186
0.1230240985751152 -1.3156760931015015 0.6359016865659731
0.1380300223827362 -1.3041276931762695 0.6361868641944096
0.14892032742500305 -1.2956252098083496 0.6353687339280498
0.15957365930080414 -1.2874469757080078 0.6364189218365675
0.17043885588645935 -1.2793477773666382 0.6369499000588672
0.18149930238723755 -1.271019697189331 0.6366846544928516
0.19265802204608917 -1.2622489929199219 0.638102430719173
0.2031855285167694 -1.254023790359497 0.6385454644589798
0.21776460111141205 -1.2429732084274292 0.6392906556704283
0.22871990501880646 -1.2344518899917603 0.6389820210222875
0.23924386501312256 -1.2262152433395386 0.6403244244131162
0.2501974105834961 -1.2178252935409546 0.6419161122448853
0.2610298693180084 -1.2094125747680664 0.6422951128286356
0.27166253328323364 -1.2010425329208374 0.6426483155606245
0.2829703688621521 -1.192229151725769 0.6425442737662279
0.29329627752304077 -1.1841336488723755 0.6425442737662279
0.3079594373703003 -1.1726607084274292 0.6441079504997357
0.3192910850048065 -1.163840889930725 0.6460851832345578
0.3299868404865265 -1.1555944681167603 0.6475494443875973
0.34087613224983215 -1.1469603776931763 0.647828136696886
0.3516053259372711 -1.1386492252349854 0.6482793427145609
0.36256977915763855 -1.1303352117538452 0.6478213655261289
0.37393882870674133 -1.1216018199920654 0.6473163682967202
0.3842715919017792 -1.1133484840393066 0.6473513031552269
0.3946952819824219 -1.1049182415008545 0.6486045450828499
0.40933874249458313 -1.0939000844955444 0.6530361974598106
0.4198121726512909 -1.0857789516448975 0.6531363123599196
0.43087238073349 -1.0770009756088257 0.6542780394008711
0.44182607531547546 -1.0684938430786133 0.6564681255144705
0.45287206768989563 -1.0600053071975708 0.6576761605379644
0.4637894034385681 -1.05134117603302 0.6578173993954105
0.4745178520679474 -1.0429121255874634 0.6592332606102613
0.4856167733669281 -1.0342934131622314 0.6608286438960516
0.5008037686347961 -1.0224639177322388 0.661814917501338
0.5116350054740906 -1.013939619064331 0.662245114318601
0.5223650336265564 -1.0053801536560059 0.6621244732256956
0.5329134464263916 -0.9971238374710083 0.6611369707147023
0.5438730120658875 -0.9883843660354614 0.6623535111882082
0.5547152757644653 -0.9797221422195435 0.6623731769872272
0.565528392791748 -0.9708359241485596 0.66299224152523
0.5803021788597107 -0.9592340588569641 0.663699125842871
0.5913310647010803 -0.9504744410514832 0.6635348990059053
0.6020503640174866 -0.9417831301689148 0.6643208148091209
0.6128040552139282 -0.9331141710281372 0.6648893343401644
0.6234980821609497 -0.9243168830871582 0.6667349018415109
0.6344534158706665 -0.9154523015022278 0.6687308604888934
0.6456723809242249 -0.9066449403762817 0.6687308604888934
0.6560141444206238 -0.8980953693389893 0.6678234429005162
0.6705816388130188 -0.8863385915756226 0.6688684371976334
0.6817825436592102 -0.8771716356277466 0.6685848437938784
0.6924892663955688 -0.8683849573135376 0.6693771198256224
0.7034030556678772 -0.8596040606498718 0.6698593069796429
0.7139002680778503 -0.8510608077049255 0.6696130337399592
0.7246842384338379 -0.8421453833580017 0.6690948526750707
0.735658586025238 -0.8330852389335632 0.66903828935628
0.7462016940116882 -0.8244662284851074 0.6700449551906994
0.7573739886283875 -0.8152845501899719 0.6714245578382821
0.7722166180610657 -0.8030033707618713 0.6733847321413288
0.7825519442558289 -0.7945309281349182 0.673624938624288
0.7933298349380493 -0.7854263186454773 0.6740301612800372
0.8037523031234741 -0.7766982316970825 0.6741571875598565
0.8147791624069214 -0.767383337020874 0.6747392521424287
0.8261178135871887 -0.7582293152809143 0.6753606614487977
0.836408257484436 -0.7496336698532104 0.6754179447130764
0.8505567908287048 -0.7377920746803284 0.6772289437269627
0.8611064553260803 -0.7290940284729004 0.6768342140995418
0.8718520402908325 -0.7199152112007141 0.6775177725755569
0.8825916647911072 -0.7111203074455261 0.6778058107893415
0.8930882811546326 -0.7024360299110413 0.6768177996375606
0.903425931930542 -0.6935160756111145 0.6768177996356111
0.914115846157074 -0.6847832798957825 0.6772561092929396
0.924845814704895 -0.6758345365524292 0.6773362164196436
0.9357431530952454 -0.6669002175331116 0.6789561108350912
0.9500250816345215 -0.6550927758216858 0.6790736815557423
0.9607540965080261 -0.6460670232772827 0.6803540415807984
0.9714128375053406 -0.6371700167655945 0.680591053491031
0.9819804430007935 -0.6283782720565796 0.6810972646877321
0.9927113056182861 -0.619577944278717 0.6813476042242403
1.0033729076385498 -0.6106759309768677 0.6807950593272715
1.0139614343643188 -0.6019670963287354 0.6809553935723124
1.0245252847671509 -0.5933235883712769 0.6810970678876705
1.0388703346252441 -0.5814268589019775 0.6816214443620155
1.0494762659072876 -0.5726528763771057 0.6819593411118023
1.06032133102417 -0.5636773109436035 0.6817180962214715
1.0710272789001465 -0.5548669695854187 0.6818102140690657
1.0817450284957886 -0.5457285642623901 0.6818102140690657
1.0922017097473145 -0.5371979475021362 0.6819038318793336
1.1029492616653442 -0.5282166600227356 0.6817952995455338
1.117750644683838 -0.5158103108406067 0.6830297629076674
1.128351092338562 -0.5068462491035461 0.6841077923895963
1.1392606496810913 -0.49760082364082336 0.6852647610703274
1.149915099143982 -0.4885733723640442 0.687695423064466
1.1605464220046997 -0.4793734848499298 0.6881305817518435
1.1715128421783447 -0.4699472486972809 0.6880792507634175
1.1818244457244873 -0.4608594477176666 0.6879810056585695
1.1924004554748535 -0.4517378509044647 0.6882498780021299
1.2027561664581299 -0.4426533877849579 0.6883932119992888
1.2168574333190918 -0.4304148256778717 0.6892672897833124
1.2273956537246704 -0.42116591334342957 0.6915218377853044
1.2378519773483276 -0.4122251868247986 0.6916709268533423
1.2485151290893555 -0.4026423990726471 0.6916650953261297
1.2593517303466797 -0.39329466223716736 0.6928115404329436
1.2695846557617188 -0.38442593812942505 0.69145434819998
1.2801880836486816 -0.3753401041030884 0.6915491349855628
1.2946192026138306 -0.36280035972595215 0.6927125558063804
1.3051464557647705 -0.3534354269504547 0.6934884871828123
1.3159250020980835 -0.3439776599407196 0.6943746654610014
1.3263914585113525 -0.33472955226898193 0.6948824409162274
1.3368043899536133 -0.3254542350769043 0.694882440916101
1.3473024368286133 -0.31614139676094055 0.6948614484084826
1.357526421546936 -0.3070061206817627 0.6943354610921718
1.3679653406143188 -0.29743489623069763 0.6951133941874121
1.3819429874420166 -0.2848156988620758 0.6960776574718895
1.3921066522598267 -0.2756975293159485 0.6975270406037689
1.4027416706085205 -0.26617544889450073 0.698357342665595
1.4130425453186035 -0.2569572925567627 0.6983429063862245
1.4236122369766235 -0.24699003994464874 0.6984055884968677
1.4344309568405151 -0.23724207282066345 0.6993169697766182
1.444480538368225 -0.22767288982868195 0.6991294680047947
1.4547170400619507 -0.2181742936372757 0.6975192041262006
1.4646183252334595 -0.20872806012630463 0.6974230947000959
1.479029893875122 -0.19534802436828613 0.6964261466777331
1.4894723892211914 -0.18556343019008636 0.6965357906794961
1.4996436834335327 -0.1761002540588379 0.6964670141362836
1.5103216171264648 -0.16629604995250702 0.694867218392086
1.520656943321228 -0.1565924435853958 0.6933511623466576
1.531023621559143 -0.14708632230758667 0.6921137330047338
1.541696310043335 -0.13746888935565948 0.6899339730229223
1.5555964708328247 -0.12456391751766205 0.6897874685193225
1.5661755800247192 -0.11493439227342606 0.6893822527479307
1.5766754150390625 -0.10529163479804993 0.689329441716025
1.5871903896331787 -0.09551326930522919 0.6885537407945836
1.5973739624023438 -0.0858917385339737 0.6873854044561296
1.607835054397583 -0.07611589133739471 0.6880235353502202
1.6182587146759033 -0.06619219481945038 0.6875606817019668
1.6285511255264282 -0.05650617554783821 0.6870445081150203
1.6388195753097534 -0.046777062118053436 0.6861620321859357
1.6527010202407837 -0.033734485507011414 0.6858124163043204
1.6630038022994995 -0.02404434233903885 0.6861371976823812
1.6733638048171997 -0.014065512455999851 0.6856340716431623
1.6835294961929321 -0.004290197044610977 0.6852574837590182
1.6936990022659302 0.005473749246448278 0.6856712768862014
1.7042332887649536 0.015162013471126556 0.6873637627853106
1.7181506156921387 0.02805662900209427 0.6877571785182075
1.72853684425354 0.03797502815723419 0.6877571785182075
1.7392553091049194 0.04782276600599289 0.6915531745784033
1.7496871948242188 0.057836879044771194 0.6937269600709131
1.7602190971374512 0.0677914172410965 0.695383118739263
['bump_left']
1.7703930139541626 0.07736152410507202 0.6980021306558465
1.7789878845214844 0.08389964699745178 0.706443845358409
1.7799752950668335 0.08360695093870163 0.7255204199217871
1.7785165309906006 0.08314347267150879 0.7233971784729556
1.7752777338027954 0.08114510774612427 0.7167372968992803
1.7693967819213867 0.07659612596035004 0.7177798738078676
1.764182209968567 0.07231738418340683 0.718478035561462
1.7582813501358032 0.06776151061058044 0.7193042182148919
1.7528846263885498 0.06356346607208252 0.7193041204574883
1.7479300498962402 0.059302303940057755 0.7203965447228032
1.742310643196106 0.05491361394524574 0.7217147875186265
1.73723304271698 0.050938770174980164 0.7222699279302722
1.7297736406326294 0.045022010803222656 0.722269927930503
1.7244499921798706 0.04082572087645531 0.7228301485348818
1.7193987369537354 0.03680281713604927 0.7232321969764586
1.71414053440094 0.03259960934519768 0.7228690973280096
1.7094413042068481 0.028992746025323868 0.724111845972216
1.707061767578125 0.02740638330578804 0.7300143307442287
1.7074875831604004 0.02762717194855213 0.7347108197331029
1.7084317207336426 0.028196342289447784 0.7494358294480965
1.7078170776367188 0.02837403491139412 0.7881729562953887
1.707624912261963 0.028534168377518654 0.8592374211121785
1.708027958869934 0.028767891228199005 0.9054426060729791
1.7081693410873413 0.02888910099864006 0.9524109359067185
1.7081630229949951 0.029051970690488815 0.999889971066155
1.7081854343414307 0.02923302724957466 1.0469207211484144
1.7081332206726074 0.02945317141711712 1.094749973886554
1.7082651853561401 0.029949640855193138 1.1594937016280569
1.7083396911621094 0.0302428025752306 1.2054878386116203
1.7084259986877441 0.030394172295928 1.251594270812614
1.7084107398986816 0.030525898560881615 1.299027212441426
1.7084039449691772 0.03067793883383274 1.3465351976660074
1.7084976434707642 0.030764419585466385 1.3931295749676018
1.7084375619888306 0.03094257041811943 1.4394598086460546
1.7084746360778809 0.031168118119239807 1.4878217351533192
1.7084648609161377 0.03144308924674988 1.534291887712069
1.7083812952041626 0.031482797116041183 1.5945683609108767
1.708417534828186 0.03161149099469185 1.6423216394452824
1.70840585231781 0.03194064274430275 1.6894403620681016
1.708300232887268 0.03221579268574715 1.7371929925530831
1.7083113193511963 0.03267628327012062 1.7850630592546475
1.7083570957183838 0.032868675887584686 1.8298746405603192
1.7082746028900146 0.033052779734134674 1.8776605345036381
1.7083464860916138 0.03351597115397453 1.9235995174429603
1.708048939704895 0.03369466960430145 1.985607352393476
1.7080421447753906 0.03406905755400658 2.032635000194238
1.7079060077667236 0.03454452380537987 2.0813646388763494
1.7077112197875977 0.03477134928107262 2.1294250273381343
1.7076362371444702 0.03519650548696518 2.1777045645335344
1.707585096359253 0.03550354391336441 2.2223723434795306
1.707648515701294 0.03566035255789757 2.2686829373762776
1.707682490348816 0.035628508776426315 2.3170026746705354
1.707663893699646 0.03631964698433876 2.3806991812348612
1.707488775253296 0.03663242235779762 2.42783257257395
1.707352876663208 0.03687999024987221 2.475462414658571
1.7071621417999268 0.037206508219242096 2.5238933977446765
1.7070107460021973 0.037569303065538406 2.5719220491730965
1.7069774866104126 0.03797788545489311 2.620181037629735
1.706870436668396 0.03823716565966606 2.66653753593079
1.7068545818328857 0.03827126696705818 2.7161173645869248
1.7064520120620728 0.038797639310359955 2.7638404321771812
1.7061597108840942 0.039228737354278564 2.825655954898787
1.7055342197418213 0.03951476514339447 2.874594209357761
1.7030513286590576 0.04048585146665573 2.9182322163433367
1.6989940404891968 0.04144640266895294 2.9532234588715243
1.6935830116271973 0.04243014380335808 2.988909960823021
1.6860653162002563 0.04385678842663765 3.0175621557270085
1.6772326231002808 0.04520363360643387 3.0391101886424896
1.6634325981140137 0.04689416661858559 3.058971404299479
1.65061616897583 0.048237819224596024 3.069652793590695
1.6365752220153809 0.049780089408159256 3.074801209391693
1.6216341257095337 0.051289740949869156 3.074557540104432
1.6069289445877075 0.052693333476781845 3.0739715067191047
1.5922611951828003 0.054094478487968445 3.073783631941384
1.5773946046829224 0.05551993101835251 3.0747840378225844
1.5623165369033813 0.05698263645172119 3.0755577047052935
1.5431222915649414 0.05874253064393997 3.0765752837132703
1.5280324220657349 0.060210853815078735 3.07591008914652
1.513367772102356 0.061670273542404175 3.075086114961014
1.4992402791976929 0.06307889521121979 3.0740654497080118
1.4852938652038574 0.06435000896453857 3.072391747960834
1.4707971811294556 0.06560956686735153 3.072022683796522
1.455765724182129 0.06701002269983292 3.0729582348844295
['bump_right']
1.4410427808761597 0.06832814961671829 3.075437787497655
1.4262301921844482 0.06899450719356537 3.075920826891484
1.425489068031311 0.06882136315107346 3.075338128845822
1.426537036895752 0.06874608993530273 3.0768270456917737
1.4311232566833496 0.06858355551958084 3.0785825316170925
1.4369205236434937 0.06847380846738815 3.0798003634320783
1.443462610244751 0.06845312565565109 3.079580312300286
1.450924038887024 0.06838565319776535 3.0777029980196113
1.4574503898620605 0.06838701665401459 3.0757620279709017
1.4660158157348633 0.06787257641553879 3.0765931549082985
1.4726519584655762 0.06765468418598175 3.077577355718579
1.4785702228546143 0.06752526015043259 3.0820417342997017
1.4834399223327637 0.0672357827425003 3.0947129689075736
1.4870293140411377 0.0672571137547493 3.1142866589739966
1.4899535179138184 0.0673723891377449 3.138943910703946
1.4915050268173218 0.06740978360176086 -3.1091103552825325
1.49165940284729 0.06753364950418472 -3.0634250678947885
1.491119146347046 0.06805190443992615 -2.999675749915169
1.4911108016967773 0.06833076477050781 -2.9516339290296614
1.4912663698196411 0.06856977939605713 -2.9047820782351352
1.4911935329437256 0.06896799057722092 -2.855826351368827
1.4911892414093018 0.06924552470445633 -2.810329449981463
1.4910117387771606 0.06957094371318817 -2.7633506935188903
1.4908095598220825 0.06990862637758255 -2.7161438576807626
1.4911432266235352 0.07008963823318481 -2.6690625968679442
1.490977168083191 0.07052288949489594 -2.6067402822441457
1.4906598329544067 0.07084320485591888 -2.562030776692759
1.491044521331787 0.07117199152708054 -2.5152354471470235
1.4906729459762573 0.07155288755893707 -2.467458531451358
1.4905333518981934 0.07188571244478226 -2.422872244302609
1.4904508590698242 0.07233024388551712 -2.377850993135247
1.4900109767913818 0.07278192043304443 -2.3330674114606085
1.4901700019836426 0.07310137897729874 -2.2866599541032993
1.4898444414138794 0.07370651513338089 -2.224524542709647
1.4894145727157593 0.07420941442251205 -2.1782011718336474
1.4896082878112793 0.07461545616388321 -2.129737818039789
1.4893393516540527 0.07488901913166046 -2.0810988808637543
1.4890861511230469 0.07520518451929092 -2.0354848073445044
1.488967776298523 0.07552506029605865 -1.9885921609862618
1.4887617826461792 0.0758398026227951 -1.9405609849073766
1.4885194301605225 0.07618396729230881 -1.8934844990074082
1.4881277084350586 0.0766524001955986 -1.8304471840707621
1.487753987312317 0.07694265991449356 -1.7838433244344627
1.4874022006988525 0.07725537568330765 -1.7387053724252077
1.4871639013290405 0.07760493457317352 -1.6930675727188618
1.486948013305664 0.07802733778953552 -1.6466701344651544
1.4866117238998413 0.07834034413099289 -1.5995251131210888
1.4862620830535889 0.07858932018280029 -1.5527656668665348
1.4859962463378906 0.07901686429977417 -1.5060897830079487
1.485649585723877 0.079492948949337 -1.4432743400175623
1.4852246046066284 0.07970898598432541 -1.3970256778903887
1.484887719154358 0.08002063632011414 -1.3506237565084527
1.4844915866851807 0.08045575022697449 -1.30335866250823
1.483986735343933 0.08072534203529358 -1.2551289097185643
1.4835772514343262 0.0809585377573967 -1.208218933047012
1.4832977056503296 0.08114095032215118 -1.161374102896072
1.482850432395935 0.0813087522983551 -1.1147683642082005
1.4829334020614624 0.08069239556789398 -1.0550703007527522
1.4837499856948853 0.07895544916391373 -1.0127358663585737
1.485807180404663 0.07551759481430054 -0.9790064876586622
1.4886929988861084 0.07092396169900894 -0.9506058274604465
1.4926759004592896 0.06550659239292145 -0.9276733968428252
1.4974900484085083 0.05913318693637848 -0.9075571626770753
1.503514051437378 0.051286302506923676 -0.891734339116902
1.5080785751342773 0.04581250250339508 -0.8840907260824458
1.5211678743362427 0.030479062348604202 -0.8702895235154396
1.529894471168518 0.020362436771392822 -0.8670941182120764
1.5388165712356567 0.010102794505655766 -0.8659978248237906
1.5478402376174927 5.874922499060631e-05 -0.8629965243137461
1.5571644306182861 -0.010329531505703926 -0.8617409457997306
1.5662004947662354 -0.02045733854174614 -0.8593459796589614
1.575054407119751 -0.030561538413167 -0.8573148157474086
1.5841596126556396 -0.04061628878116608 -0.8559748100958718
1.5959713459014893 -0.05413607880473137 -0.85345116633002
1.6048554182052612 -0.06428493559360504 -0.8534511663296627
1.6140570640563965 -0.07470108568668365 -0.8506719030691796
1.6229969263076782 -0.0849403366446495 -0.8477528085370811
1.6319694519042969 -0.09496847540140152 -0.8477528085370811
1.6412291526794434 -0.10519807040691376 -0.8460401643008684
1.6501423120498657 -0.11517517268657684 -0.8449362159641407
1.6591343879699707 -0.12537258863449097 -0.8446323580057217
1.671069622039795 -0.13894136250019073 -0.8431521779164847
1.6802655458450317 -0.14911073446273804 -0.8428672724650109
1.6892749071121216 -0.15909132361412048 -0.8402291691774973
1.698264241218567 -0.16923654079437256 -0.8374182670030436
1.707439661026001 -0.17950670421123505 -0.8339236500995417
1.7165395021438599 -0.1897921860218048 -0.8289013916169172
1.725917100906372 -0.19996199011802673 -0.8252329202416264
1.7352653741836548 -0.21024496853351593 -0.8221843294038714
1.747552752494812 -0.22334080934524536 -0.8200737131758903
1.7568575143814087 -0.2334836721420288 -0.81777765190381
1.7664145231246948 -0.24393713474273682 -0.8152971598151602
1.7756507396697998 -0.2538822591304779 -0.8122836851190388
1.7853254079818726 -0.26417383551597595 -0.810331603415707
1.7946754693984985 -0.2742669880390167 -0.808376404989961
1.804003119468689 -0.2843559980392456 -0.8064207266223289
1.81386399269104 -0.2946165204048157 -0.8058196295794006
1.823156714439392 -0.3046674132347107 -0.804741239387016
1.8358951807022095 -0.3182373344898224 -0.8023745159409186
1.8458647727966309 -0.3286028802394867 -0.8013012208826858
1.855385422706604 -0.3386552929878235 -0.7996135904777225
1.8650315999984741 -0.3490055799484253 -0.7970173665036347
1.874664545059204 -0.35921064019203186 -0.7952860773294687
1.884907841682434 -0.3697875142097473 -0.793739235228978
1.8950226306915283 -0.3801814913749695 -0.7924238694853355
1.9047826528549194 -0.39017266035079956 -0.790312392951274
1.918099284172058 -0.40379828214645386 -0.7900604558898123
1.9279861450195312 -0.414003849029541 -0.7882102343167823
1.9380868673324585 -0.4243123531341553 -0.7864334743160553
1.948144555091858 -0.43477463722229004 -0.7838942256381365
1.9584535360336304 -0.4451049864292145 -0.7814704422230555
1.968532681465149 -0.45535969734191895 -0.7807290431940977
1.9784371852874756 -0.46518659591674805 -0.7804537286050433
1.9912736415863037 -0.4782679080963135 -0.7790977384385105
2.001443386077881 -0.48865166306495667 -0.7777278558692868
2.0119740962982178 -0.49908509850502014 -0.7761612460931813
2.0217645168304443 -0.5090763568878174 -0.7746156853997723
2.0319085121154785 -0.5190909504890442 -0.7727820089977321
2.041696786880493 -0.5290136337280273 -0.7719660302863366
2.0521433353424072 -0.5393391847610474 -0.7709670424426445
2.0625486373901367 -0.5499528646469116 -0.7701685133208948
2.0722455978393555 -0.559723436832428 -0.7685141096907955
2.0856080055236816 -0.5730498433113098 -0.7676165884664743
2.095907688140869 -0.5831077098846436 -0.7668575791794662
2.1060631275177 -0.5931299328804016 -0.7664752442100247
2.1164419651031494 -0.603412926197052 -0.7653799911950078
2.126789093017578 -0.6135425567626953 -0.7652066484374963
2.137117862701416 -0.6237745881080627 -0.7640092468201838
2.1471810340881348 -0.6336138844490051 -0.7638917470628588
2.1573641300201416 -0.6435868740081787 -0.762226943799696
2.171139717102051 -0.6571451425552368 -0.7610150099109972
2.1815340518951416 -0.6671267747879028 -0.7602851168197124
2.192162275314331 -0.677460253238678 -0.757178571692782
2.202688455581665 -0.6875473260879517 -0.7567349528664301
['bump_left']
2.2132463455200195 -0.6975434422492981 -0.7564912158357856
2.218601942062378 -0.70291668176651 -0.7457862696283133
2.2188034057617188 -0.7028914093971252 -0.7362005865974244
2.2177493572235107 -0.7016403079032898 -0.735958078045075
2.2128779888153076 -0.6968564987182617 -0.7365851825631742
2.2082464694976807 -0.6930755972862244 -0.7365853493594966
2.202617883682251 -0.6880404949188232 -0.7371671604904105
2.197214126586914 -0.6834999322891235 -0.7385784944459645
2.192152500152588 -0.6790029406547546 -0.7385785500495985
2.187016487121582 -0.6743891835212708 -0.7381184950885546
2.1820785999298096 -0.6700555682182312 -0.7381184950885546
2.177056074142456 -0.6655480265617371 -0.7372354868701526
2.170121669769287 -0.6594811677932739 -0.736700243416446
2.165109395980835 -0.6549301147460938 -0.7353336612958912
2.159956693649292 -0.6501932740211487 -0.7336824911049269
2.1551873683929443 -0.6459285020828247 -0.7318319098597499
2.1511924266815186 -0.6424747705459595 -0.72669523575832
2.1495471000671387 -0.6412742137908936 -0.7217013720736205
2.149790048599243 -0.6415991187095642 -0.7165964131394017
2.1501855850219727 -0.6419387459754944 -0.7040441017853132
2.1500203609466553 -0.641332745552063 -0.6484764456032275
2.149764060974121 -0.6414000391960144 -0.5958074229319109
2.1495521068573 -0.6416678428649902 -0.5468563812118656
2.1493899822235107 -0.6418461799621582 -0.49961569142998913
2.1493453979492188 -0.6420915126800537 -0.45093211764508256
2.14935564994812 -0.6422669291496277 -0.4018793559321538
2.1492269039154053 -0.6422001123428345 -0.35667942402665603
2.1491284370422363 -0.6424524188041687 -0.30850610827424285
2.1488218307495117 -0.6426088809967041 -0.24366002825632052
2.1486761569976807 -0.6427933573722839 -0.1970426283465754
2.1486008167266846 -0.6429990530014038 -0.14930663525896976
2.148468017578125 -0.643179714679718 -0.10109910629551848
2.1483447551727295 -0.6435157060623169 -0.053881420769162976
2.14823055267334 -0.6437778472900391 -0.006365095432209673
2.1480555534362793 -0.6439100503921509 0.04069424262463073
2.1479575634002686 -0.6441813111305237 0.08869050421964376
2.1478753089904785 -0.6445000171661377 0.15076432372504822
2.1476900577545166 -0.6446748971939087 0.1981110493382211
2.147660970687866 -0.644947350025177 0.2464498528210491
2.1476690769195557 -0.6452282071113586 0.2935646768286028
2.147468328475952 -0.6454235315322876 0.3409303414679742
2.147413492202759 -0.6456844210624695 0.3892053478590438
2.1473464965820312 -0.6458646655082703 0.4355779252051277
2.1471681594848633 -0.6461740732192993 0.4828777697405344
2.147303581237793 -0.6465320587158203 0.5469638598700398
2.1473538875579834 -0.6467381715774536 0.5924091010537608
2.147367238998413 -0.6469798684120178 0.6399156035463945
2.1474413871765137 -0.6472494602203369 0.6872766829209738
2.1473872661590576 -0.6475397944450378 0.733792223476748
2.147385358810425 -0.647718071937561 0.7822339911677948
2.147472620010376 -0.647821307182312 0.8286002433744744
2.1475329399108887 -0.6479572057723999 0.876324809884489
2.147604465484619 -0.6481032371520996 0.9399925735123706
2.1476516723632812 -0.6482636332511902 0.9876744643247568
2.1476471424102783 -0.6485179662704468 1.0358126708941484
2.1477465629577637 -0.6486669778823853 1.0828105841809774
2.147794246673584 -0.6489669680595398 1.1296309225712986
2.1478614807128906 -0.6490801572799683 1.1767049149594153
2.1479849815368652 -0.6490825414657593 1.2235116244977888
2.1479902267456055 -0.6491995453834534 1.2687671920667802
2.1480250358581543 -0.6494140625 1.3318761026570882
2.148249864578247 -0.6495480537414551 1.3795489390180902
2.148517608642578 -0.6490386128425598 1.4251803816218336
2.148982286453247 -0.6466596126556396 1.4681944732625467
2.149444580078125 -0.6424801349639893 1.5043493147429445
2.149794816970825 -0.6367076635360718 1.5367038189367497
2.1499383449554443 -0.6295455098152161 1.5615502303130318
2.149900197982788 -0.6207678914070129 1.5824062194020814
2.1494052410125732 -0.6066023111343384 1.6038681329922415
2.1486151218414307 -0.5945667028427124 1.614647990715045
2.1479129791259766 -0.5813249349594116 1.6198999990274414
2.1468167304992676 -0.5668731331825256 1.6201096859258215
2.1453707218170166 -0.5525001883506775 1.621144795894481
2.1446218490600586 -0.5379539728164673 1.6233528908435761
2.1434919834136963 -0.523584246635437 1.6240504127124613
2.1424410343170166 -0.509313702583313 1.6251702648812323
2.141129970550537 -0.4905026853084564 1.6269100420136002
2.139793872833252 -0.4762939512729645 1.6285390571688432
2.1388347148895264 -0.46221494674682617 1.6295520260522935
2.1374380588531494 -0.44790899753570557 1.6303617952671368
2.136225938796997 -0.4336012005805969 1.6320856148685645
2.1348185539245605 -0.419393926858902 1.6336605891617997
2.133662462234497 -0.40525391697883606 1.6365655774516015
2.132333993911743 -0.39081093668937683 1.6381012153172787
2.1306376457214355 -0.37161898612976074 1.6417696634431738
2.1291403770446777 -0.357205331325531 1.644721644044968
2.127638816833496 -0.34319937229156494 1.645938073265374
2.1260643005371094 -0.3287280797958374 1.6471413187242177
2.124490261077881 -0.31418150663375854 1.6484017043262542
2.1228272914886475 -0.3003651797771454 1.6484017043262542
2.1213130950927734 -0.28577908873558044 1.650058437180059
2.1197335720062256 -0.2714555561542511 1.6517958868958482
2.1176705360412598 -0.2520488500595093 1.6552093529010186
2.1159629821777344 -0.23767752945423126 1.6568470611574024
2.1142020225524902 -0.22369448840618134 1.6583850103883533
2.112433433532715 -0.20918415486812592 1.6597201625335167
2.1105527877807617 -0.19434630870819092 1.6599369976507996
2.108776092529297 -0.18012657761573792 1.6613117028362316
2.1070797443389893 -0.16550400853157043 1.6629188101166543
2.1052229404449463 -0.15113776922225952 1.6633860682955761
2.1026558876037598 -0.13156349956989288 1.6648062302039042
2.1006932258605957 -0.11701727658510208 1.6648062302039042
2.098721981048584 -0.10248223692178726 1.6648062302039042
2.0968177318573 -0.08778095245361328 1.6639162307290847
2.0948946475982666 -0.07303299009799957 1.6633686346887313
2.093156576156616 -0.058543611317873 1.6632046464707613
2.091278314590454 -0.0439159981906414 1.6632046464707613
2.0895209312438965 -0.029420193284749985 1.6637483841918022
2.087023973464966 -0.009579867124557495 1.6647460496426627
2.0852344036102295 0.005181455053389072 1.66513285813904
2.083456516265869 0.019460158422589302 1.6652902518217108
2.0815813541412354 0.034339554607868195 1.6649205717243587
2.0797476768493652 0.048890527337789536 1.664920066499698
2.0781044960021973 0.06124787777662277 1.665721874754062
2.0767154693603516 0.07218731939792633 1.6681719022573707
2.0754282474517822 0.08224058896303177 1.6671381329714845
2.073650360107422 0.09699130058288574 1.6652427084861372
['bump_front_center']
2.0724987983703613 0.10688529908657074 1.6652427084742658
2.0724856853485107 0.10540024191141129 1.6639413171329305
2.0724737644195557 0.1051555722951889 1.6648981691196612
2.0726375579833984 0.10334980487823486 1.6643345142568553
2.073024034500122 0.09985333681106567 1.6618395405407136
2.073425769805908 0.09392045438289642 1.660628939616548
2.0738401412963867 0.08665812015533447 1.6604053785028383
2.0743558406829834 0.07805285602807999 1.6604053785028383
2.074842691421509 0.07161437720060349 1.6602675709799495
2.0752475261688232 0.06529887020587921 1.6602675709799495
2.0756168365478516 0.05895025655627251 1.6589544809919305
2.076040506362915 0.05251798778772354 1.6586151044742585
2.0763564109802246 0.04601062461733818 1.6586151044742585
2.076796770095825 0.03956642746925354 1.6587140521327122
2.0772671699523926 0.03290654718875885 1.6588508534158921
2.0778276920318604 0.024369630962610245 1.65803730567389
2.0782814025878906 0.01885051652789116 1.657707297820284
2.0782830715179443 0.0172753743827343 1.6636210891297496
2.0782055854797363 0.017688637599349022 1.6633588474730858
2.078134298324585 0.017853859812021255 1.6841427918177494
2.077742338180542 0.017671819776296616 1.7281221511549003
2.0777478218078613 0.017941301688551903 1.7791577149174962
2.0779011249542236 0.018612002953886986 1.843913102570112
2.077934503555298 0.01886478252708912 1.8909544009014099
2.077971935272217 0.019109440967440605 1.9372282395380243
2.077925205230713 0.019315622746944427 1.9847408982638837
2.0779478549957275 0.019613755866885185 2.032586846707878
2.077897548675537 0.019880391657352448 2.0799693923284726
2.077840805053711 0.020205602049827576 2.1278156495055143
2.0778439044952393 0.02064681239426136 2.1754637107989097
2.0778095722198486 0.020922746509313583 2.223366256235325
2.0776612758636475 0.021291160956025124 2.287858052816074
2.0776302814483643 0.02172120474278927 2.3350367880464025
2.0775699615478516 0.021891796961426735 2.3828396890116395
2.077608108520508 0.022104112431406975 2.4316764273253417
2.0774779319763184 0.02264457754790783 2.479351523965866
2.0773909091949463 0.02300877496600151 2.526425598428565
2.077329397201538 0.023274032399058342 2.5743419782231434
2.077239751815796 0.023596176877617836 2.6211177742935927
2.0770864486694336 0.02400703728199005 2.683743266640586
2.0770483016967773 0.02430371753871441 2.7298533583554607
2.076914072036743 0.024434763938188553 2.7758467085603336
2.0766773223876953 0.024633413180708885 2.824181081478188
2.0763912200927734 0.025042563676834106 2.870896342943752
2.076293706893921 0.025294506922364235 2.9172544422162368
2.0761971473693848 0.025661028921604156 2.9646117582893448
2.0759639739990234 0.026096343994140625 3.0273871450714607
2.075836181640625 0.026385147124528885 3.07605839022858
2.0755116939544678 0.02678200788795948 3.124174596228223
2.075237512588501 0.02709374763071537 -3.1113195436101884
2.0751655101776123 0.027400391176342964 -3.0652749494972067
2.0751845836639404 0.02769499644637108 -3.0182795521037815
2.0747742652893066 0.028146380558609962 -2.9712500668967357
2.0746164321899414 0.028527172282338142 -2.9245657983117677
2.0745058059692383 0.02880876138806343 -2.8762934100957542
2.074112892150879 0.029198192059993744 -2.814081643415838
2.0738158226013184 0.029416467994451523 -2.7672324380965594
2.0735867023468018 0.029761673882603645 -2.7202336975536587
2.073403835296631 0.030130332335829735 -2.6727438261417014
2.073209762573242 0.03047512099146843 -2.627041336585487
2.072756052017212 0.030774785205721855 -2.5806648965828933
2.0724549293518066 0.031065864488482475 -2.5341270104789286
2.0723369121551514 0.03161345794796944 -2.472043228910038
2.0717504024505615 0.031594712287187576 -2.4260423239204187
2.0699076652526855 0.03031730093061924 -2.384345265093523
2.066563129425049 0.02747168391942978 -2.3507196807249646
2.0626044273376465 0.023583732545375824 -2.3229469961620812
2.0578413009643555 0.018731052055954933 -2.299128523596554
2.051743268966675 0.01266157440841198 -2.2798817191151017
2.0450387001037598 0.00524056376889348 -2.2658754839626187
2.0344021320343018 -0.0064437901601195335 -2.252131699837595
2.0255672931671143 -0.016471829265356064 -2.249137883196677
2.016184091567993 -0.027244124561548233 -2.24903913775733
2.0064804553985596 -0.0382688082754612 -2.2497384805103846
1.9973121881484985 -0.048825107514858246 -2.250126854074318
1.9881269931793213 -0.05953165143728256 -2.2500361662571526
1.9787551164627075 -0.07020041346549988 -2.249313844401645
1.9693944454193115 -0.08106333762407303 -2.248871103068929
1.9567800760269165 -0.09531618654727936 -2.248526600095825
1.947685718536377 -0.10597053915262222 -2.248526600095825
1.9381225109100342 -0.11686097085475922 -2.248526600095825
1.928575873374939 -0.12812882661819458 -2.2493717703947183
1.91946280002594 -0.13870328664779663 -2.250709822345625
1.910276174545288 -0.14925558865070343 -2.2532711260215588
1.9013829231262207 -0.15989215672016144 -2.25365540165176
1.8918486833572388 -0.1707739233970642 -2.254366337998169
1.8824280500411987 -0.1815756857395172 -2.2556867628185175
1.8702144622802734 -0.1957235187292099 -2.2561357094332966
1.8605493307113647 -0.20686207711696625 -2.256659467415584
1.8510280847549438 -0.21796180307865143 -2.2573962427153953
1.8417686223983765 -0.2285216897726059 -2.257838942422152
1.8325700759887695 -0.23905275762081146 -2.260076067697821
1.8231803178787231 -0.25003451108932495 -2.259865494196107
1.8133682012557983 -0.261332243680954 -2.2599356164891438
1.8039051294326782 -0.27254608273506165 -2.2590353693766967
1.7914282083511353 -0.28705623745918274 -2.2573349798986952
1.7818727493286133 -0.2982228100299835 -2.2575479290497777
1.7724770307540894 -0.3093189001083374 -2.2585177157244924
1.763385534286499 -0.32020020484924316 -2.2591760292400207
1.7540392875671387 -0.3313967287540436 -2.2597868664559777
1.7449167966842651 -0.3423521816730499 -2.2601060340959114
1.7355103492736816 -0.3536020517349243 -2.2593936619583515
1.723142385482788 -0.36814165115356445 -2.2592815832449005
1.7138200998306274 -0.3793545961380005 -2.2593076543696378
1.7043284177780151 -0.3905153274536133 -2.2590672946628976
1.6946979761123657 -0.40193358063697815 -2.2595818527737266
1.6854454278945923 -0.41295215487480164 -2.259920135668587
1.676337718963623 -0.4239204227924347 -2.260235593699243
1.6671154499053955 -0.43487706780433655 -2.2598109749383894
1.6572915315628052 -0.4464297592639923 -2.259304974275198
1.6481026411056519 -0.4575985372066498 -2.259410430319181
1.6357728242874146 -0.47227901220321655 -2.2581253094775957
1.626126766204834 -0.48380333185195923 -2.2581253094775957
1.6168527603149414 -0.4949112832546234 -2.258665253078093
1.6078182458877563 -0.5056440830230713 -2.259226288173898
1.598586916923523 -0.5168034434318542 -2.259226288173898
1.5895565748214722 -0.527826726436615 -2.258382849379909
1.5799834728240967 -0.5393816232681274 -2.258382849379909
1.5707380771636963 -0.5503842234611511 -2.256883401917035
1.558226227760315 -0.5652548670768738 -2.2548906430888844
1.548883318901062 -0.5764320492744446 -2.2548906430888844
1.5394129753112793 -0.5878499150276184 -2.254320172092728
1.5300604104995728 -0.5988472700119019 -2.254161390645563
1.5205820798873901 -0.6101721525192261 -2.25357414357468
1.511271357536316 -0.6212999820709229 -2.2532067452061444
1.5016696453094482 -0.6326004862785339 -2.252807653944035
1.4922914505004883 -0.644005537033081 -2.252807653944035
1.4800238609313965 -0.6589793562889099 -2.251664591777791
1.4701886177062988 -0.6706725358963013 -2.2516165099177425
1.4608911275863647 -0.6818097829818726 -2.2517602155031367
1.4520459175109863 -0.6927011013031006 -2.2521253204166993
1.4429380893707275 -0.7036845088005066 -2.252828532089455
1.4334880113601685 -0.7152625322341919 -2.2535495107589054
1.4241302013397217 -0.726607620716095 -2.2529478073451656
1.4146441221237183 -0.738416314125061 -2.251688455718623
1.4027549028396606 -0.7530050873756409 -2.250480637305588
1.3932358026504517 -0.7644932866096497 -2.2497697063006594
1.384198784828186 -0.7759181261062622 -2.2501616834816414
1.3753471374511719 -0.7868502140045166 -2.2499823401721057
1.3662668466567993 -0.7979292273521423 -2.2496301857036833
1.3570002317428589 -0.8090543746948242 -2.247970072194061
1.3475873470306396 -0.8207926750183105 -2.246739373196698
1.3354753255844116 -0.8357436656951904 -2.245549677859468
1.3263798952102661 -0.8468228578567505 -2.2447521930865277
1.3171204328536987 -0.8579195141792297 -2.2453711198286457
1.3076118230819702 -0.8699527978897095 -2.245328351903587
1.2989368438720703 -0.8806490898132324 -2.244736871339585
1.289764642715454 -0.8920227289199829 -2.244300338490297
1.2803146839141846 -0.903406023979187 -2.243096600205264
1.2711119651794434 -0.914609432220459 -2.2420363620158343
1.2620476484298706 -0.9255128502845764 -2.240527119180243
1.2494348287582397 -0.9411547183990479 -2.2386589254812947
1.2400959730148315 -0.9526134729385376 -2.237441398737239
1.2311574220657349 -0.9635598063468933 -2.237047405754308
1.221975326538086 -0.9748692512512207 -2.2377810160125957
1.2130299806594849 -0.9860562682151794 -2.2380051134842995
1.2032749652862549 -0.9980714917182922 -2.2370772502093654
1.1941524744033813 -1.009251594543457 -2.23595287567988
1.1821571588516235 -1.0242583751678467 -2.2344440981124642
1.1726866960525513 -1.0357799530029297 -2.234900444897979
1.163442850112915 -1.0469411611557007 -2.234900444897979
1.1540992259979248 -1.0584288835525513 -2.2362077412786614
1.1448631286621094 -1.0695617198944092 -2.236408975188519
1.1354601383209229 -1.0811034440994263 -2.236408975188519
1.126057505607605 -1.0927132368087769 -2.236115290757802
1.1169483661651611 -1.1039769649505615 -2.234894212158417
1.1076370477676392 -1.1152446269989014 -2.2340169258213955
1.0948694944381714 -1.1308201551437378 -2.2336158819508016
1.0856345891952515 -1.1421372890472412 -2.233090410856325
1.0764552354812622 -1.1536189317703247 -2.2336552169939408
1.0674904584884644 -1.1647696495056152 -2.233656655661332
1.0583239793777466 -1.176072120666504 -2.2341315548367393
1.049056053161621 -1.1875250339508057 -2.234595780646195
1.0395712852478027 -1.1992051601409912 -2.2346906375713536
1.0303552150726318 -1.2105822563171387 -2.2344508434242267
1.017938256263733 -1.22597336769104 -2.233207957605294
1.0084853172302246 -1.2374118566513062 -2.2341897609585675
0.9996693134307861 -1.2484668493270874 -2.2348542135147236
0.9905272722244263 -1.2597612142562866 -2.2348542135147236
0.9813112020492554 -1.2713249921798706 -2.2348542135147236
0.9717277884483337 -1.2832109928131104 -2.2341835578207343
0.962421715259552 -1.2945597171783447 -2.2331049533443683
0.953192412853241 -1.3058282136917114 -2.2315492089677944
0.9405935406684875 -1.3214747905731201 -2.228143432354259
0.9314166903495789 -1.3328906297683716 -2.2281021961076357
0.9220250248908997 -1.3444807529449463 -2.2276238910344293
0.9132566452026367 -1.3555248975753784 -2.2279382217197155
0.9042577147483826 -1.36665678024292 -2.2279382217197155
0.8946714401245117 -1.378376841545105 -2.227352999754899
0.8855876922607422 -1.3896949291229248 -2.2268782214391005
0.8765513896942139 -1.4010396003723145 -2.2246784941642264
0.8640538454055786 -1.4167695045471191 -2.223290753470938
0.8551586270332336 -1.4281736612319946 -2.2227277345743324
0.8462689518928528 -1.4394341707229614 -2.221682334250702
0.8375508189201355 -1.4508321285247803 -2.2217112243055293
0.8287166953086853 -1.4622761011123657 -2.2215671311825607
0.8192697763442993 -1.4744986295700073 -2.2201409403107593
0.8102187514305115 -1.486145257949829 -2.218688004509818
0.8012436032295227 -1.4977426528930664 -2.218131756626181
0.7894736528396606 -1.5131803750991821 -2.2160854793736178
0.7799971699714661 -1.5252411365509033 -2.215958585462088
0.7714781165122986 -1.5364640951156616 -2.2175569324572266
0.7627619504928589 -1.5480502843856812 -2.217715807044968
0.7538393139839172 -1.5595861673355103 -2.2180118214303475
0.7449395060539246 -1.5715309381484985 -2.2184400185892854
0.7358012795448303 -1.5833467245101929 -2.2177474771305015
0.7242245078086853 -1.598275065422058 -2.215532814542627
0.714816689491272 -1.6104888916015625 -2.213669267516906
0.7056306004524231 -1.6224846839904785 -2.2135629405523347
0.6972054839134216 -1.633516788482666 -2.2137236621756533
0.6882140636444092 -1.6451985836029053 -2.214429161925566
0.6794430613517761 -1.6567434072494507 -2.2149868017956034
0.6702262759208679 -1.668816089630127 -2.2149868017956034
0.6609259843826294 -1.6808315515518188 -2.21473045421799
0.6524493098258972 -1.6920286417007446 -2.214355497506865
0.6403533220291138 -1.7076079845428467 -2.2129146368699044
0.6310787200927734 -1.7196491956710815 -2.2135617487961587
0.6225860714912415 -1.7307120561599731 -2.214038604507758
0.6137049198150635 -1.7423415184020996 -2.214931690583874
0.6051267385482788 -1.7539403438568115 -2.214486845822359
0.5963268280029297 -1.7655689716339111 -2.214018804926669
0.5876958966255188 -1.7772140502929688 -2.21191171529472
0.5791279077529907 -1.7887290716171265 -2.209840755677765
0.567561686038971 -1.8040164709091187 -2.2085613973753926
0.5587030649185181 -1.8159139156341553 -2.2077200668244994
0.5500686168670654 -1.8273053169250488 -2.2066619063430037
0.5411790609359741 -1.8391014337539673 -2.205773370971253
0.5324884057044983 -1.8506568670272827 -2.2050127626161675
0.5237261652946472 -1.8624274730682373 -2.2050127626161675
0.5145990252494812 -1.8745602369308472 -2.2025656933450604
0.5058350563049316 -1.8860728740692139 -2.201275889232838
0.4942067265510559 -1.9016252756118774 -2.1999307045171212
['bump_right']
['bump_front_right']
0.4882466793060303 -1.911190390586853 -2.2023069965025726
0.4881860315799713 -1.911918044090271 -2.2114508514774887
0.48833274841308594 -1.9100351333618164 -2.207592695404846
0.4892703592777252 -1.90827476978302 -2.201386004020767
0.49114924669265747 -1.9048614501953125 -2.2001196996167836
0.49494725465774536 -1.900091528892517 -2.2006315250686637
0.4987771809101105 -1.894166350364685 -2.2013561579584535
0.5042288303375244 -1.8863505125045776 -2.2017049078895443
0.5078539848327637 -1.8809906244277954 -2.2017049078895443
0.5114664435386658 -1.875861644744873 -2.2006576282540116
0.5144460201263428 -1.8717143535614014 -2.1978746050423266
0.5165306925773621 -1.8691396713256836 -2.1838708314537607
0.517863392829895 -1.867228388786316 -2.158071059766935
0.5187148451805115 -1.8658151626586914 -2.129643451488045
0.5192078351974487 -1.8653292655944824 -2.0731868564210765
0.5188899636268616 -1.865618109703064 -2.0209964784682937
0.5186030268669128 -1.8657200336456299 -1.9732657571675718
0.5186620354652405 -1.8656067848205566 -1.9259194307818774
0.5184108018875122 -1.8656861782073975 -1.877768359726165
0.5181166529655457 -1.8658229112625122 -1.8297928787423576
0.5179461240768433 -1.8658242225646973 -1.7814587107194588
0.5176432728767395 -1.8658677339553833 -1.7345219291830498
0.5174248814582825 -1.865862250328064 -1.6869789738502854
0.5170804262161255 -1.8658227920532227 -1.6229037015948093
0.5169897675514221 -1.8658744096755981 -1.5771477775104406
0.5168951749801636 -1.865993618965149 -1.5289670074041823
0.5166816115379333 -1.866091012954712 -1.4819473916392711
0.5165311098098755 -1.8661108016967773 -1.4344344452353641
0.5162916779518127 -1.8660633563995361 -1.386676455963994
0.5161160826683044 -1.8662607669830322 -1.339606101066524
0.5158584117889404 -1.8663196563720703 -1.2928526223364745
0.5156748294830322 -1.8665745258331299 -1.230234246280409
0.5154695510864258 -1.8667699098587036 -1.1832779244258542
0.515228271484375 -1.866921067237854 -1.1360499316329529
0.5150014162063599 -1.8671361207962036 -1.0894221636136867
0.5148095488548279 -1.8671746253967285 -1.0432491203153456
0.5145531892776489 -1.86726975440979 -0.995103194583465
0.5143800973892212 -1.8673193454742432 -0.9477022740581265
0.5141791105270386 -1.8675051927566528 -0.9002771236753201
0.513786256313324 -1.867632269859314 -0.8373777466952074
0.5135314464569092 -1.86778724193573 -0.7916364213357862
0.5133593678474426 -1.8678644895553589 -0.7444959027246939
0.5131560564041138 -1.8681894540786743 -0.6972985639300635
0.5129085779190063 -1.8683327436447144 -0.6506284519075636
0.5126423239707947 -1.8685004711151123 -0.6020677815536614
0.5123851299285889 -1.8687677383422852 -0.5561977151793195
0.5121536254882812 -1.869010090827942 -0.5099131279692295
0.5118221640586853 -1.8691807985305786 -0.44707745292251216
0.5116987228393555 -1.8693418502807617 -0.40088142492170203
0.5114572048187256 -1.8695142269134521 -0.3534200278654513
0.5114215016365051 -1.8697166442871094 -0.3066487248978471
0.5113500952720642 -1.869876742362976 -0.2596859732960897
0.511204183101654 -1.8699589967727661 -0.21110064884368873
0.5111364126205444 -1.870281457901001 -0.16506304992447265
0.5108593106269836 -1.8704322576522827 -0.11842197429596697
0.5113557577133179 -1.8708314895629883 -0.055562411703165226
0.5133900046348572 -1.8709688186645508 -0.013565389000451247
0.5175797939300537 -1.8712034225463867 0.021656674987283485
0.5231366157531738 -1.8711751699447632 0.05208325297379485
0.5302355289459229 -1.8708722591400146 0.07628359132481458
0.5390055179595947 -1.8703769445419312 0.09563831279606524
0.548743486404419 -1.8696212768554688 0.10981443723713276
0.5599974393844604 -1.8684675693511963 0.11970147720689663
0.5773019194602966 -1.8663618564605713 0.1275679416919517
0.5915215015411377 -1.8646233081817627 0.12737929252779134
0.6057873368263245 -1.8626786470413208 0.12849514328823386
0.6198536157608032 -1.8609936237335205 0.13035140651444527
0.6336395144462585 -1.8591375350952148 0.13220501738523627
0.6476149559020996 -1.857467532157898 0.13279468657949386
0.6617178916931152 -1.8553951978683472 0.13338411593512953
0.6755876541137695 -1.8535796403884888 0.133955152987291
0.6941021084785461 -1.851370930671692 0.13322431351391953
0.7078216075897217 -1.849549651145935 0.1332242540408592
0.7216072678565979 -1.8476481437683105 0.1328355838989977
0.735403299331665 -1.845795750617981 0.13126700845924547
0.7493865489959717 -1.8438793420791626 0.13301127226867254
0.7628852128982544 -1.8421858549118042 0.13495587766605283
0.776358962059021 -1.8401153087615967 0.1351637719149986
0.7900925874710083 -1.8383901119232178 0.1356083443605305
0.8081198334693909 -1.8358832597732544 0.13653356583674617
0.8219972848892212 -1.833869457244873 0.13768068871763142
0.8357506990432739 -1.8320426940917969 0.13831138239036303
0.8492976427078247 -1.8300518989562988 0.13935555481605816
0.8629804849624634 -1.828114628791809 0.14093213329629975
0.876899242401123 -1.8261393308639526 0.1415132153612642
0.8906785845756531 -1.8242233991622925 0.14309051738555095
0.9044390916824341 -1.822265863418579 0.14391611244457442
0.9226283431053162 -1.8197270631790161 0.14411644119506786
0.9365261793136597 -1.8177369832992554 0.14385534824456037
0.9503207802772522 -1.8157833814620972 0.14374542266671295
0.9643232822418213 -1.8138368129730225 0.1434292810296341
0.9782653450965881 -1.8117756843566895 0.14395923223121737
0.9922680258750916 -1.8097120523452759 0.14580762826312194
1.0063085556030273 -1.8077024221420288 0.14617551359099118
1.0198785066604614 -1.8057265281677246 0.14680997536219353
1.038350224494934 -1.8030723333358765 0.14803145463123105
1.0523737668991089 -1.8009618520736694 0.14876289520660269
1.0665644407272339 -1.798777461051941 0.15065739824963054
1.080605149269104 -1.7965716123580933 0.15118095400287315
1.0947006940841675 -1.7942116260528564 0.1523176328658137
1.1084866523742676 -1.7923133373260498 0.15349429627895597
1.122302770614624 -1.7900866270065308 0.1536862229945562
1.1360727548599243 -1.7880295515060425 0.1536862229945562
1.15488862991333 -1.7852989435195923 0.1539043656891938
1.168569564819336 -1.783158779144287 0.15363670854016742
1.1821882724761963 -1.7811182737350464 0.1536209379082558
1.196205496788025 -1.7789891958236694 0.15344572466372725
1.210638403892517 -1.776724100112915 0.15510267743855763
1.2243645191192627 -1.7747621536254883 0.15701547126113116
1.2382551431655884 -1.7726240158081055 0.158357944080645
1.2519935369491577 -1.7704405784606934 0.1600452052058702
1.2704262733459473 -1.767410159111023 0.16069296525728807
1.2845911979675293 -1.765207052230835 0.16214148419182645
1.2985507249832153 -1.7629432678222656 0.16274538924860021
1.3127977848052979 -1.7606102228164673 0.16388137676663753
1.3270827531814575 -1.758338451385498 0.16447476724874532
['bump_right']
1.3403879404067993 -1.7559161186218262 0.16422437411841648
1.3469645977020264 -1.7530099153518677 0.15581441497352036
1.3464069366455078 -1.7532678842544556 0.15408664038801276
1.3418949842453003 -1.7545857429504395 0.1556328931667996
1.3366590738296509 -1.7555783987045288 0.15512501868456224
1.3306491374969482 -1.7569838762283325 0.15469617738363475
1.3232449293136597 -1.7580273151397705 0.1524436501844526
1.3157247304916382 -1.7593934535980225 0.15197683119426114
1.3091928958892822 -1.7604831457138062 0.15197683119426114
1.3023900985717773 -1.7615406513214111 0.15197683119426114
1.295480489730835 -1.7626278400421143 0.15197683119426114
1.2864876985549927 -1.7642309665679932 0.15143255606865894
1.2796006202697754 -1.7654082775115967 0.15102031558526088
1.2727195024490356 -1.7665506601333618 0.1513574205156837
1.2658883333206177 -1.767619252204895 0.1513574205156837
1.259167194366455 -1.768726110458374 0.1519755706162014
1.2535477876663208 -1.7696118354797363 0.15343894102384598
1.2512069940567017 -1.7698493003845215 0.15962577946297904
1.2515816688537598 -1.7698962688446045 0.16153335301249058
1.2520464658737183 -1.7696619033813477 0.1863928115178975
1.2518635988235474 -1.769513487815857 0.23209126581778022
1.2516707181930542 -1.769564151763916 0.2846014660869179
1.2520034313201904 -1.7697596549987793 0.33498954022812594
1.2521532773971558 -1.769942283630371 0.3825258938564146
1.2520067691802979 -1.7701287269592285 0.4294395187515523
1.251987099647522 -1.7702486515045166 0.47575489088436307
1.2520312070846558 -1.7703185081481934 0.5233607780009396
1.25209379196167 -1.770512580871582 0.5876300048853872
1.2519874572753906 -1.7706795930862427 0.6342709211532412
1.2518166303634644 -1.7708545923233032 0.6815503677706661
1.2519084215164185 -1.7710126638412476 0.7282750617801238
1.2519475221633911 -1.7711268663406372 0.7750807330333059
1.2519482374191284 -1.7712602615356445 0.8222909484497938
1.25190007686615 -1.7714442014694214 0.8698186362931655
1.2519155740737915 -1.7715288400650024 0.9176342725023912
1.2519032955169678 -1.771803379058838 0.982373040446074
1.2520791292190552 -1.771921992301941 1.0292979119273116
1.251936435699463 -1.7721894979476929 1.0752451260521672
1.2519543170928955 -1.7724699974060059 1.1211643199630925
1.2518516778945923 -1.7726376056671143 1.1681886128571226
1.2518558502197266 -1.7726974487304688 1.2160313165222245
1.2519147396087646 -1.7727019786834717 1.2640902093084068
1.2518759965896606 -1.7727209329605103 1.3116619556987734
1.2519521713256836 -1.772718906402588 1.3743658367848135
1.2518962621688843 -1.7728127241134644 1.421173049223214
1.251955270767212 -1.7729383707046509 1.4685979617590186
1.252074956893921 -1.7729994058609009 1.5162128577946996
1.2520939111709595 -1.7731178998947144 1.5639002976549465
1.2521570920944214 -1.7730953693389893 1.6120383905949092
1.2521910667419434 -1.7729967832565308 1.6592781614447774
1.252190113067627 -1.7730129957199097 1.706750257682615
1.2522722482681274 -1.7730610370635986 1.7701867689260544
1.252389669418335 -1.7729417085647583 1.8179215531608672
1.2522950172424316 -1.7730239629745483 1.8657946460149952
1.252320647239685 -1.7729161977767944 1.91397829060912
1.252335548400879 -1.772944450378418 1.9596736961065104
1.2523276805877686 -1.7730145454406738 2.006623241706703
1.2523627281188965 -1.7730485200881958 2.0526226943540586
1.2524058818817139 -1.7730368375778198 2.100260280434038
1.2524501085281372 -1.7730919122695923 2.1626705635347463
1.2523781061172485 -1.77302885055542 2.2109687516745606
1.252373456954956 -1.7727450132369995 2.258963072801172
1.251926064491272 -1.7722692489624023 2.305054221524185
1.2506632804870605 -1.771031141281128 2.346004256802087
1.2478272914886475 -1.768142580986023 2.3816189333313256
1.2436672449111938 -1.7643272876739502 2.4142586688288588
1.2381486892700195 -1.7594685554504395 2.4404932640584236
1.2291085720062256 -1.7519007921218872 2.4657495063159933
1.220637321472168 -1.7454661130905151 2.4795484617216927
1.2107312679290771 -1.7380696535110474 2.4895882411084314
1.1996406316757202 -1.7300864458084106 2.4934612848151905
1.1878020763397217 -1.7215629816055298 2.4920201603458603
1.1755179166793823 -1.7132203578948975 2.494641758196622
1.1634100675582886 -1.7048110961914062 2.499152203444085
1.1511083841323853 -1.696061134338379 2.502498837706844
1.1353920698165894 -1.6857085227966309 2.502642177433191
1.1239585876464844 -1.6776728630065918 2.502642177433191
1.1115258932113647 -1.669014573097229 2.504835412093895
1.0992543697357178 -1.6606923341751099 2.5047018644871644
1.0874419212341309 -1.652563214302063 2.50643248817647
1.0757193565368652 -1.64449942111969 2.5079167477017235
1.0638728141784668 -1.6362007856369019 2.508372701976074
1.0514661073684692 -1.6278796195983887 2.508619334694537
1.0357465744018555 -1.6171109676361084 2.511084782172904
1.0237139463424683 -1.6090404987335205 2.5138850013329996
1.0112059116363525 -1.600706696510315 2.5143868864388357
0.99925696849823 -1.5928231477737427 2.5149716967980145
0.9876528978347778 -1.5851020812988281 2.5162158203717873
0.9754930138587952 -1.5771360397338867 2.516558215010042
0.962906539440155 -1.5687514543533325 2.517583376826011
0.9504923224449158 -1.5604811906814575 2.520466261287297
0.9345405101776123 -1.5499436855316162 2.5217466489995832
0.9220317006111145 -1.5415502786636353 2.52470944600123
0.9095935225486755 -1.5334701538085938 2.526202717095915
0.8974478840827942 -1.525640606880188 2.5270810085305664
0.8850659132003784 -1.5174975395202637 2.5273451689954665
0.8726805448532104 -1.5094237327575684 2.5289940966234097
0.8607839345932007 -1.5014615058898926 2.5298275928244376
0.8484733700752258 -1.4933991432189941 2.5310158999568393
0.8324741125106812 -1.482944130897522 2.5335637091044587
0.8202221989631653 -1.4750633239746094 2.5351384359103952
0.8076959848403931 -1.4670618772506714 2.5370170956519233
0.7955079674720764 -1.4595290422439575 2.538451876644718
0.7832773327827454 -1.4517571926116943 2.5391077106400424
0.771346390247345 -1.444088339805603 2.539562196586601
0.758838951587677 -1.4361300468444824 2.539645973302276
0.7462425231933594 -1.428285002708435 2.5402500863833746
0.7300768494606018 -1.4180234670639038 2.5416455508245757
0.7172929048538208 -1.410027265548706 2.5448963548316694
0.7047661542892456 -1.4021875858306885 2.5467043201679957
0.6925814151763916 -1.394545316696167 2.5475072909666814
0.6802878379821777 -1.3868283033370972 2.5485708777730833
0.6681697368621826 -1.3792695999145508 2.5493674117602527
0.6555296182632446 -1.3714455366134644 2.5495755881999345
0.6429440379142761 -1.3638638257980347 2.550209012780863
0.6269052028656006 -1.3541070222854614 2.550940534651827
0.6143935322761536 -1.34630286693573 2.5539400425641636
0.6017448306083679 -1.338497519493103 2.554845808726949
0.5893388986587524 -1.33102285861969 2.555754646342675
0.5767363905906677 -1.323503017425537 2.556789891182123
0.5644105076789856 -1.3159332275390625 2.5568864272097156
0.5520082116127014 -1.3084768056869507 2.5570444903156293
0.5355405807495117 -1.2986388206481934 2.55738309779374
0.5273768305778503 -1.293553113937378 2.5578369872166804
0.5105741024017334 -1.2835534811019897 2.559500903735839
0.49791696667671204 -1.2758111953735352 2.5597379696619753
0.48583298921585083 -1.2685378789901733 2.5597116336461547
0.4738098978996277 -1.2610591650009155 2.5587925606679676
0.4614773988723755 -1.2535556554794312 2.5587797449115737
0.4491930305957794 -1.2460707426071167 2.558759719942277
0.43655329942703247 -1.238286018371582 2.557998454586874
0.4205285906791687 -1.228675127029419 2.5579223401967948
0.4075717628002167 -1.2209552526474 2.5579400030317383
0.3950363099575043 -1.213279366493225 2.556748338509216
0.38262835144996643 -1.2059874534606934 2.5566437281877046
0.37016981840133667 -1.1986114978790283 2.5561406202187205
0.3577980101108551 -1.1913197040557861 2.5561511628368057
0.3450087010860443 -1.1837230920791626 2.556337363150582
0.3323890268802643 -1.1761648654937744 2.556845639083479
0.3162456750869751 -1.1662688255310059 2.5577573819687736
0.30332157015800476 -1.1585503816604614 2.5591345697709458
0.29083898663520813 -1.1509051322937012 2.5596333498381303
0.27851542830467224 -1.1435720920562744 2.560271741124046
0.2659267783164978 -1.1358997821807861 2.56057692102432
0.25348541140556335 -1.128375768661499 2.560851627814364
0.24117811024188995 -1.1209371089935303 2.561024676475454
0.22864949703216553 -1.1132540702819824 2.56114441588272
0.21179908514022827 -1.1031652688980103 2.561092088703772
0.1990194171667099 -1.095407247543335 2.5625672188979953
0.19087472558021545 -1.0905578136444092 2.5629048713458253
0.17444363236427307 -1.0806803703308105 2.5627742334634718
0.16194939613342285 -1.0732452869415283 2.562303037650139
0.14959168434143066 -1.0659233331680298 2.5618934697149394
0.1370667815208435 -1.058347463607788 2.562142403349295
0.12421662360429764 -1.0506592988967896 2.5619723335714024
0.11219009011983871 -1.0435162782669067 2.5623596026188165
0.09569178521633148 -1.033562421798706 2.5624477672356956
0.08331698924303055 -1.0260869264602661 2.562951764512862
0.07136514782905579 -1.0188753604888916 2.563491070559478
0.05909165367484093 -1.0114582777023315 2.563306273364347
0.046833012253046036 -1.0042471885681152 2.5639641599759764
0.03430637717247009 -0.9969365000724792 2.5643768187149365
0.021993722766637802 -0.9897463321685791 2.5656986520275837
0.005291229113936424 -0.9797852635383606 2.568887488299943
-0.007293959613889456 -0.972415030002594 2.569684989145727
-0.01984308660030365 -0.964910089969635 2.5714347597819383
-0.032475344836711884 -0.9578462839126587 2.571668385758387
-0.044629912823438644 -0.9504922032356262 2.5731222786342216
-0.057586703449487686 -0.9430362582206726 2.574432364044247
-0.06954457610845566 -0.9358454346656799 2.5750181735057978
-0.08218786120414734 -0.9285139441490173 2.5770337396177467
-0.09482590109109879 -0.9213211536407471 2.5782699088110155
-0.11161340028047562 -0.9118397831916809 2.5824311024055935
-0.12380889803171158 -0.9047909379005432 2.5847344008665227
-0.13622722029685974 -0.8978477716445923 2.585816644834127
-0.14858713746070862 -0.8907907605171204 2.5879478401285816
-0.16181990504264832 -0.8834521770477295 2.5908506043261488
-0.17403699457645416 -0.8766668438911438 2.592527655115094
-0.18667319416999817 -0.8695918917655945 2.5956098555476457
-0.20387810468673706 -0.8601107597351074 2.5985199958897067
-0.21636347472667694 -0.8531363010406494 2.6007728675909396
-0.22891898453235626 -0.8462412357330322 2.602331163576649
-0.2414884716272354 -0.8394239544868469 2.60466693938982
-0.25392669439315796 -0.8324701189994812 2.6055786650706945
-0.2672059237957001 -0.8254696726799011 2.6059460233983565
-0.279572993516922 -0.8187663555145264 2.607055639095683
-0.2919657528400421 -0.8120548725128174 2.6082420333651113
-0.3045687973499298 -0.8053759932518005 2.6104896319541973
-0.322032630443573 -0.7961936593055725 2.6136894198445995
-0.33443835377693176 -0.7896119952201843 2.6149959481601472
-0.34700921177864075 -0.7831049561500549 2.616895400642642
-0.35960057377815247 -0.7763388156890869 2.6176001712036765
-0.3737506866455078 -0.7689010500907898 2.617883681742757
-0.38697123527526855 -0.7617395520210266 2.6185762943695283
-0.40064355731010437 -0.7547585368156433 2.6200056800108524
-0.4139989912509918 -0.7480196356773376 2.6208071435974247
-0.43027743697166443 -0.7396029829978943 2.6225568928975935
-0.44360944628715515 -0.7326827049255371 2.6235463360442544
-0.4569762349128723 -0.725751519203186 2.6238816079829763
-0.46762657165527344 -0.7201565504074097 2.6240222681896035
-0.48106637597084045 -0.7131234407424927 2.6236567737136545
-0.4942912459373474 -0.7063459157943726 2.6229415264547273
-0.5076997876167297 -0.69950932264328 2.6229415264547273
-0.5239574313163757 -0.6912546157836914 2.622833742786156
-0.537398636341095 -0.6841292381286621 2.6255407464762723
-0.5511453747749329 -0.6769701838493347 2.6264939632091857
-0.5645110607147217 -0.6700500845909119 2.627003189866974
-0.5753654837608337 -0.6644762754440308 2.628113272337566
-0.5888507962226868 -0.6573357582092285 2.628113272337566
-0.6021876931190491 -0.6504120230674744 2.6285774557247157
-0.6159217357635498 -0.6433176398277283 2.630975028397616
-0.6294376850128174 -0.6362685561180115 2.631520211458759
-0.645951509475708 -0.6280608773231506 2.632472521549917
-0.659586489200592 -0.6211504936218262 2.6333968721665446
-0.6731756329536438 -0.6142597794532776 2.633239937239484
-0.6840285658836365 -0.6087321043014526 2.6327581103109123
-0.6974095702171326 -0.6017162203788757 2.6326401103647568
-0.7110670208930969 -0.5950025320053101 2.632463487607889
-0.7246785759925842 -0.5882711410522461 2.6326174641087396
-0.7380369305610657 -0.5814943313598633 2.634427973170789
-0.7543377876281738 -0.5730602145195007 2.6364136054082508
-0.7678824067115784 -0.5662952065467834 2.6370246285888137
-0.7816095352172852 -0.5592255592346191 2.6371598034376507
-0.7924301624298096 -0.5536087155342102 2.637311227191445
-0.8057320713996887 -0.5468560457229614 2.637311227191445
-0.8189150094985962 -0.5400984287261963 2.637393750620474
-0.8323947787284851 -0.5334368348121643 2.6404817573295953
-0.8485177159309387 -0.5251010060310364 2.643641000724666
-0.8622126579284668 -0.5183022022247314 2.647382997132464
-0.8753904104232788 -0.5117452144622803 2.6498174422032448
-0.8887582421302795 -0.5053027272224426 2.6498174422032448
-0.8994832038879395 -0.5000095367431641 2.65152551691225
-0.9127117395401001 -0.4932959973812103 2.6522056989493272
-0.9263396859169006 -0.48672983050346375 2.6525409135143625
-0.9397208094596863 -0.4800055921077728 2.6549227260772432
-0.9558600783348083 -0.47221991419792175 2.657107615676484
-0.9683547616004944 -0.4660767614841461 2.65841603286159
-0.9817884564399719 -0.45970281958580017 2.658902139992429
-0.9954833984375 -0.4532405138015747 2.6594221397059465
-1.0084025859832764 -0.44723328948020935 2.659415261215772
-1.0217431783676147 -0.4409083425998688 2.6580424018725908
-1.033460021018982 -0.43556898832321167 2.657806667736579
-1.0480728149414062 -0.4283692240715027 2.6581547083020434
-1.0617246627807617 -0.4219026565551758 2.6575207750863408
-1.0780527591705322 -0.4139058291912079 2.6583006583776516
-1.0919548273086548 -0.40715092420578003 2.6591153040817863
-1.1055383682250977 -0.4003749191761017 2.6578085297739027
-1.1166744232177734 -0.39492255449295044 2.6578085297739027
-1.1302213668823242 -0.38828495144844055 2.656695825737853
-1.1440162658691406 -0.38156819343566895 2.656139629374691
-1.1578283309936523 -0.37456557154655457 2.6553573925647047
-1.1746411323547363 -0.3660498559474945 2.6561367343013598
-1.1887915134429932 -0.359017938375473 2.655778652698812
-1.2027013301849365 -0.3520905375480652 2.6560115951784447
-1.2165117263793945 -0.34496772289276123 2.6553647262546343
-1.2276171445846558 -0.33941271901130676 2.655210493451947
-1.2417429685592651 -0.33224231004714966 2.654968025981205
-1.2555063962936401 -0.3253052532672882 2.6539204283160824
-1.269283413887024 -0.31802815198898315 2.654469953409287
-1.285843849182129 -0.3091915547847748 2.655562391883801
-1.2995355129241943 -0.301927775144577 2.656070675783811
-1.3133995532989502 -0.29453766345977783 2.656091446640628
-1.3272035121917725 -0.2875635325908661 2.6550683744795505
-1.3380752801895142 -0.2820124924182892 2.6539413792060067
-1.3515833616256714 -0.2748020589351654 2.6487188233050944
-1.3648035526275635 -0.26759856939315796 2.6438817868183815
['bump_right']
-1.3740147352218628 -0.26307809352874756 2.6275549306007733
-1.3743979930877686 -0.26285892724990845 2.614000387602802
-1.3721768856048584 -0.26368096470832825 2.622352620909743
-1.367782473564148 -0.26532235741615295 2.6220550811986896
-1.3632254600524902 -0.2679113745689392 2.617192795715869
-1.3569176197052002 -0.27131330966949463 2.6143728057891376
-1.350431203842163 -0.27504587173461914 2.6111402139889175
-1.3453480005264282 -0.27795571088790894 2.609963417435169
-1.339278221130371 -0.28134891390800476 2.609341377324044
-1.3335494995117188 -0.284954696893692 2.6078185990193172
-1.3276491165161133 -0.2882818579673767 2.606951943883851
-1.3247331380844116 -0.29020899534225464 2.620935941599546
-1.322927474975586 -0.29139962792396545 2.648020745819178
-1.3215199708938599 -0.2921915054321289 2.6805004728604653
-1.3211019039154053 -0.29242151975631714 2.721975809250027
-1.3212767839431763 -0.29241132736206055 2.761763332362975
-1.3216135501861572 -0.29204875230789185 2.818104038836439
-1.32187819480896 -0.2916947305202484 2.8668572914110695
-1.3220272064208984 -0.2915779948234558 2.922249799302016
-1.3220586776733398 -0.2913271486759186 2.972481497498592
-1.322313904762268 -0.2909344434738159 3.021647217280886
-1.3222218751907349 -0.29082608222961426 3.057763575395485
-1.3221465349197388 -0.2907809019088745 3.104550122347168
-1.3223243951797485 -0.29046568274497986 -3.130793570316814
-1.3223079442977905 -0.290307879447937 -3.0840296761921917
-1.3222341537475586 -0.29021647572517395 -3.027315377863872
-1.322403073310852 -0.2899608612060547 -2.9798348044067753
-1.3225128650665283 -0.2897299528121948 -2.931684715498596
-1.3226540088653564 -0.2896368205547333 -2.8817553617702294
-1.3229594230651855 -0.28954777121543884 -2.843766454462828
-1.3231126070022583 -0.28934627771377563 -2.7967634008436235
-1.3229007720947266 -0.28927138447761536 -2.7494912323442042
-1.3232063055038452 -0.2890159487724304 -2.6998443946974358
-1.3235414028167725 -0.28881722688674927 -2.652421920153473
-1.323245882987976 -0.28876882791519165 -2.5949985841400434
-1.3237006664276123 -0.2885662019252777 -2.546123029943974
-1.3240853548049927 -0.28836876153945923 -2.498043782082145
-1.3239494562149048 -0.28830215334892273 -2.4614601458805185
-1.324246883392334 -0.28816139698028564 -2.4139557355152803
-1.3244142532348633 -0.2879682779312134 -2.3655372090918267
-1.324593424797058 -0.2876487672328949 -2.317679665569122
-1.3248425722122192 -0.28746429085731506 -2.2764188912859504
-1.3248918056488037 -0.28706130385398865 -2.2140331541296514
-1.3251229524612427 -0.286968469619751 -2.1667022533810454
-1.32563316822052 -0.28690236806869507 -2.121939699654904
-1.3258001804351807 -0.2869706451892853 -2.077313326715874
-1.326032042503357 -0.2868986427783966 -2.02729464016595
-1.326328158378601 -0.28671273589134216 -1.9794534892883322
-1.326546549797058 -0.2865581214427948 -1.931500747231198
-1.3267412185668945 -0.2864089012145996 -1.8880803993139825
-1.3270938396453857 -0.2863927483558655 -1.8247985367061623
-1.3272976875305176 -0.2862788438796997 -1.7752302519925063
-1.3276036977767944 -0.2860947549343109 -1.7311244864364512
-1.3278107643127441 -0.2860032021999359 -1.6881383393855225
-1.3279880285263062 -0.28572878241539 -1.639417544918472
-1.3282299041748047 -0.28574317693710327 -1.590345351278753
-1.328360676765442 -0.28627824783325195 -1.543393805182192
-1.3284345865249634 -0.28810930252075195 -1.5034053502954812
-1.3280190229415894 -0.29332229495048523 -1.4580441420450703
-1.3274098634719849 -0.29918572306632996 -1.4299502240877382
-1.326646327972412 -0.3060937821865082 -1.4093019143211005
-1.3254882097244263 -0.31382879614830017 -1.3920862428336587
-1.3240102529525757 -0.3241753578186035 -1.3774747401236127
-1.3218739032745361 -0.3360109329223633 -1.368490022852171
-1.319700002670288 -0.34943774342536926 -1.3627952429563133
-1.3166073560714722 -0.367288738489151 -1.3631475232405106
-1.3140095472335815 -0.3819385766983032 -1.367182938817523
-1.311669945716858 -0.3963124752044678 -1.3683785226138938
-1.3094836473464966 -0.40948864817619324 -1.369768850335745
-1.3075625896453857 -0.42208555340766907 -1.370571808116681
-1.305161714553833 -0.43634137511253357 -1.3713772251771068
-1.3028596639633179 -0.4507988691329956 -1.3711674717168352
-1.300426721572876 -0.4656619727611542 -1.3706767818439045
-1.2975667715072632 -0.4829404354095459 -1.3701791904435916
-1.2952438592910767 -0.4973156750202179 -1.3701682713751526
-1.2929978370666504 -0.5116549730300903 -1.3705434346357401
-1.2907789945602417 -0.5247560143470764 -1.3718543160486132
-1.2887070178985596 -0.5375171899795532 -1.371992739153272
-1.286173701286316 -0.5523405075073242 -1.373133837102342
-1.2838252782821655 -0.566572904586792 -1.3739689878858194
-1.2807687520980835 -0.5840790867805481 -1.3742069878261207
-1.279107689857483 -0.5946224927902222 -1.374396891415416
-1.2761512994766235 -0.6129364967346191 -1.377003760159316
-1.273648738861084 -0.6277588605880737 -1.3785478412048526
-1.2715281248092651 -0.6408790349960327 -1.3798295973188823
-1.2691274881362915 -0.6542268991470337 -1.3821488560837965
-1.2667360305786133 -0.668799638748169 -1.3837240756711153
-1.2641643285751343 -0.6836124062538147 -1.3849019745711026
-1.2617017030715942 -0.698397159576416 -1.3869166256826861
-1.2586637735366821 -0.716414749622345 -1.386371484146113
-1.256343960762024 -0.7310916781425476 -1.3874712353516108
-1.2538868188858032 -0.7456868886947632 -1.3888052171055927
-1.251538634300232 -0.7594863176345825 -1.389993426385025
-1.2493897676467896 -0.7724847197532654 -1.3902357010659239
-1.246931552886963 -0.787433922290802 -1.3913631202492125
-1.2444500923156738 -0.8024948835372925 -1.3914761253073005
-1.2420555353164673 -0.8175539970397949 -1.3914602851312545
-1.239104151725769 -0.8354370594024658 -1.3922959618530055
-1.2365808486938477 -0.8501473069190979 -1.3920761195823959
-1.234269380569458 -0.8652147054672241 -1.3917982020811013
-1.231669545173645 -0.8794102072715759 -1.3938179136993725
-1.2294921875 -0.892326831817627 -1.392980901142736
-1.2269753217697144 -0.9078013300895691 -1.392315327294104
-1.2244985103607178 -0.9225291013717651 -1.392103734428894
-1.2219501733779907 -0.9376406073570251 -1.3902150957798778
-1.219062089920044 -0.9556871652603149 -1.3881918014083725
-1.2163243293762207 -0.9708219766616821 -1.3877490008307174
-1.2139934301376343 -0.98504638671875 -1.3868673909555571
-1.2113312482833862 -1.0002273321151733 -1.3853608114657079
-1.2089523077011108 -1.012951135635376 -1.3856039468214532
-1.2062370777130127 -1.0281347036361694 -1.3845496935103065
-1.2035883665084839 -1.0432568788528442 -1.3827159157683109
-1.200984001159668 -1.057790756225586 -1.3820030415997588
-1.1975796222686768 -1.0766353607177734 -1.3821636292863928
-1.194832682609558 -1.0915679931640625 -1.381474521225636
-1.1922115087509155 -1.1056689023971558 -1.3818361605874225
-1.1895726919174194 -1.1205580234527588 -1.3808671674667161
-1.186883568763733 -1.1337578296661377 -1.3804210277154647
-1.1839128732681274 -1.14873206615448 -1.3789239763125685
-1.180952787399292 -1.1639188528060913 -1.3775003410130573
-1.1783446073532104 -1.1776620149612427 -1.3744118930041993
['bump_front_center']
-1.176708459854126 -1.1887683868408203 -1.3712215567418675
-1.1765645742416382 -1.1885437965393066 -1.3704475697313339
-1.1768864393234253 -1.1864055395126343 -1.371520082718976
-1.1778473854064941 -1.1827030181884766 -1.3728718074881143
-1.1789038181304932 -1.1783063411712646 -1.3733253410945583
-1.1802828311920166 -1.1713565587997437 -1.3738085249839618
-1.181827425956726 -1.1637262105941772 -1.3739049404388333
-1.1832280158996582 -1.157236933708191 -1.3742358113846789
-1.1850757598876953 -1.148830533027649 -1.3739935049629455
-1.186497449874878 -1.1419087648391724 -1.3739008458228144
-1.1879351139068604 -1.1355650424957275 -1.3735899251312202
-1.1894230842590332 -1.1285508871078491 -1.3741558601189339
-1.1907062530517578 -1.1230080127716064 -1.3739356957969255
-1.1920560598373413 -1.116524577140808 -1.3735805115655293
-1.1935828924179077 -1.1097074747085571 -1.3732654112655294
-1.1948126554489136 -1.1041415929794312 -1.3717254159514014
-1.1955695152282715 -1.1001758575439453 -1.3620835649944638
-1.1956449747085571 -1.100762963294983 -1.3590570738952008
-1.195385217666626 -1.1008496284484863 -1.3421837668859395
-1.1953144073486328 -1.100541591644287 -1.2905399941694111
-1.195458173751831 -1.1008071899414062 -1.242514280075658
-1.1958121061325073 -1.1012064218521118 -1.192589672579984
-1.1958850622177124 -1.101644515991211 -1.1449366832047703
-1.195847511291504 -1.1015472412109375 -1.0964293081257075
-1.1960484981536865 -1.1018962860107422 -1.0330822510891773
-1.1961106061935425 -1.1022759675979614 -0.9830179191923811
-1.1963087320327759 -1.1024738550186157 -0.9354559094585255
-1.1965341567993164 -1.102570652961731 -0.8854741026098253
-1.1967227458953857 -1.1026886701583862 -0.8437037397347056
-1.19676673412323 -1.1030480861663818 -0.7939284511340353
-1.196884036064148 -1.1032763719558716 -0.7441231679036732
-1.1970553398132324 -1.1034671068191528 -0.6959753226295569
-1.1971733570098877 -1.1038964986801147 -0.6327211524562342
-1.197427749633789 -1.1043342351913452 -0.582713784429601
-1.197618007659912 -1.1043356657028198 -0.5369902747064784
-1.197650671005249 -1.1045938730239868 -0.48760404418836856
-1.1977006196975708 -1.1047519445419312 -0.44666681222718707
-1.1978107690811157 -1.1050686836242676 -0.39825940183499486
-1.1979424953460693 -1.1053969860076904 -0.34798822803333274
-1.1982487440109253 -1.1054799556732178 -0.30008249743251303
-1.1983126401901245 -1.1058862209320068 -0.23880503624412672
-1.1983623504638672 -1.1063308715820312 -0.18930201265646868
-1.198613166809082 -1.1065502166748047 -0.14379928991160323
-1.198797345161438 -1.1068356037139893 -0.09641255681192094
-1.1989567279815674 -1.1069530248641968 -0.05458478857158922
-1.1988943815231323 -1.1074120998382568 -0.004092387052056715
-1.1989210844039917 -1.1076234579086304 0.04430375384069464
-1.1991710662841797 -1.107894778251648 0.08914879456768973
-1.1994165182113647 -1.1082661151885986 0.1513411689871188
-1.1995892524719238 -1.1083279848098755 0.1788263161568012
-1.1995210647583008 -1.108814001083374 0.246952435712454
-1.1995104551315308 -1.1090724468231201 0.29637614375864946
-1.1996058225631714 -1.1092965602874756 0.33842546001712637
-1.1997252702713013 -1.1096481084823608 0.3869464676916816
-1.199719786643982 -1.1100914478302002 0.4353878376409348
-1.1999155282974243 -1.1103416681289673 0.48221210943166515
-1.2000080347061157 -1.1106611490249634 0.5321895540196767
-1.1997023820877075 -1.1111462116241455 0.5926574676670208
-1.1999918222427368 -1.1114745140075684 0.6394883527841252
-1.200010061264038 -1.1118111610412598 0.6880258085306838
-1.2000229358673096 -1.1120471954345703 0.7275247489197874
-1.1995363235473633 -1.111884355545044 0.7770820331410028
-1.1979095935821533 -1.1104596853256226 0.8211331198272956
-1.1948394775390625 -1.107219934463501 0.8562889692472818
-1.1902637481689453 -1.1018940210342407 0.8928836536692688
-1.1854205131530762 -1.095832109451294 0.916768032439052
-1.179437279701233 -1.0882689952850342 0.936903852256093
-1.1729048490524292 -1.0793789625167847 0.9524645406008615
-1.1670423746109009 -1.0715270042419434 0.9599763128753246
-1.1593570709228516 -1.0601997375488281 0.9651982681806259
-1.1509082317352295 -1.0478805303573608 0.9665896081230679
-1.1423678398132324 -1.0357258319854736 0.9653547038747363
-1.1341032981872559 -1.023233413696289 0.9669229414562809
-1.1245360374450684 -1.0093626976013184 0.9666705745446549
-1.1165847778320312 -0.9975569844245911 0.9661391174801574
-1.1083625555038452 -0.9857067465782166 0.9651796464092279
-1.1019444465637207 -0.9759101271629333 0.9651080186478904
-1.0935271978378296 -0.96383136510849 0.9662846775072748
-1.0853593349456787 -0.9517920017242432 0.9660296374781133
-1.0772006511688232 -0.9398288726806641 0.9666364653841651
-1.067257046699524 -0.9252903461456299 0.9660587108533601
-1.059356451034546 -0.913245677947998 0.967606150504706
-1.0511375665664673 -0.9010272026062012 0.9692429940922223
-1.0427618026733398 -0.8885867595672607 0.9710053524433155
-1.0362013578414917 -0.8787353038787842 0.9720470383109863
-1.0283174514770508 -0.8664350509643555 0.9732905784593028
-1.020270586013794 -0.8540186882019043 0.9733866504585474
-1.0124133825302124 -0.8419689536094666 0.9739688036064393
-1.0028834342956543 -0.8271104097366333 0.973911704220904
-0.9948410987854004 -0.8151243925094604 0.9755249806241915
-0.9868969917297363 -0.8026867508888245 0.9762585970862928
-0.978952169418335 -0.7906438112258911 0.9785347327437415
-0.9725168943405151 -0.7808319926261902 0.9785911594780261
-0.9643954038619995 -0.7684048414230347 0.979269781993822
-0.9564101099967957 -0.7558220028877258 0.9795714286464989
-0.9483108520507812 -0.7436029314994812 0.9796797856346912
-0.9405392408370972 -0.7311169505119324 0.9791946014593632
-0.9310026168823242 -0.7164595127105713 0.9799085164618916
-0.9233566522598267 -0.7039585113525391 0.9810628564527069
-0.9152358174324036 -0.6917243599891663 0.9819346173683389
-0.9086799025535583 -0.6814264059066772 0.9826431350698721
-0.9007624387741089 -0.6690584421157837 0.984664676194314
-0.8927510380744934 -0.656891405582428 0.9847509363161331
-0.8849493861198425 -0.6446616649627686 0.9834218688148674
-0.8753697872161865 -0.6299331784248352 0.9836847275907431
-0.8675532937049866 -0.6175224781036377 0.9841861450247644
-0.8596253395080566 -0.6053661704063416 0.9860556096629216
-0.8515996336936951 -0.5928756594657898 0.9860556096458236
-0.8450694680213928 -0.5829954147338867 0.9863293697444102
-0.8370194435119629 -0.5708775520324707 0.9867713004663051
-0.8291354775428772 -0.5586168766021729 0.985560535075123
-0.8212398886680603 -0.5461843609809875 0.9863054270110424
-0.8132150769233704 -0.5342175364494324 0.9851568292369521
-0.8037282228469849 -0.5195015668869019 0.9863845669840506
-0.7959005832672119 -0.5073781609535217 0.9871420216762995
-0.7881177663803101 -0.4952613115310669 0.9881448338375354
-0.7818643450737 -0.4852210581302643 0.9898420919241167
-0.7741943597793579 -0.47300559282302856 0.9900480899790336
-0.7667109370231628 -0.4609004855155945 0.9896341487355304
-0.7589951753616333 -0.44884926080703735 0.9894126603435924
-0.7503470182418823 -0.4344163239002228 0.988565802549013
-0.7425435781478882 -0.4222477078437805 0.9896166686692661
-0.7348395586013794 -0.40998679399490356 0.9903801799681469
-0.7272775769233704 -0.39771053194999695 0.9925758058851545
-0.7211614847183228 -0.38802942633628845 0.9927377816850868
-0.7136075496673584 -0.37558674812316895 0.9934537415181566
-0.706023633480072 -0.3636506497859955 0.9943481927361665
-0.698602557182312 -0.351259708404541 0.9945464830353881
-0.6910696625709534 -0.3390270173549652 0.9945464830353881
-0.6824191808700562 -0.32457348704338074 0.9949070961687394
-0.6748527884483337 -0.3122633099555969 0.9969944661354913
-0.6673385500907898 -0.2998194992542267 0.9969945708355181
-0.6612829566001892 -0.29006069898605347 0.9987745371725626
-0.6539006233215332 -0.2775791585445404 0.9999103910869725
-0.6463891863822937 -0.2653566002845764 1.000507336079304
-0.6395245790481567 -0.2534904479980469 1.0016257089616007
-0.6333361864089966 -0.2430499643087387 1.005461192283902
-0.6275334358215332 -0.2328600287437439 1.0038518067918478
-0.6224994659423828 -0.2240976095199585 1.00193960831816
-0.6167501211166382 -0.21484726667404175 1.0032101593268843
-0.6123703718185425 -0.20743489265441895 1.0027536573440963
-0.6068238615989685 -0.19814342260360718 1.0035593200538238
-0.6013258099555969 -0.1888391077518463 1.0046802483242123
-0.5956971645355225 -0.1795140951871872 1.0050075321532939
-0.5900921821594238 -0.17046144604682922 1.0044247727557736
-0.583486020565033 -0.15913674235343933 1.004763854639165
-0.5780182480812073 -0.14961086213588715 1.0043634192559812
-0.5725612044334412 -0.14053162932395935 1.0039877911649264
-0.5684000253677368 -0.13327646255493164 1.0038144899745354
-0.5630566477775574 -0.12405803054571152 1.0038144899745354
-0.557511568069458 -0.11490923911333084 1.0042190565360924
-0.5521504282951355 -0.10548693686723709 1.0048670761508618
-0.5466640591621399 -0.09640219807624817 1.005094671350472
-0.539875328540802 -0.08503656089305878 1.0038414475623463
-0.5343478918075562 -0.07579600811004639 1.0019454996430586
-0.528818666934967 -0.06661849468946457 1.0019454996430586
-0.5243903398513794 -0.059210825711488724 1.0007709140165373
['bump_left']
-0.5187436938285828 -0.050057265907526016 1.0007709140165373
-0.5164332389831543 -0.04675270617008209 1.011793361528933
-0.5173300504684448 -0.0476839542388916 1.0112767474441704
-0.5199862122535706 -0.04997489973902702 1.003501732620454
-0.5227193236351013 -0.05501933768391609 1.0069531526454236
-0.5264261960983276 -0.0604519359767437 1.00801183222166
-0.5309000015258789 -0.0672895759344101 1.0068397502453834
-0.5343397259712219 -0.07257802039384842 1.0060778663768322
-0.538367748260498 -0.0785444974899292 1.0048211756915086
-0.5420452356338501 -0.08430376648902893 1.0064158338046163
-0.5448510050773621 -0.08845170587301254 1.0060154887893349
-0.546731173992157 -0.09090258181095123 1.0206784847790522
-0.5483335256576538 -0.093370221555233 1.0507703108138933
-0.5494051575660706 -0.09459623694419861 1.0868058459996395
-0.549407422542572 -0.09475413709878922 1.1373148028865072
-0.5493403673171997 -0.09449683874845505 1.179552313619534
-0.5494758486747742 -0.09442570805549622 1.228801796910411
-0.5494534969329834 -0.09461427479982376 1.2777850411339982
-0.5497725605964661 -0.094794362783432 1.3277524068057438
-0.5495617985725403 -0.09483761340379715 1.3774372238708366
-0.5498239994049072 -0.09511302411556244 1.4345464175397584
-0.5498760938644409 -0.09504558891057968 1.4854911270051283
-0.5498165488243103 -0.09499920904636383 1.5347168941484022
-0.5498650074005127 -0.09500343352556229 1.5744798816496854
-0.5501663684844971 -0.09534169733524323 1.623462542516671
-0.5501856207847595 -0.09530305117368698 1.6734363934071497
-0.5501652359962463 -0.09539639204740524 1.7333446740956304
-0.5502287745475769 -0.09546369314193726 1.7732380836918646
-0.550458550453186 -0.09550812840461731 1.831924198217196
-0.5505008697509766 -0.09568384289741516 1.881504173087335
-0.5504637360572815 -0.09556400775909424 1.9313250841777727
-0.550553560256958 -0.09562219679355621 1.9700549611212401
-0.550719141960144 -0.09588167071342468 2.018810738982679
-0.5507933497428894 -0.09593264013528824 2.069521876214247
-0.5508233308792114 -0.0959441065788269 2.1193313112085113
-0.5507692694664001 -0.0958046019077301 2.166947319691973
-0.5507689714431763 -0.09609684348106384 2.2233223843478043
-0.5507740378379822 -0.09618682414293289 2.2722640378442525
-0.5507506728172302 -0.09616535156965256 2.321616431327071
-0.5507532954216003 -0.0961105152964592 2.361749467654448
-0.5508615970611572 -0.09641439467668533 2.4089139120150764
-0.5509697794914246 -0.09634805470705032 2.4573989139681767
-0.5509980320930481 -0.09647787362337112 2.505649092686978
-0.5510697364807129 -0.09644768387079239 2.5537812688687187
-0.551266610622406 -0.09653440117835999 2.611432602050008
-0.5512453317642212 -0.09667042642831802 2.6607799485198433
-0.5515100955963135 -0.09649690240621567 2.7112551028068808
-0.5516689419746399 -0.09640572220087051 2.751759769088099
-0.551776111125946 -0.09671904891729355 2.799370077265803
-0.5520682334899902 -0.0966067910194397 2.847558012627366
-0.5521878004074097 -0.09675335139036179 2.895735735376795
-0.5524628162384033 -0.09664332121610641 2.946902985433717
-0.5527197122573853 -0.09671039134263992 3.0052494973293626
-0.552887499332428 -0.09667085856199265 3.054736613804733
-0.5532809495925903 -0.09651165455579758 3.1041517215935945
-0.5540932416915894 -0.09644867479801178 3.141390323637138
-0.5562081336975098 -0.09662891924381256 -3.0990295428221373
-0.5602896809577942 -0.09683108329772949 -3.0657234155260986
-0.5661598443984985 -0.09742125123739243 -3.033371208507422
-0.5737758278846741 -0.0982632115483284 -3.0076665823159425
-0.5851486921310425 -0.09995950013399124 -2.984168776048621
-0.5964389443397522 -0.10200612992048264 -2.9697332322829157
-0.6095802783966064 -0.10448723286390305 -2.9607036104622297
-0.6234058141708374 -0.10747150331735611 -2.9561352534334526
-0.6392456293106079 -0.11079695075750351 -2.9545338001091044
-0.6524249315261841 -0.11392966657876968 -2.9534318511806985
-0.6675621867179871 -0.11738027632236481 -2.9507055288760915
-0.6825891733169556 -0.12070397287607193 -2.950087789096893
-0.700465977191925 -0.12473118305206299 -2.950130458707427
-0.7156881093978882 -0.12805263698101044 -2.949161754442602
-0.7306930422782898 -0.13139890134334564 -2.9493522694903045
-0.7450432181358337 -0.1346370130777359 -2.948100092972864
-0.7601503133773804 -0.13800673186779022 -2.9475147674616884
-0.7727189660072327 -0.1409573256969452 -2.9469280289689115
-0.7879527807235718 -0.14448510110378265 -2.943103078604783
-0.8031513094902039 -0.147776797413826 -2.941664223340828
-0.8211018443107605 -0.15199558436870575 -2.942264557626926
-0.8360270261764526 -0.15541823208332062 -2.9411392268065946
-0.8510162234306335 -0.1587413251399994 -2.9409830500875063
-0.8663829565048218 -0.16238504648208618 -2.9397535407986504
-0.8815346956253052 -0.16564379632472992 -2.9379973299627578
-0.8937904834747314 -0.16848224401474 -2.936914210287498
-0.9089933037757874 -0.17188318073749542 -2.935498954081322
-0.9241025447845459 -0.1755182296037674 -2.935127027253245
-0.9418941140174866 -0.1795395016670227 -2.9342665563815613
-0.9567593336105347 -0.1830170601606369 -2.9333247976268435
-0.9720135927200317 -0.1864567995071411 -2.9313220985577755
-0.9871407747268677 -0.1899547278881073 -2.9294338281603354
-1.0023692846298218 -0.19370628893375397 -2.9285411878361503
-1.0146626234054565 -0.19643552601337433 -2.925898567209505
-1.0296761989593506 -0.2000192254781723 -2.9220914820044888
-1.044501781463623 -0.20346330106258392 -2.919445722550756
-1.0625461339950562 -0.20779049396514893 -2.9172063130940176
['bump_right']
-1.0772989988327026 -0.21110142767429352 -2.915459861921008
-1.085395336151123 -0.21563012897968292 -2.920753003510482
-1.0847091674804688 -0.2150995433330536 -2.9228356105653326
-1.0824153423309326 -0.21401600539684296 -2.926210642740566
-1.0782825946807861 -0.21285049617290497 -2.927518353840397
-1.0701513290405273 -0.2108345925807953 -2.9268083542547343
-1.0660706758499146 -0.2097007930278778 -2.926930910968021
-1.0579168796539307 -0.20805421471595764 -2.927713403405878
-1.0516215562820435 -0.2065560519695282 -2.9262742999816433
-1.0444061756134033 -0.20511867105960846 -2.925501810737564
-1.0390417575836182 -0.2039685845375061 -2.925336609271805
-1.0322649478912354 -0.20257526636123657 -2.922808397240485
-1.0262773036956787 -0.20136655867099762 -2.921626805721882
-1.0225211381912231 -0.20039507746696472 -2.9167728565535818
-1.019749641418457 -0.19997018575668335 -2.900842195666506
-1.0171535015106201 -0.19962383806705475 -2.8685460296074696
-1.0156234502792358 -0.1991322934627533 -2.83502603263779
-1.0154346227645874 -0.19903184473514557 -2.7887551676281763
-1.0155409574508667 -0.19920691847801208 -2.7478370624334754
-1.015723705291748 -0.19935432076454163 -2.6972939536250253
-1.0159411430358887 -0.19938600063323975 -2.6470365612184032
-1.0162408351898193 -0.19934628903865814 -2.5967647760566455
-1.016422152519226 -0.19940656423568726 -2.5464336593905146
-1.0166038274765015 -0.19940900802612305 -2.4892263609273306
-1.0168259143829346 -0.1992669254541397 -2.441839625543381
-1.0169856548309326 -0.19905990362167358 -2.392796319878874
-1.0170872211456299 -0.19907428324222565 -2.354686046628139
-1.0174484252929688 -0.19907088577747345 -2.306543138379464
-1.017485499382019 -0.19898030161857605 -2.258244547661956
-1.0178759098052979 -0.19888362288475037 -2.2107684881744327
-1.0179539918899536 -0.19865581393241882 -2.1671600419692436
-1.0180414915084839 -0.19842524826526642 -2.105926547167236
-1.0182470083236694 -0.1983715146780014 -2.0582850432135134
-1.0184813737869263 -0.19837769865989685 -2.0143065236020186
-1.0187740325927734 -0.1983829140663147 -1.9717814098422433
-1.0189292430877686 -0.19829019904136658 -1.9243093461782796
-1.019052505493164 -0.19818629324436188 -1.8771322817199159
-1.019346833229065 -0.19802944362163544 -1.8303820043197547
-1.019534945487976 -0.19793567061424255 -1.7867320058321792
-1.020107388496399 -0.19795553386211395 -1.7246672487135597
-1.020364761352539 -0.19793613255023956 -1.6754453049054596
-1.0207327604293823 -0.19795502722263336 -1.6306370423222374
-1.0212070941925049 -0.19796398282051086 -1.587536068795129
-1.021403431892395 -0.1977572739124298 -1.53965009314413
-1.0216387510299683 -0.1976660192012787 -1.4901464859408045
-1.0221223831176758 -0.19781818985939026 -1.4407080404090218
-1.0224792957305908 -0.1977718025445938 -1.384232549799961
-1.022831916809082 -0.1977422535419464 -1.3363086253472374
-1.0231866836547852 -0.19791251420974731 -1.2872638234810492
-1.023573398590088 -0.19802239537239075 -1.242165615367625
-1.02384614944458 -0.19803255796432495 -1.1987439994693068
-1.0240360498428345 -0.19813157618045807 -1.1507956157552657
-1.024475336074829 -0.19829441606998444 -1.1013204441322204
-1.0248404741287231 -0.19852733612060547 -1.0518434527914367
-1.0252434015274048 -0.19870969653129578 -1.0078470735508647
-1.0257352590560913 -0.1988568753004074 -0.9473439222770362
-1.026160717010498 -0.19893449544906616 -0.8991345975547044
-1.0263692140579224 -0.1989520937204361 -0.8528157533664801
-1.026646375656128 -0.1992969810962677 -0.8088190391658853
-1.026618242263794 -0.19969631731510162 -0.7627939814317065
-1.0251327753067017 -0.2014353722333908 -0.720221577051983
-1.0219452381134033 -0.20445524156093597 -0.6849288102813613
-1.0165704488754272 -0.20881304144859314 -0.6455661712718813
-1.0105575323104858 -0.2135378122329712 -0.6216596422326143
-1.0033988952636719 -0.21909143030643463 -0.6010625205380247
-0.9952046275138855 -0.22489488124847412 -0.5863543791791505
-0.9869157075881958 -0.23091956973075867 -0.5757751884492388
-0.9755198359489441 -0.23865443468093872 -0.5677851515095009
-0.9631017446517944 -0.2469853162765503 -0.5657695417604788
-0.9503539204597473 -0.25542202591896057 -0.5642913928703158
-0.9387964010238647 -0.26297715306282043 -0.5628055464809413
-0.9230473637580872 -0.2736647129058838 -0.5589872126659413
-0.9107934236526489 -0.28170642256736755 -0.5588224500913275
-0.8993450403213501 -0.2891716957092285 -0.5578588948403975
-0.888119637966156 -0.29661229252815247 -0.5543096652851802
-0.8757215738296509 -0.3047367036342621 -0.550638199909796
-0.8632979989051819 -0.3129884600639343 -0.5477853686130042
-0.8507874608039856 -0.32106447219848633 -0.5450978922896044
-0.8359597325325012 -0.3306629955768585 -0.5427030021340549
-0.8233134150505066 -0.33853879570961 -0.5413881369450118
-0.8108150362968445 -0.34665921330451965 -0.5405487318469716
-0.7990639805793762 -0.354064404964447 -0.5387381178059772
-0.788165807723999 -0.3610069751739502 -0.5378784379573299
-0.7756289839744568 -0.369083046913147 -0.5362277144684321
-0.7629328966140747 -0.3769659996032715 -0.5354944468427862
-0.7505342364311218 -0.3847094774246216 -0.5340242837336351
-0.7383735775947571 -0.392316073179245 -0.5336906809105476
-0.722324013710022 -0.4022354483604431 -0.5331470886066116
-0.7097601294517517 -0.4101521670818329 -0.5314928399405899
-0.6980143785476685 -0.41753774881362915 -0.531532903717
-0.6873162984848022 -0.42425405979156494 -0.5303308719477472
-0.6746148467063904 -0.4321657419204712 -0.5293337803967061
-0.6618112325668335 -0.44006842374801636 -0.5274433816601709
-0.6490120887756348 -0.4480728209018707 -0.5257575148276219
-0.6372784376144409 -0.45529553294181824 -0.5260727825532554
-0.6215604543685913 -0.46495282649993896 -0.5264032594937512
-0.6097497940063477 -0.4722091853618622 -0.5266722612310564
-0.5974199175834656 -0.47983649373054504 -0.525717366755655
-0.5863258242607117 -0.48666778206825256 -0.5240655561727321
-0.5737342834472656 -0.49456292390823364 -0.522946016649811
-0.5611680150032043 -0.5021213293075562 -0.5223349127815116
-0.5493398904800415 -0.5095208883285522 -0.521287183700768
-0.536648154258728 -0.5171670317649841 -0.5213912844643959
-0.5205171704292297 -0.5270974636077881 -0.5209242473653704
-0.5085918307304382 -0.5344423055648804 -0.5209740591130669
-0.4956437051296234 -0.5421627759933472 -0.5208295979174424
-0.48489588499069214 -0.5488566160202026 -0.5190895541470989
-0.47213467955589294 -0.5566526651382446 -0.5177478098118141
-0.45930206775665283 -0.5643608570098877 -0.5170036504459695
-0.4472169876098633 -0.5717333555221558 -0.5162042228902646
-0.4343864321708679 -0.5793986916542053 -0.5164502666657433
-0.41845399141311646 -0.5891412496566772 -0.517028683479557
-0.4065914750099182 -0.596245288848877 -0.5173178221327858
-0.3939017653465271 -0.603830873966217 -0.5176828908076779
-0.3832060396671295 -0.6103892922401428 -0.5165522053341224
-0.37007781863212585 -0.6183071732521057 -0.5155663413872708
-0.35760706663131714 -0.6259939670562744 -0.513843945602335
-0.3450177311897278 -0.633221447467804 -0.5142779692660994
-0.3324129581451416 -0.6409066915512085 -0.5143961984045008
-0.31649231910705566 -0.6502166986465454 -0.5141364937758267
-0.30392077565193176 -0.6578519344329834 -0.5135501768625792
-0.2909839451313019 -0.6655296683311462 -0.5138964887145542
-0.2799614667892456 -0.6720566153526306 -0.511875484468479
-0.26723840832710266 -0.6797938346862793 -0.5102227736558607
-0.25436830520629883 -0.6873810291290283 -0.510020110955256
-0.24199196696281433 -0.6948467493057251 -0.5085295180341985
-0.22605958580970764 -0.7044476866722107 -0.5096094383365849
-0.21312148869037628 -0.7121127247810364 -0.5103217666214556
-0.2007877677679062 -0.7194749116897583 -0.5109631174083393
-0.18806836009025574 -0.7268298864364624 -0.5098234221196767
-0.17737235128879547 -0.7332423329353333 -0.5083787313771808
-0.16438649594783783 -0.7410121560096741 -0.5068372346846964
-0.15086723864078522 -0.7486921548843384 -0.5051662684777882
-0.13862206041812897 -0.7559872269630432 -0.5034602506693617
-0.12246561795473099 -0.7653822898864746 -0.5037531112945098
-0.10961199551820755 -0.7729631066322327 -0.5031458566763736
-0.09738408029079437 -0.7801763415336609 -0.5032946836134407
-0.08428721129894257 -0.7878689765930176 -0.5022524845729436
-0.073707215487957 -0.7941084504127502 -0.5006642138010553
-0.06072418391704559 -0.8015022277832031 -0.4992458203686421
-0.047838181257247925 -0.8090823888778687 -0.49642680114156107
-0.035661522299051285 -0.8160043954849243 -0.49504046496707693
-0.02268696017563343 -0.8235294222831726 -0.4952169974437731
-0.0065703364089131355 -0.8328026533126831 -0.49524796743684923
0.005787885747849941 -0.8397539854049683 -0.4964436165248813
0.018239570781588554 -0.8469769358634949 -0.49647632018571913
0.029584210366010666 -0.8533909916877747 -0.4960052569637891
0.04270711913704872 -0.8607703447341919 -0.4964200339578371
0.0555819496512413 -0.8681735992431641 -0.4956307551563655
0.06828189641237259 -0.8753737807273865 -0.49492348946212844
0.08101719617843628 -0.8827747106552124 -0.4945828234843798
0.09707195311784744 -0.8918513059616089 -0.4959558712710569
0.10965245217084885 -0.899013876914978 -0.4968703492232439
0.12250499427318573 -0.9064909815788269 -0.49774346054293545
0.133616641163826 -0.912810742855072 -0.4976426194079381
0.14679038524627686 -0.9204999804496765 -0.4975336839049935
0.1597404032945633 -0.9277673363685608 -0.4980176192204941
0.17527665197849274 -0.9367069602012634 -0.4981051207331656
0.18481938540935516 -0.9421082735061646 -0.4996820181783669
0.20078900456428528 -0.9513943791389465 -0.5003315200745122
0.21314933896064758 -0.9585679173469543 -0.5011217805778337
0.2259281575679779 -0.9658923745155334 -0.5013031898204907
0.23692315816879272 -0.9722810983657837 -0.5012152648698817
0.24924367666244507 -0.9794278740882874 -0.5019629372353549
0.26212969422340393 -0.9868642091751099 -0.502787591398122
0.2749474048614502 -0.9943503141403198 -0.5035791023082069
0.28790023922920227 -1.0016257762908936 -0.5049184321946733
0.30308085680007935 -1.0106301307678223 -0.5053626066991201
0.31571266055107117 -1.0179747343063354 -0.5070816987840302
0.32835331559181213 -1.0254560708999634 -0.5073372552231519
0.33845922350883484 -1.0313384532928467 -0.5073111924245397
0.35136300325393677 -1.039091944694519 -0.5075918632060085
0.3638134002685547 -1.0467019081115723 -0.5075926216813414
0.37685146927833557 -1.0542449951171875 -0.5076028562900731
0.3895055055618286 -1.0618388652801514 -0.5090142279230229
0.40463173389434814 -1.0707852840423584 -0.5103063321490724
0.4175664186477661 -1.0783634185791016 -0.5109562092329379
0.4305347204208374 -1.085989236831665 -0.5110939199302424
0.44074586033821106 -1.0919066667556763 -0.5105669443587096
0.4534075856208801 -1.0995088815689087 -0.5098861450849341
0.4661904573440552 -1.10716712474823 -0.5085698917833239
0.479163259267807 -1.1147226095199585 -0.5084589455863472
0.49452242255210876 -1.1238635778427124 -0.5100253704879842
0.5073368549346924 -1.1311181783676147 -0.5102387049139726
0.5202122926712036 -1.1387437582015991 -0.5106310525282354
0.5326652526855469 -1.1460251808166504 -0.5115336959745946
0.5431661009788513 -1.1520724296569824 -0.5111633615351203
0.5558362603187561 -1.1597641706466675 -0.5108469800185784
0.5689662098884583 -1.1674773693084717 -0.5110600465289883
0.581695556640625 -1.1752060651779175 -0.510992663737811
0.5947756767272949 -1.1826552152633667 -0.5116406403616992
0.6100859642028809 -1.1917890310287476 -0.511221922972096
0.6226996183395386 -1.1992831230163574 -0.5114059907793266
0.6356739401817322 -1.2067897319793701 -0.5121370669003951
0.6460853219032288 -1.2131112813949585 -0.5110727693767099
0.6587756872177124 -1.2205843925476074 -0.5105616002857053
0.6716463565826416 -1.228049635887146 -0.509985726756122
0.6840646862983704 -1.2356332540512085 -0.5087597764570823
0.6968847513198853 -1.2430369853973389 -0.5089596686288778
0.7069494724273682 -1.2489489316940308 -0.5083547315433888
0.7245913147926331 -1.2594302892684937 -0.5077242336720108
0.7371423840522766 -1.2667402029037476 -0.5081900609874835
0.7469859719276428 -1.2726505994796753 -0.5071867264892761
0.7598389387130737 -1.2801613807678223 -0.5067076069022028
0.7722959518432617 -1.2875802516937256 -0.5050606173901293
0.7853283882141113 -1.2950304746627808 -0.5041018587934888
0.7978929877281189 -1.3025449514389038 -0.5039378717658883
0.8130846619606018 -1.311336636543274 -0.5036393561215722
0.8258451819419861 -1.3188090324401855 -0.5046269671091282
0.8385679721832275 -1.3262168169021606 -0.5052768966761352
0.848878800868988 -1.3322287797927856 -0.5035734323461062
0.8615745306015015 -1.3397127389907837 -0.5017075355363024
0.8743283152580261 -1.34714937210083 -0.5009376801306835
0.8871550559997559 -1.3545230627059937 -0.4996202355642211
0.8997074961662292 -1.3616113662719727 -0.4995487184841806
0.9145808815956116 -1.370057463645935 -0.49940807986104535
0.9274737238883972 -1.377639651298523 -0.49914838087569136
0.9400590062141418 -1.3847930431365967 -0.49837397511072873
0.9502578973770142 -1.3907285928726196 -0.49773481634159283
0.963050901889801 -1.3981709480285645 -0.49763618530595666
0.9756219983100891 -1.4052293300628662 -0.4969366272894765
0.988345742225647 -1.4126756191253662 -0.4945640323922943
1.001645803451538 -1.4200135469436646 -0.494199919974899
1.0166841745376587 -1.4287663698196411 -0.4932188043410555
1.029693603515625 -1.4358195066452026 -0.492577213998636
1.0425708293914795 -1.443179726600647 -0.4918262141733506
1.052627444267273 -1.4488320350646973 -0.4909162666522683
1.0656100511550903 -1.456050157546997 -0.4896973304254713
1.0784822702407837 -1.4632556438446045 -0.48853582233196075
1.09401273727417 -1.4717299938201904 -0.48755501580888805
1.1040059328079224 -1.4774937629699707 -0.4874898840245001
['bump_left']
1.1189323663711548 -1.4860353469848633 -0.48711954164696764
1.1233320236206055 -1.4890755414962769 -0.48370433554114367
1.1228243112564087 -1.4890135526657104 -0.48131405296870394
1.1204018592834473 -1.4876495599746704 -0.48682598206435895
1.1151031255722046 -1.4848589897155762 -0.4871575117397583
1.1091748476028442 -1.48175847530365 -0.4866380212075263
1.1022443771362305 -1.4784351587295532 -0.4864093832801143
1.095657467842102 -1.4751886129379272 -0.48640935435446686
1.0877587795257568 -1.471293568611145 -0.48566650118371285
1.0811787843704224 -1.4681236743927002 -0.48566650118371285
1.075049877166748 -1.4651397466659546 -0.4872913891521816
1.0715998411178589 -1.4634650945663452 -0.4858744562595575
1.0684674978256226 -1.4616175889968872 -0.47009727242660104
1.0661178827285767 -1.4604575634002686 -0.4434435175157696
1.0647932291030884 -1.4597967863082886 -0.4084879071808626
1.0643240213394165 -1.4597244262695312 -0.3634064672768816
1.0646536350250244 -1.4601283073425293 -0.30022648366512306
1.0645264387130737 -1.4602919816970825 -0.24982313234318915
1.0641968250274658 -1.4604018926620483 -0.20229449756370982
1.0640287399291992 -1.4604978561401367 -0.16284679046134887
1.0640021562576294 -1.460866928100586 -0.11116746053615356
1.0638434886932373 -1.4611135721206665 -0.06353910455126195
1.0635287761688232 -1.4611715078353882 -0.015807710688216205
1.0633351802825928 -1.4613231420516968 0.03416683426869778
1.0631074905395508 -1.4615057706832886 0.09303741711814917
1.0628544092178345 -1.461732029914856 0.14237013763788361
1.0627132654190063 -1.4619346857070923 0.19152875504277975
1.0624641180038452 -1.4620813131332397 0.23235939720270196
1.0624693632125854 -1.462393879890442 0.28239717450095403
1.0623679161071777 -1.4625682830810547 0.3302919382611116
1.062428593635559 -1.4626885652542114 0.3803660300006114
1.0623441934585571 -1.4629369974136353 0.429715446123847
1.0621247291564941 -1.4630982875823975 0.48993956711218206
1.0621232986450195 -1.4633578062057495 0.5395923324627768
1.0620907545089722 -1.463484287261963 0.5886176880195617
1.0620324611663818 -1.4636374711990356 0.6277466285541068
1.062000036239624 -1.4637280702590942 0.6771907303467546
1.0620464086532593 -1.4638055562973022 0.7272990704916801
1.0619689226150513 -1.46394944190979 0.777203730583398
1.0621286630630493 -1.4641227722167969 0.8278695537723434
1.061818242073059 -1.464375376701355 0.8864701697149076
1.0618869066238403 -1.4645174741744995 0.9359000542523725
1.0618336200714111 -1.4645686149597168 0.984510819931736
1.0619984865188599 -1.4646226167678833 1.02501261588549
1.0618232488632202 -1.4648295640945435 1.073445897989672
1.0618816614151 -1.4649558067321777 1.1228401332657933
1.0616776943206787 -1.4652316570281982 1.1720615797214886
1.061901569366455 -1.465360164642334 1.2225881292278762
1.0619019269943237 -1.4655126333236694 1.2806994755526475
1.0619971752166748 -1.4655998945236206 1.3302633769581853
1.062042236328125 -1.4657740592956543 1.3799578563808557
1.0621793270111084 -1.4656975269317627 1.4203188005284815
1.0620452165603638 -1.465837836265564 1.4689068477498852
1.0619323253631592 -1.4659662246704102 1.517020257553512
1.0619136095046997 -1.4658516645431519 1.5661891770227825
1.0619232654571533 -1.465885043144226 1.61599250269822
1.0621663331985474 -1.4653279781341553 1.657345040746825
1.0617022514343262 -1.462439775466919 1.719132907808833
1.0609723329544067 -1.457970142364502 1.7539022209704844
1.0599393844604492 -1.453208565711975 1.7787142309286779
1.058326244354248 -1.4458450078964233 1.8026064840144018
1.0560071468353271 -1.4368925094604492 1.8240491228977695
1.0527549982070923 -1.4264380931854248 1.8402503717330019
1.048997402191162 -1.4146705865859985 1.8513905877350492
1.0437332391738892 -1.3985364437103271 1.8606404782397656
1.0384740829467773 -1.3839253187179565 1.8612871231330528
1.0333433151245117 -1.369570255279541 1.8640815632362011
1.029271125793457 -1.3582905530929565 1.866503430067816
1.0242379903793335 -1.3443832397460938 1.868423584044763
1.0189605951309204 -1.3303216695785522 1.868827110701033
1.013640284538269 -1.31613028049469 1.8713587228547202
1.0090136528015137 -1.3035410642623901 1.873121531807675
1.0025529861450195 -1.2865502834320068 1.87348394906518
0.9974695444107056 -1.2728891372680664 1.8758419799201358
0.9922512173652649 -1.258744239807129 1.877477500438784
0.9869630932807922 -1.2447775602340698 1.8776105254388387
0.982089102268219 -1.232444167137146 1.8783096145861282
0.9766850471496582 -1.2187687158584595 1.8801912287171658
0.9714025259017944 -1.2049999237060547 1.8810857339721114
0.965886116027832 -1.19139564037323 1.881415222504185
0.95951908826828 -1.1741620302200317 1.8839681381574456
0.9540578722953796 -1.1600135564804077 1.885925614125441
0.9486615657806396 -1.146083950996399 1.8878025637569278
0.9443109035491943 -1.1348671913146973 1.8902030944203951
0.9390024542808533 -1.1210627555847168 1.891773338438488
0.9333334565162659 -1.1073272228240967 1.8917552604814634
0.9280412793159485 -1.0935542583465576 1.893028809531369
0.9223693013191223 -1.0794106721878052 1.8939055534153952
0.9180092215538025 -1.0683821439743042 1.894356361772929
0.9104063510894775 -1.048812985420227 1.8959689577257464
0.9048269987106323 -1.034712314605713 1.8970752649262732
0.9003952145576477 -1.0237399339675903 1.8975690956608047
0.8950154781341553 -1.010002851486206 1.9003920677715127
0.8893722891807556 -0.9962053298950195 1.9016335278802985
0.8838626146316528 -0.9826105237007141 1.9031721542112663
0.8783129453659058 -0.9688876271247864 1.9035529113993896
0.8722307682037354 -0.9533770084381104 1.9064075658551416
0.8667064309120178 -0.9395161867141724 1.908119943262763
0.8611494302749634 -0.9253460168838501 1.910189682714055
0.8557941913604736 -0.9121346473693848 1.9122130044605052
0.8502693176269531 -0.8983606100082397 1.913567226641456
0.8455692529678345 -0.8865085244178772 1.914517901466994
0.8401321172714233 -0.8728496432304382 1.9154077884994185
0.8343281149864197 -0.8589788675308228 1.916058482405941
0.8285192847251892 -0.844985842704773 1.9162933127276296
0.8217456340789795 -0.8286421895027161 1.9175266134048174
0.8160504102706909 -0.8146930932998657 1.9206381815447129
0.8104698657989502 -0.8014169931411743 1.9212714030123335
0.8046443462371826 -0.7875179648399353 1.9234415155775848
0.7996824383735657 -0.7758452296257019 1.9247721339652883
0.7938500642776489 -0.7619708776473999 1.9252580647660704
0.7858979105949402 -0.7429317831993103 1.9264103813193638
0.7812345623970032 -0.7317262291908264 1.926260980785777
0.7755487561225891 -0.718241274356842 1.925849393340328
0.7695875763893127 -0.7046211361885071 1.925407863483221
0.7637684345245361 -0.6905485391616821 1.9257565831165069
0.7585713267326355 -0.678320050239563 1.9253000523835941
0.7530756592750549 -0.6649244427680969 1.9233978397316898
0.7474949955940247 -0.651447057723999 1.9230262823841848
0.7418835759162903 -0.6378470063209534 1.923075621751742
0.7373705506324768 -0.6267617344856262 1.9230755535300896
0.7292540073394775 -0.6074573397636414 1.9241735486108904
0.7234417200088501 -0.5935664176940918 1.925234350327653
0.7190420031547546 -0.5826433300971985 1.9254520211613626
0.7135081887245178 -0.569097638130188 1.925878877291133
0.7077149152755737 -0.5552031397819519 1.9262960282637829
0.7020252346992493 -0.5415861010551453 1.9262889271614474
0.6960935592651367 -0.5281346440315247 1.9257652894622543
0.6891344785690308 -0.5117722749710083 1.9263745762692563
0.6834186315536499 -0.4981781244277954 1.9261102049902656
0.6776905059814453 -0.48463937640190125 1.9268540058339907
0.6729142665863037 -0.47359564900398254 1.9274631327011353
0.6670470833778381 -0.4597923755645752 1.9276832102545582
0.6611108183860779 -0.4462571144104004 1.927883239223368
0.6552296876907349 -0.43270257115364075 1.9285339578403633
0.6495015621185303 -0.41904905438423157 1.929957661829632
0.6424010396003723 -0.4025909900665283 1.930360253979783
0.6364670395851135 -0.38869768381118774 1.9311712136131234
0.6304648518562317 -0.3747998774051666 1.9321049008539037
0.6255906820297241 -0.36358144879341125 1.93258514651984
0.6196861267089844 -0.349895715713501 1.933612655510004
0.6137645840644836 -0.33648860454559326 1.9319828107696386
0.6077238917350769 -0.3225712776184082 1.9319827429680656
0.601579487323761 -0.3088967800140381 1.9318061071166288
0.5941967368125916 -0.2918877899646759 1.9326360993470446
0.5881435871124268 -0.2780953049659729 1.9327546183488993
0.5821716785430908 -0.2643318772315979 1.9331445450265217
0.5772532224655151 -0.25298187136650085 1.9338462162840062
0.5711662173271179 -0.23910440504550934 1.9347095957117475
0.565062940120697 -0.22519832849502563 1.9336725106745936
0.5579766631126404 -0.2082759439945221 1.9335141210087534
0.5531833171844482 -0.1971263438463211 1.9326197364126871
0.5461054444313049 -0.18024910986423492 1.9334896136534772
0.5401217937469482 -0.1659805178642273 1.9340019465462082
0.5340158939361572 -0.15185116231441498 1.9346139296091087
0.5291910767555237 -0.14052355289459229 1.9359666597281677
0.5231397747993469 -0.1262712925672531 1.9366120546740115
0.5172020196914673 -0.11195015907287598 1.9373769061637909
0.5111704468727112 -0.09769190102815628 1.9383617305779315
0.5056996941566467 -0.08485142141580582 1.9380271446344153
0.4978623688220978 -0.06659012287855148 1.9398072542133118
0.49184468388557434 -0.0521373488008976 1.9399949333759914
0.485730916261673 -0.037706419825553894 1.9405175588569894
0.48100346326828003 -0.026553068310022354 1.9399864439337609
0.47561052441596985 -0.014094650745391846 1.9398901615503688
0.47123193740844727 -0.004381508566439152 1.940344799557173
0.4670043885707855 0.005222856067121029 1.939858212275629
['bump_front_center']
0.46268874406814575 0.014688114635646343 1.9385996350595665
0.46104443073272705 0.01778666488826275 1.9328655265769186
0.46128392219543457 0.017934076488018036 1.9354542494111302
0.46245840191841125 0.016044557094573975 1.9405340498326615
0.4635365307331085 0.01247683260589838 1.9390216666330535
0.46577274799346924 0.006464499048888683 1.9378198664159656
0.4680910110473633 -0.0005825485568493605 1.9369305498106761
0.47042956948280334 -0.007183041889220476 1.9366766118696384
0.47249099612236023 -0.01302975881844759 1.936180180021219
0.47519588470458984 -0.020975951105356216 1.9361801799942082
0.4775102436542511 -0.027737267315387726 1.9359400402659759
0.47973260283470154 -0.03401191160082817 1.934771871581116
0.4816707968711853 -0.039376214146614075 1.9347718715597495
0.4838069677352905 -0.04552467167377472 1.935645197220226
0.4860737919807434 -0.05185464024543762 1.9349859966920968
0.48830586671829224 -0.058334145694971085 1.935237555635021
0.49026724696159363 -0.06397920101881027 1.9370812727321103
0.4911295771598816 -0.06648234277963638 1.9442733635674718
0.49083587527275085 -0.0658387765288353 1.949161444759973
0.4907875061035156 -0.06578906625509262 1.9704610633722994
0.4906434118747711 -0.06602197140455246 2.010850376042714
0.49043628573417664 -0.06595630943775177 2.0666192053077186
0.4906332790851593 -0.0651257261633873 2.116259312368944
0.4905197322368622 -0.06486018002033234 2.1666202360700075
0.4904879331588745 -0.06462427973747253 2.2132293945462234
0.49032965302467346 -0.06428826600313187 2.274869483712055
0.49029916524887085 -0.06382198631763458 2.324780230999585
0.4902183413505554 -0.06370469182729721 2.3691592698507495
0.49003466963768005 -0.06360996514558792 2.4123654233728145
0.4897780120372772 -0.06320226937532425 2.4633269126528003
0.489547997713089 -0.06268933415412903 2.512650956192432
0.48933517932891846 -0.06240740418434143 2.562954396619064
0.48924243450164795 -0.06227494031190872 2.6092002565570067
0.48904818296432495 -0.06159335747361183 2.6712880182169902
0.4888826310634613 -0.061473336070775986 2.7204751867618735
0.48878106474876404 -0.06132759526371956 2.767201680388858
0.4886507987976074 -0.06099445000290871 2.8088591167179957
0.48853304982185364 -0.06068773195147514 2.8591034430969153
0.48832765221595764 -0.06049424037337303 2.9089472382623063
0.48798292875289917 -0.06002741679549217 2.9595108083465935
0.48778751492500305 -0.06000420078635216 3.0055360931180495
0.48728981614112854 -0.05959496274590492 3.067924255779504
0.4870011806488037 -0.05929189175367355 3.118982316163795
0.48686569929122925 -0.059178754687309265 -3.117993353683058
0.4864357113838196 -0.05893566086888313 -3.075149774627935
0.48627084493637085 -0.05885261297225952 -3.0267538972837182
0.48601385951042175 -0.05866824835538864 -2.9771103934828824
0.48556527495384216 -0.05834069848060608 -2.924378864775573
0.48556017875671387 -0.05822661891579628 -2.878504511399623
0.48534876108169556 -0.05796842277050018 -2.8175366184112494
0.4849388599395752 -0.05770290270447731 -2.7656617109569956
0.4846455454826355 -0.05753188207745552 -2.720408686699393
0.48453807830810547 -0.05741071328520775 -2.6809308625842947
0.4845973253250122 -0.05719403177499771 -2.6323776464021886
0.4844259023666382 -0.05707284435629845 -2.5810797022648546
0.4838944971561432 -0.056871458888053894 -2.5328202692617223
0.4836389124393463 -0.05650684982538223 -2.484699705765574
0.4834064543247223 -0.05610211566090584 -2.424486871105764
0.4829830825328827 -0.05592732131481171 -2.3767914340818375
0.48255592584609985 -0.05555481091141701 -2.3289728258767792
0.48240411281585693 -0.05530168116092682 -2.287495131221582
0.4821788966655731 -0.054976847022771835 -2.2398075818074465
0.4814876914024353 -0.05517003312706947 -2.192047887691715
0.4801526367664337 -0.05671761557459831 -2.149591914465221
0.4775840640068054 -0.0604088120162487 -2.11266486595177
0.4735930562019348 -0.06681863218545914 -2.075561535173856
0.46973904967308044 -0.07315885275602341 -2.051640453847579
0.4650983214378357 -0.08145111799240112 -2.0346025266633014
0.4605105519294739 -0.08956790715456009 -2.02191926614063
0.454795777797699 -0.1002526581287384 -2.0100249304223645
0.44842106103897095 -0.11242743581533432 -2.006615924664552
0.4417951703071594 -0.12556497752666473 -2.006956581543695
0.4347727298736572 -0.13889648020267487 -2.0056829684599915
0.4267033338546753 -0.1556357890367508 -2.004030728920229
0.4203144907951355 -0.16821952164173126 -2.0011668139175516
0.41362619400024414 -0.1815120130777359 -1.9986084338718335
0.4079708755016327 -0.19233177602291107 -1.9989850451647009
0.4014001190662384 -0.2053118497133255 -1.9999628464883201
0.39462578296661377 -0.2185882329940796 -2.000554039833109
0.38829803466796875 -0.23146730661392212 -1.9987100245013099
0.3816048502922058 -0.24498222768306732 -1.9968259578311227
0.3733689486980438 -0.26161783933639526 -1.9967191924634158
0.36703431606292725 -0.2744889557361603 -1.9965379877249214
0.3604126572608948 -0.2880394160747528 -1.9959318295674158
0.3547734320163727 -0.29964059591293335 -1.9960638421958636
0.34814777970314026 -0.3133815824985504 -1.9969435495068582
0.34162554144859314 -0.3273497223854065 -1.9950600097307662
0.33505794405937195 -0.3408453166484833 -1.9949644139329867
0.32872915267944336 -0.3541525602340698 -1.9940816420512941
0.3207375109195709 -0.3710758686065674 -1.9926772713105567
0.31442010402679443 -0.38472872972488403 -1.991658329223087
0.3082260489463806 -0.3983999490737915 -1.989927131636771
0.3028438091278076 -0.41019073128700256 -1.9903880798459281
0.2965892553329468 -0.4240265488624573 -1.990651094966048
0.29024216532707214 -0.43760111927986145 -1.9900242055952417
0.28431886434555054 -0.4510513246059418 -1.9912732948235994
0.27820533514022827 -0.46482619643211365 -1.9892470202678199
0.2702803909778595 -0.48252758383750916 -1.986311552362964
0.2643643915653229 -0.49629107117652893 -1.9852152552593334
0.25830596685409546 -0.5098891258239746 -1.9850817412347797
0.25335997343063354 -0.5216498374938965 -1.9851198942599966
0.24707284569740295 -0.535653829574585 -1.9830572648715514
0.24087032675743103 -0.5499657392501831 -1.9819342004565548
0.23517899215221405 -0.5632249116897583 -1.9815828387771264
0.22908981144428253 -0.5770877003669739 -1.9789926304757612
0.2239740937948227 -0.5893593430519104 -1.978015012624153
0.21570482850074768 -0.608378529548645 -1.9753423555806275
0.20990188419818878 -0.6222550272941589 -1.9747425604769089
0.20476409792900085 -0.6344814896583557 -1.9734616475029103
0.19872216880321503 -0.6488898396492004 -1.9727434234514198
0.19263194501399994 -0.6628878712654114 -1.9732691419112487
0.187028169631958 -0.6762096881866455 -1.972883388922833
0.18118968605995178 -0.6899163722991943 -1.9723478785466602
0.17602220177650452 -0.7021855711936951 -1.9711912486838334
0.1678839921951294 -0.7209979891777039 -1.9707302040122892
0.16182559728622437 -0.7351757884025574 -1.9695129435392476
0.1567288041114807 -0.7474746704101562 -1.969903261316615
0.15079069137573242 -0.761265218257904 -1.9716201082523581
0.14496071636676788 -0.7753579020500183 -1.9715031051412317
0.13937632739543915 -0.7890722155570984 -1.9718739143231085
0.1334049254655838 -0.803351640701294 -1.9691708860601316
0.12833218276500702 -0.8151867985725403 -1.9672771479859354
0.12025821208953857 -0.8346459865570068 -1.9660250011765878
0.1145496591925621 -0.8484809398651123 -1.9650124086835525
0.10978622734546661 -0.8600542545318604 -1.966560164954141
0.10374731570482254 -0.8743196129798889 -1.9667601505380257
0.09786773473024368 -0.8885365128517151 -1.9660184605217157
0.09187647700309753 -0.9025417566299438 -1.966209482189594
0.086088165640831 -0.9164075255393982 -1.9651002327595561
0.07882189750671387 -0.9332001805305481 -1.9641045174619136
0.07287202775478363 -0.9472169876098633 -1.9620801392822138
0.06671731919050217 -0.9619723558425903 -1.9613798576522241
0.06205708533525467 -0.9732003211975098 -1.9607551289446548
0.05636023357510567 -0.9871471524238586 -1.9604895712848065
0.05031466484069824 -1.0012181997299194 -1.9597605417040669
0.04476041719317436 -1.014898419380188 -1.958402970707943
0.03876561298966408 -1.0290920734405518 -1.9571328438166498
0.03420502319931984 -1.0405715703964233 -1.9571328438166498
0.02592502534389496 -1.0601304769515991 -1.9542317170396302
0.020208755508065224 -1.0743154287338257 -1.953410086746675
0.01577010378241539 -1.0854471921920776 -1.9533893033226117
0.009880263358354568 -1.0998375415802002 -1.9531508473913697
0.004300927743315697 -1.1140851974487305 -1.9526808263406745
-0.0015073567628860474 -1.1285803318023682 -1.9517260487271646
-0.0073136864230036736 -1.1429771184921265 -1.9506866486274033
-0.011669203639030457 -1.1545534133911133 -1.9496201315721227
-0.019642099738121033 -1.1743234395980835 -1.9508532667030256
-0.025274204090237617 -1.1884998083114624 -1.9506103088276714
-0.029723603278398514 -1.2000242471694946 -1.95070644931586
-0.03509530797600746 -1.2143827676773071 -1.950816886948094
-0.040264297276735306 -1.2286659479141235 -1.9511712070943368
-0.04553946107625961 -1.2430975437164307 -1.9526673885077885
-0.050531238317489624 -1.2574530839920044 -1.9520966333605185
-0.05711522325873375 -1.2743685245513916 -1.9533008622425807
-0.06237572059035301 -1.288857102394104 -1.9530081309208966
-0.0678856298327446 -1.3031550645828247 -1.9525016809934566
-0.07198081165552139 -1.314595103263855 -1.9544181853334488
-0.07726950943470001 -1.3288815021514893 -1.9541140812121924
-0.08277164399623871 -1.3429131507873535 -1.9549461279076015
-0.0879649668931961 -1.356872797012329 -1.9567927367157718
-0.09353007376194 -1.370758295059204 -1.9563441689263548
-0.09776034206151962 -1.382279634475708 -1.9561703939912456
-0.10534533858299255 -1.4023085832595825 -1.954015148943797
-0.11070546507835388 -1.4168429374694824 -1.9542293494948684
-0.11493298411369324 -1.4282467365264893 -1.9544264528866304
-0.12014181911945343 -1.4424179792404175 -1.9552700523660538
-0.12544342875480652 -1.456626296043396 -1.9584437429865875
-0.13074418902397156 -1.4711220264434814 -1.9599471617703985
-0.13606294989585876 -1.4853874444961548 -1.9610711049221041
-0.14038383960723877 -1.497046709060669 -1.9611300105461789
-0.1478259414434433 -1.5172810554504395 -1.9619631603269103
-0.15314732491970062 -1.531409740447998 -1.9625703297744606
-0.15754932165145874 -1.5430711507797241 -1.9634788499991034
-0.16293732821941376 -1.5576064586639404 -1.9646669729720574
-0.1683284342288971 -1.5722358226776123 -1.9655075608691628
-0.1733793020248413 -1.5862599611282349 -1.9670134100603076
-0.17858678102493286 -1.60068941116333 -1.9667982322362032
-0.18284085392951965 -1.6121110916137695 -1.9656115244501908
-0.19035843014717102 -1.632241129875183 -1.9641801780528954
-0.1955290585756302 -1.6465402841567993 -1.9617144248234573
-0.19987338781356812 -1.657983422279358 -1.961343067917562
-0.20479829609394073 -1.672070860862732 -1.9626680237192033
['bump_front_left']
-0.20997336506843567 -1.6861828565597534 -1.9625273292733165
-0.21157705783843994 -1.6900581121444702 -1.962278920794351
-0.21098452806472778 -1.690133810043335 -1.9593584250633966
-0.2100413590669632 -1.6883108615875244 -1.9625211649201257
-0.20740199089050293 -1.6817907094955444 -1.9625211649201257
-0.2046656608581543 -1.675862193107605 -1.9624359763454446
-0.20217487215995789 -1.6702982187271118 -1.9626321708167787
-0.19925475120544434 -1.663916826248169 -1.9626321708167787
-0.19634366035461426 -1.6576194763183594 -1.9627363916283138
-0.19350451231002808 -1.6513683795928955 -1.9627363916283138
-0.1911388486623764 -1.6463226079940796 -1.9616399053771778
-0.1891484558582306 -1.6423369646072388 -1.944681523962075
-0.18819192051887512 -1.640296459197998 -1.919864458957233
-0.18755517899990082 -1.6389068365097046 -1.8867077881284036
-0.1874244660139084 -1.6384996175765991 -1.853345241019011
-0.18760713934898376 -1.6389663219451904 -1.8043348724198505
-0.1876714825630188 -1.6395437717437744 -1.7562365065664922
-0.18765109777450562 -1.6398143768310547 -1.7086133607576663
-0.1874966323375702 -1.639965534210205 -1.6589254136621643
-0.18756914138793945 -1.640312910079956 -1.6205603090614789
-0.18744447827339172 -1.6407334804534912 -1.5551273657203326
-0.1874663233757019 -1.6409766674041748 -1.5062713934552698
-0.18750648200511932 -1.6412321329116821 -1.4674286004728614
-0.18752725422382355 -1.6417115926742554 -1.4203698944471967
-0.18742720782756805 -1.6420050859451294 -1.3728571096680449
-0.1874208003282547 -1.642209529876709 -1.3247286384774937
-0.18749679625034332 -1.6425378322601318 -1.2770385216797704
-0.18746201694011688 -1.6427727937698364 -1.2385121594249695
-0.18759505450725555 -1.6432487964630127 -1.1685978159969082
-0.18769627809524536 -1.643491268157959 -1.1185990681288935
-0.18775852024555206 -1.6438506841659546 -1.0788169669246117
-0.18768252432346344 -1.6442222595214844 -1.0296043036044316
-0.18764342367649078 -1.644625186920166 -0.9798402300192934
-0.18772251904010773 -1.6449512243270874 -0.9316645004332643
-0.1877964735031128 -1.6450488567352295 -0.884162857172445
-0.18796366453170776 -1.6453882455825806 -0.8447153261034975
-0.18813402950763702 -1.6457430124282837 -0.7780775827822246
-0.18821579217910767 -1.6459543704986572 -0.7295814612444571
-0.18808414041996002 -1.6464276313781738 -0.6904891170489574
-0.18801221251487732 -1.6468899250030518 -0.6418371216307238
-0.1880577802658081 -1.6470657587051392 -0.5955088493433589
-0.18803009390830994 -1.6472302675247192 -0.546659355464563
-0.18788154423236847 -1.647672414779663 -0.4979160227195545
-0.18786823749542236 -1.6478062868118286 -0.4589327630525096
-0.1877288669347763 -1.6483203172683716 -0.39119001824843
-0.1877140998840332 -1.6484928131103516 -0.3421695724063424
-0.18789169192314148 -1.648653507232666 -0.302876497286916
-0.18795913457870483 -1.6491528749465942 -0.2548757333033132
-0.18780377507209778 -1.6495048999786377 -0.2076406844072163
-0.18787510693073273 -1.649767518043518 -0.1587741680920678
-0.1876925677061081 -1.650169849395752 -0.11106632936680133
-0.18759287893772125 -1.6503914594650269 -0.05214776027959949
-0.18738244473934174 -1.6509205102920532 -0.0032975531829281253
-0.18724215030670166 -1.6514694690704346 0.04248848109411882
-0.18739542365074158 -1.6516085863113403 0.08081255347829147
-0.1873144954442978 -1.6519203186035156 0.13084996681121291
-0.18651758134365082 -1.6521676778793335 0.17847506676744096
-0.18406806886196136 -1.6518586874008179 0.22201245802354821
-0.17927950620651245 -1.6509592533111572 0.2560557033922409
-0.17475901544094086 -1.6499146223068237 0.28047569312182563
-0.1641211211681366 -1.647015929222107 0.3163959474983449
-0.15437142550945282 -1.644386887550354 0.33515302649061507
['bump_front_right']
-0.14636847376823425 -1.6416794061660767 0.34654496445364796
-0.14368173480033875 -1.6405649185180664 0.35967173911145933
-0.14539289474487305 -1.641992211341858 0.3610220937055502
-0.14822456240653992 -1.6429942846298218 0.36113738119124733
-0.15271970629692078 -1.6448911428451538 0.36158181321879784
-0.15725357830524445 -1.6469851732254028 0.36274426809530175
-0.167105570435524 -1.6509183645248413 0.3658399579640713
-0.17311030626296997 -1.6537195444107056 0.36657475140802087
-0.17808103561401367 -1.6557705402374268 0.36657475140802087
-0.18476749956607819 -1.6582574844360352 0.3678331384906485
-0.19014905393123627 -1.660692572593689 0.3728309772984883
-0.19415557384490967 -1.6622883081436157 0.3839645365652271
-0.19656498730182648 -1.663462519645691 0.40834202295864225
-0.19789934158325195 -1.6640392541885376 0.43382110892049885
-0.19911780953407288 -1.6647908687591553 0.4923274819331821
-0.19882963597774506 -1.665055274963379 0.5443428623620514
-0.19826583564281464 -1.6653425693511963 0.5866339166592707
-0.19828316569328308 -1.6657263040542603 0.6354720202735754
-0.19821390509605408 -1.6660445928573608 0.6860589554492897
-0.1978234350681305 -1.666406512260437 0.7351049606170589
-0.19764059782028198 -1.6668519973754883 0.7832099645013499
-0.19751185178756714 -1.6670945882797241 0.8237128473657052
-0.19724136590957642 -1.6675573587417603 0.892117538783719
-0.1969822347164154 -1.6680140495300293 0.9416306311529073
-0.19690574705600739 -1.6682837009429932 0.9814994216353955
-0.19652041792869568 -1.668478012084961 1.03251635819438
-0.196247860789299 -1.6687208414077759 1.0741028490581543
-0.19598793983459473 -1.6689869165420532 1.120820492982859
-0.19569693505764008 -1.6693042516708374 1.1697540631307144
-0.19553950428962708 -1.6696994304656982 1.231659271558076
-0.19513073563575745 -1.6698893308639526 1.2850283763652113
-0.19497466087341309 -1.6702500581741333 1.3331512294525547
-0.19468490779399872 -1.6703925132751465 1.373975372384937
-0.1944827139377594 -1.6706955432891846 1.4215092672742653
-0.1942477822303772 -1.6711218357086182 1.4690514839240083
-0.19402101635932922 -1.6713520288467407 1.5177057295490843
-0.19380997121334076 -1.6716352701187134 1.5661867642807965
-0.19359727203845978 -1.671848177909851 1.6052664321995158
-0.1932225376367569 -1.6722804307937622 1.67075234152017
-0.19307702779769897 -1.6727045774459839 1.7196128402821258
-0.19280926883220673 -1.6728436946868896 1.7588284060124542
-0.19240593910217285 -1.672956943511963 1.8068230043419693
-0.1922132521867752 -1.6735221147537231 1.8537039181360218
-0.19207660853862762 -1.6737309694290161 1.903748702027095
-0.19177034497261047 -1.6740195751190186 1.953336704317935
-0.19159246981143951 -1.674176812171936 1.991762906273506
-0.19134077429771423 -1.6746551990509033 2.0596948225406524
-0.19094304740428925 -1.6745572090148926 2.108167148570645
-0.19076578319072723 -1.67494535446167 2.1448409782900133
-0.19042517244815826 -1.6751508712768555 2.194619147915848
-0.19021601974964142 -1.6751240491867065 2.2428998693932356
-0.1900983303785324 -1.675197720527649 2.290193086427547
-0.18982182443141937 -1.6753299236297607 2.337645314897775
-0.18954959511756897 -1.6754101514816284 2.3755141040642638
-0.1891051083803177 -1.6754581928253174 2.4378609501328983
-0.18879565596580505 -1.6755377054214478 2.4877586338075766
-0.18929117918014526 -1.6753495931625366 2.534425925858727
-0.19137881696224213 -1.6739236116409302 2.5773387028351733
-0.19437682628631592 -1.67210054397583 2.6048007048370825
-0.19933608174324036 -1.669268012046814 2.6347577850166046
-0.20571009814739227 -1.6660810708999634 2.6588106128966214
-0.21351614594459534 -1.6619858741760254 2.6792066000881194
-0.22520661354064941 -1.656490683555603 2.6956825048121336
-0.23624277114868164 -1.6517707109451294 2.706833834202243
-0.24837595224380493 -1.6464977264404297 2.7151155316467364
-0.2618582844734192 -1.640937089920044 2.7139909277036787
-0.27233630418777466 -1.6368824243545532 2.71331526185475
-0.28548064827919006 -1.631940245628357 2.7142402686641307
-0.299813449382782 -1.626065969467163 2.716529385384784
-0.31534793972969055 -1.619916558265686 2.718228812565956
-0.32327330112457275 -1.616941213607788 2.7195916249566645
-0.3411763608455658 -1.609776496887207 2.72419238737044
-0.3517322540283203 -1.605705738067627 2.724859235365276
-0.3646981120109558 -1.6007674932479858 2.7260222403037973
-0.37831801176071167 -1.5953375101089478 2.728983641299956
-0.3914124369621277 -1.590044617652893 2.727767718716776
-0.40447065234184265 -1.5849918127059937 2.727592685392885
-0.4151562452316284 -1.5807169675827026 2.728344925244006
-0.4335174262523651 -1.5733280181884766 2.7289397479522997
['bump_left']
-0.4449201226234436 -1.5676995515823364 2.7302708905677924
-0.44699910283088684 -1.566429615020752 2.73780799592793
-0.4454284906387329 -1.5672173500061035 2.7409012333691507
-0.442604124546051 -1.5690959692001343 2.7374654135265386
-0.4379291832447052 -1.5709577798843384 2.740168560047245
-0.43168899416923523 -1.5737266540527344 2.7389824464703696
-0.425561785697937 -1.576324462890625 2.7378764173589865
-0.41556820273399353 -1.5807974338531494 2.735543498822196
-0.4093325734138489 -1.5834970474243164 2.735543498822196
-0.40396228432655334 -1.585875153541565 2.735543498822196
-0.3971017003059387 -1.5888766050338745 2.735543498822196
-0.3903680145740509 -1.5918763875961304 2.7362475327183593
-0.38368722796440125 -1.5948216915130615 2.7359736033861517
-0.37730833888053894 -1.5977044105529785 2.7359736033861517
-0.3732302188873291 -1.5996307134628296 2.7441134733111214
-0.36882227659225464 -1.601702094078064 2.782981394764197
-0.36696121096611023 -1.602323293685913 2.8159868533453314
-0.3661196827888489 -1.6027941703796387 2.849822763918226
-0.3660496473312378 -1.6029012203216553 2.901078002541269
-0.3662351667881012 -1.6027307510375977 2.9518022677046556
-0.3660599887371063 -1.6026391983032227 3.000094184728946
-0.366046279668808 -1.6023855209350586 3.0514450080026276
-0.36570578813552856 -1.6024798154830933 3.1087827689309644
-0.3656127452850342 -1.6024452447891235 -3.125545740621226
-0.3658328354358673 -1.602217674255371 -3.0745084200343804
-0.3655683100223541 -1.60235595703125 -3.0373456461624353
-0.3654513359069824 -1.6023131608963013 -2.9893329025990574
-0.3652566373348236 -1.6023844480514526 -2.9411399403124285
-0.3650568723678589 -1.6023480892181396 -2.8909745047942046
-0.364924818277359 -1.602247714996338 -2.844471932780335
-0.3648621737957001 -1.6021153926849365 -2.7824954764937693
-0.36475473642349243 -1.6021734476089478 -2.7326111722097495
-0.36482417583465576 -1.602098822593689 -2.6885562040552213
-0.3647765815258026 -1.6022017002105713 -2.647788545285189
-0.36469951272010803 -1.6023576259613037 -2.599556460399119
-0.36469000577926636 -1.6024980545043945 -2.551290015171447
-0.364668071269989 -1.6025587320327759 -2.5035211640295216
-0.36461201310157776 -1.6026161909103394 -2.459319602487908
-0.3645329475402832 -1.6028386354446411 -2.3969197867106637
-0.3646804392337799 -1.6029146909713745 -2.348324525144105
-0.3646720349788666 -1.6030144691467285 -2.3057222795555
-0.36457061767578125 -1.6031146049499512 -2.263577908441952
-0.3647480607032776 -1.6033337116241455 -2.214102078817011
-0.3648846447467804 -1.6034287214279175 -2.1639747508225287
-0.36498385667800903 -1.603583812713623 -2.114095660298408
-0.3650948405265808 -1.6037603616714478 -2.068881075654738
-0.3650352954864502 -1.6038559675216675 -2.007936947669567
-0.365155965089798 -1.6039906740188599 -1.9595406053745306
-0.3652415871620178 -1.604154348373413 -1.914496179230393
-0.36526569724082947 -1.6042418479919434 -1.8703285375170258
-0.36551812291145325 -1.604565978050232 -1.8197315377170031
-0.3654945194721222 -1.6046918630599976 -1.7722032073096115
-0.3655252456665039 -1.6048442125320435 -1.7237487543596106
-0.36557409167289734 -1.6050082445144653 -1.678650178124722
-0.36558857560157776 -1.6050893068313599 -1.6156156182922312
-0.365694135427475 -1.6055806875228882 -1.5656780448704202
-0.3654956817626953 -1.605776309967041 -1.5213366482815354
-0.3654080629348755 -1.6060887575149536 -1.4772923370092437
-0.36553463339805603 -1.6063843965530396 -1.4277654239498654
-0.36534297466278076 -1.6071375608444214 -1.3815011446898406
-0.3650144040584564 -1.6095170974731445 -1.337081052484436
-0.3639738857746124 -1.6138074398040771 -1.3036997493497884
-0.36154428124427795 -1.6212129592895508 -1.261931286000591
-0.3591219484806061 -1.6289875507354736 -1.2339750585999967
-0.3558305501937866 -1.6376614570617676 -1.2145717763501493
-0.3523237109184265 -1.6468119621276855 -1.1999110550184915
-0.3473811447620392 -1.6588696241378784 -1.1885856997594058
-0.34147194027900696 -1.6722315549850464 -1.1826168782824815
-0.33542656898498535 -1.6867414712905884 -1.1806307726356848
-0.32956352829933167 -1.699823021888733 -1.1811136218094826
['bump_front_center']
-0.325251966714859 -1.7102582454681396 -1.1841238680401338
-0.3249157667160034 -1.7105392217636108 -1.183384557237157
-0.3254917562007904 -1.7088539600372314 -1.182643425287176
-0.3265778124332428 -1.7067151069641113 -1.1838223769985357
-0.32840049266815186 -1.7021218538284302 -1.1865112553528772
-0.33109572529792786 -1.695422649383545 -1.1882594176058285
-0.33366450667381287 -1.6887866258621216 -1.1885864095676169
-0.3359207808971405 -1.6828644275665283 -1.1870212946287755
-0.3388374447822571 -1.6749992370605469 -1.1866369549958025
-0.34125226736068726 -1.6688556671142578 -1.184768435654578
-0.3436267673969269 -1.662682056427002 -1.1832715283092994
-0.34570229053497314 -1.657413363456726 -1.1819438460849347
-0.3481553792953491 -1.6509177684783936 -1.181099842026316
-0.35067012906074524 -1.644494652748108 -1.182052685058151
-0.3530843257904053 -1.638514757156372 -1.1824722832122054
-0.3552286624908447 -1.6326783895492554 -1.1796314025796364
-0.3574334681034088 -1.6273772716522217 -1.1682917635400678
-0.3573102056980133 -1.628049373626709 -1.164796230610292
-0.3568836748600006 -1.6287921667099 -1.1620105164704442
-0.3569064736366272 -1.6285569667816162 -1.1390985679635524
-0.3567137122154236 -1.628382921218872 -1.0885802177372368
-0.3567095398902893 -1.628656029701233 -1.0337195465288953
-0.3568287789821625 -1.6292113065719604 -0.9874269228259369
-0.35680103302001953 -1.6293179988861084 -0.9386529365852317
-0.35676082968711853 -1.6296697854995728 -0.8778001008865809
-0.35683295130729675 -1.6297595500946045 -0.8313433582533885
-0.3567539155483246 -1.6301342248916626 -0.7805885918008401
-0.3566895127296448 -1.6305480003356934 -0.7415862142000293
-0.35665202140808105 -1.6306638717651367 -0.6947090668120186
-0.35660356283187866 -1.6308107376098633 -0.6456555097546784
-0.35658273100852966 -1.6312311887741089 -0.5995491013171509
-0.3565611243247986 -1.63152015209198 -0.5525961451481517
-0.3565848171710968 -1.6318223476409912 -0.4930794685313466
-0.3565060496330261 -1.6319829225540161 -0.44565811148576784
-0.35632550716400146 -1.6323522329330444 -0.3964784856753062
-0.35635170340538025 -1.6324002742767334 -0.35554612002831354
-0.3561892807483673 -1.6327613592147827 -0.3069045651576219
-0.3562765419483185 -1.632744312286377 -0.25923948204950353
-0.3562489151954651 -1.6329847574234009 -0.21163248921740394
-0.35608506202697754 -1.6332141160964966 -0.16374212732676188
-0.3559747338294983 -1.6333292722702026 -0.12292218250944896
-0.3555084764957428 -1.6339106559753418 -0.05741329912280264
-0.35546594858169556 -1.6341686248779297 -0.01102189192984686
-0.35529568791389465 -1.6344845294952393 0.030958613725689685
-0.3550722897052765 -1.6348284482955933 0.07903858244309316
-0.35481637716293335 -1.635263442993164 0.1273631674333326
-0.35474398732185364 -1.6355655193328857 0.1719622433262095
-0.3545079827308655 -1.6357719898223877 0.22006351269821203
-0.3542672097682953 -1.6360692977905273 0.2819560736762213
-0.3541693091392517 -1.6364511251449585 0.32899178803287926
-0.3540183901786804 -1.6367374658584595 0.3771874025937553
-0.3538329005241394 -1.637047529220581 0.41894128128839053
-0.3536333739757538 -1.6373865604400635 0.46799893567232664
-0.35337263345718384 -1.6377629041671753 0.5167264114316097
-0.3534310758113861 -1.6380212306976318 0.5622476144087146
-0.35302531719207764 -1.6384791135787964 0.6110779441043571
-0.3530062735080719 -1.6388806104660034 0.650141959083512
-0.3532109260559082 -1.6395570039749146 0.7154933943844064
-0.35300174355506897 -1.6399424076080322 0.7641728952893775
-0.3526853919029236 -1.6401307582855225 0.8039913172934758
-0.35280871391296387 -1.640488862991333 0.8513081300234832
-0.35254010558128357 -1.6408437490463257 0.9013460000015833
-0.3517987132072449 -1.6405287981033325 0.9462903478881981
-0.3503491282463074 -1.6388088464736938 0.9890922786797739
-0.34828904271125793 -1.6360325813293457 1.0191121306325346
-0.34409499168395996 -1.6290227174758911 1.058420168051395
-0.34014639258384705 -1.6224627494812012 1.082715118146203
-0.33642974495887756 -1.6160379648208618 1.097666014056074
-0.33143696188926697 -1.6067702770233154 1.1115022672526056
-0.3255409002304077 -1.5961575508117676 1.1208078860851072
-0.3191863000392914 -1.5844694375991821 1.1221518541168554
-0.31213244795799255 -1.5712287425994873 1.122011750735387
-0.3063034415245056 -1.5603193044662476 1.1210388037166816
-0.2971400022506714 -1.5423895120620728 1.1211079878285661
-0.29033195972442627 -1.5294561386108398 1.1231404267783582
-0.2845913767814636 -1.5184258222579956 1.1231634823765846
-0.27787187695503235 -1.5054861307144165 1.1232535546127493
-0.2710217237472534 -1.4925024509429932 1.1242178256225652
-0.2646394670009613 -1.4804821014404297 1.122805133810621
-0.25600165128707886 -1.4638419151306152 1.1251552587100666
-0.2518702447414398 -1.4558676481246948 1.1258216552930245
-0.24277733266353607 -1.437895655632019 1.1302523433074751
-0.23603998124599457 -1.4252220392227173 1.1309148861054066
-0.2304283231496811 -1.414183497428894 1.1326197850092035
-0.2235991209745407 -1.401146650314331 1.1323916037710968
-0.21704858541488647 -1.3882927894592285 1.130995142803474
-0.21055856347084045 -1.3756026029586792 1.132083693024014
-0.2039409875869751 -1.3625859022140503 1.1336371898821007
-0.1981310397386551 -1.3513866662979126 1.1347790932727913
-0.18856178224086761 -1.333242654800415 1.13758723538146
-0.18191371858119965 -1.3201730251312256 1.1374017134099377
-0.17651775479316711 -1.3099339008331299 1.1376391870788207
-0.16983366012573242 -1.2969963550567627 1.1383307211149074
-0.16328181326389313 -1.2837892770767212 1.1382350120058409
-0.15694017708301544 -1.2705639600753784 1.13831418323259
-0.15036989748477936 -1.2573721408843994 1.143297147635772
-0.14563685655593872 -1.247769832611084 1.1409141323086571
-0.13706788420677185 -1.2295893430709839 1.136236584840968
-0.130611851811409 -1.2162519693374634 1.138346643877567
-0.1255684494972229 -1.20587158203125 1.1387113887542482
-0.11943895369768143 -1.1927073001861572 1.1401242131118763
-0.11326441168785095 -1.1798828840255737 1.1395485671390138
-0.10714097321033478 -1.1669378280639648 1.138869028648583
-0.10094627737998962 -1.1540896892547607 1.1381796393587962
-0.09585200995206833 -1.1436294317245483 1.1371380943368739
-0.08749960362911224 -1.1251797676086426 1.1394663046972682
-0.08148017525672913 -1.1120409965515137 1.141875235686633
-0.07685595750808716 -1.1015499830245972 1.141959226989963
-0.0710049644112587 -1.0886121988296509 1.1432767703114526
-0.06526094675064087 -1.0757734775543213 1.1425121069672712
-0.05945294722914696 -1.062806487083435 1.1423882831528436
-0.053659092634916306 -1.0494048595428467 1.1445950873678588
-0.04911068081855774 -1.0385974645614624 1.1457774330923474
-0.041486892849206924 -1.020361304283142 1.150270334419888
-0.03586997464299202 -1.0071775913238525 1.1510407060978394
-0.031800463795661926 -0.9967140555381775 1.1525971721103114
-0.02612455002963543 -0.9834372997283936 1.1535809183017776
-0.02080460637807846 -0.9700812101364136 1.1556308233298493
-0.015246745198965073 -0.9565219283103943 1.1564410789655684
-0.00983856339007616 -0.9432517290115356 1.1582993069817975
-0.005614064633846283 -0.9326324462890625 1.160135752549172
0.002209798898547888 -0.91365647315979 1.1626578375198036
0.007435011677443981 -0.9000943899154663 1.165388087030207
0.011757021769881248 -0.8893358707427979 1.1669173248314368
0.017067113891243935 -0.875956654548645 1.1673783956530346
0.022237099707126617 -0.862628161907196 1.1673783956530346
0.027596693485975266 -0.8492023944854736 1.1674919028956312
0.03296932578086853 -0.8356443047523499 1.1673338382713099
0.037337712943553925 -0.8247563242912292 1.167499749580146
0.04478242248296738 -0.8060975074768066 1.1665880780509175
0.0502500906586647 -0.7927098870277405 1.1686813673109469
0.054539114236831665 -0.7819347381591797 1.1686813673109469
0.05994202941656113 -0.7686399817466736 1.167881100763549
0.06549078971147537 -0.7552348971366882 1.1666648319783943
0.07101549208164215 -0.7416163086891174 1.1660444483526227
0.07640547305345535 -0.7282322645187378 1.1667908796321733
0.08085259050130844 -0.7177931666374207 1.1668658255090083
0.08848989009857178 -0.699058473110199 1.1674099410833825
0.09393186122179031 -0.6858563423156738 1.1683979645237907
0.09817172586917877 -0.6750972867012024 1.1690869123897105
0.10375496745109558 -0.66178959608078 1.1695783882457422
0.10912881791591644 -0.6484869718551636 1.1695783882457422
0.1144338846206665 -0.6354254484176636 1.168750179505904
0.12004080414772034 -0.6220300793647766 1.1688821964640235
0.12445560842752457 -0.6112825274467468 1.168039356240885
0.13206811249256134 -0.5921674966812134 1.171879181069136
0.1373048573732376 -0.5786855220794678 1.1732874817962837
0.14149989187717438 -0.5680909752845764 1.1739849534609401
0.14689907431602478 -0.5547154545783997 1.175625653785757
0.15212710201740265 -0.5411133766174316 1.1770173036200793
0.15737314522266388 -0.5276476740837097 1.1775569563013146
0.1626024842262268 -0.5142162442207336 1.179327733179788
0.16692562401294708 -0.5031799077987671 1.1813059992004928
0.1740780919790268 -0.4845713973045349 1.1826498130407885
0.17918388545513153 -0.4710177481174469 1.1865969143163737
0.18326377868652344 -0.4602828621864319 1.1881282316838948
0.1881653219461441 -0.4468894898891449 1.1878431149633408
0.1932699978351593 -0.43319520354270935 1.1897472782887544
0.19835558533668518 -0.4198750853538513 1.1886753496213547
0.20327383279800415 -0.4060693383216858 1.1890084092728639
0.20730821788311005 -0.3953034281730652 1.1890084092728639
0.2141827791929245 -0.3759154975414276 1.1900100537364935
0.21916387975215912 -0.36202502250671387 1.1914451761612976
0.22292326390743256 -0.3509874641895294 1.1912026888759752
0.22771072387695312 -0.33734428882598877 1.1921856936915414
0.23238147795200348 -0.3236224949359894 1.1918888490009139
0.23714205622673035 -0.3098071217536926 1.1902373047384078
0.241933211684227 -0.2959038317203522 1.1918750209449318
0.24552279710769653 -0.28469058871269226 1.1917106903936532
0.25205206871032715 -0.2652372121810913 1.193242081484759
0.25674206018447876 -0.25132524967193604 1.193242081484759
0.26048412919044495 -0.240046888589859 1.193242081484759
0.2650911509990692 -0.22604075074195862 1.1911838176707144
0.2694610059261322 -0.21190407872200012 1.1904510782970885
0.27418193221092224 -0.19763348996639252 1.1905127706137157
0.2788415551185608 -0.1832389384508133 1.1895463465148466
0.28234776854515076 -0.1721183806657791 1.1895463465148466
0.2889564633369446 -0.1521892100572586 1.1917097503867013
0.29364249110221863 -0.13803644478321075 1.1924840049285579
0.2973409593105316 -0.12657424807548523 1.1949951654297246
0.30205947160720825 -0.11219736188650131 1.196042231489226
0.306692510843277 -0.09792710840702057 1.1966190758459616
0.31114643812179565 -0.08380310237407684 1.1963832677585573
0.3155830204486847 -0.06945088505744934 1.198295353864268
0.31935572624206543 -0.05811413750052452 1.2000700302223515
0.32560592889785767 -0.03832831606268883 1.2000700302223515
0.33016690611839294 -0.023884832859039307 1.2035653539661448
0.33382076025009155 -0.012540288269519806 1.2037698925193152
0.3379359245300293 0.0014213186223059893 1.203304480037041
0.3422744870185852 0.015468905679881573 1.2045808947684011
0.34622377157211304 0.02745899371802807 1.2042527410233217
['bump_left']
0.34902316331863403 0.037574607878923416 1.202062320009551
0.35161319375038147 0.04474201053380966 1.206022230399532
0.35152241587638855 0.04644586518406868 1.2156642646653166
0.3498525023460388 0.04514969512820244 1.2044988499868508
0.3486855626106262 0.04193452000617981 1.2043714039246662
0.34664058685302734 0.03716360405087471 1.2068663881397474
0.3437088429927826 0.030725494027137756 1.2067041593340204
0.34073787927627563 0.023784779012203217 1.2063478159470422
0.33786824345588684 0.017391998320817947 1.2073091037467705
0.33554935455322266 0.012085869908332825 1.2086887855237978
0.33177852630615234 0.003426795592531562 1.2095677392744593
0.32974323630332947 -0.0008124967571347952 1.2141974328699119
0.3289634585380554 -0.0027049260679632425 1.2270389830811579
0.3282080590724945 -0.004511708859354258 1.252104020713325
0.32743170857429504 -0.005820177495479584 1.289572020461205
0.327271968126297 -0.006117651704698801 1.335601884350906
0.32727763056755066 -0.00567295728251338 1.3888077742796543
0.3272720277309418 -0.00539484154433012 1.4289215719325665
0.32734066247940063 -0.005004552658647299 1.4958202771302214
0.3271133601665497 -0.0047925845719873905 1.5446668963135257
0.32695484161376953 -0.0047547719441354275 1.5855991951365604
0.3268505930900574 -0.004568613599985838 1.6353435246194823
0.326838880777359 -0.004174749832600355 1.6851097648365456
0.32675325870513916 -0.004078946076333523 1.7321489616761305
0.32664987444877625 -0.0037596100009977818 1.7814550899208808
0.3265073895454407 -0.003424630733206868 1.820028866326569
0.32613810896873474 -0.003144861664623022 1.8876933131451863
0.32601138949394226 -0.002835038583725691 1.937357142273301
0.3259557783603668 -0.002455543726682663 1.9779915933556853
0.32572078704833984 -0.002286465372890234 2.0262154896637328
0.32557564973831177 -0.002044474007561803 2.0766609962807894
0.32539114356040955 -0.0017474927008152008 2.1241769746420136
0.32532525062561035 -0.0015822527930140495 2.173230203633787
0.32537347078323364 -0.001114783575758338 2.214139904806937
0.3252005875110626 -0.0012276353081688285 2.28163003033021
0.3250857889652252 -0.0006665876717306674 2.332585595304099
0.32500508427619934 -0.0001959272485692054 2.3726548454196204
0.3248525559902191 -0.00013237724488135427 2.4191723014519093
0.3248029053211212 8.305568189825863e-05 2.467232128004928
0.3246469795703888 0.0004079037462361157 2.5149530873836614
0.3244608938694 0.0006355821969918907 2.563115131908271
0.3244313895702362 0.0006924746558070183 2.6040544927892184
0.3241386115550995 0.0012463692110031843 2.674179556579357
0.32379764318466187 0.0014845769619569182 2.7225420319077998
0.32362326979637146 0.001776535646058619 2.7636239481735028
0.32338428497314453 0.001938242232427001 2.8124451843983374
0.323231041431427 0.002107091946527362 2.85857728152431
0.32306107878685 0.00241727102547884 2.907636400024258
0.32292717695236206 0.0026760962791740894 2.9607191054587463
0.32299119234085083 0.002772921696305275 3.0003981615109483
0.3223925530910492 0.00334602827206254 3.0651786341088805
0.32231372594833374 0.0035527292639017105 3.1139609825988144
0.32213106751441956 0.0038026978727430105 -3.12009787645684
0.3218672573566437 0.003989781718701124 -3.075472827526374
0.32193052768707275 0.004122432321310043 -3.0336897441913435
0.3218870460987091 0.004345695488154888 -2.9795892272352305
0.3207719027996063 0.004538835026323795 -2.9325895354149374
0.3188585042953491 0.004370003938674927 -2.895835381399146
0.3129168450832367 0.0029426789842545986 -2.8459315447486544
0.30660751461982727 0.0010473914444446564 -2.8161444372751925
0.30046704411506653 -0.0009188841213472188 -2.797837037698044
0.29140397906303406 -0.0040418957360088825 -2.7777743483238573
0.28062620759010315 -0.007732483092695475 -2.7618877918220375
0.26844513416290283 -0.012006338685750961 -2.7525954392146974
0.25484004616737366 -0.016914837062358856 -2.7485184729625325
0.24301369488239288 -0.021618705242872238 -2.7476153312373546
0.22225579619407654 -0.02967778593301773 -2.7420301320657035
0.20739240944385529 -0.035407740622758865 -2.7403419161937315
0.19577760994434357 -0.039923056960105896 -2.7394943422560347
0.18155935406684875 -0.045865897089242935 -2.7394654476367912
0.16705460846424103 -0.05167248100042343 -2.7361600316813073
0.1528160572052002 -0.05750397592782974 -2.733726529224051
0.13819731771945953 -0.06328588724136353 -2.730934851675978
0.12658344209194183 -0.06802989542484283 -2.7299845192618455
0.10637236386537552 -0.07626968622207642 -2.7293105412170746
0.09234590828418732 -0.08197502046823502 -2.7271299303566563
0.08000463992357254 -0.08707689493894577 -2.725395441404938
0.06580859422683716 -0.09289572387933731 -2.725163437306924
0.05378048121929169 -0.09786731749773026 -2.7243802750376207
0.039849139750003815 -0.10362040251493454 -2.7233956068703065
0.025558745488524437 -0.10947142541408539 -2.7240450496755737
0.008672449737787247 -0.11656622588634491 -2.7258911261142766
-0.005311532411724329 -0.12216892093420029 -2.7258164860484357
-0.019145764410495758 -0.12775060534477234 -2.7273490615122316
-0.033288244158029556 -0.1334853321313858 -2.728467720958023
-0.04772117733955383 -0.13928060233592987 -2.7276818565537115
-0.05915854871273041 -0.1440318375825882 -2.726951852890922
-0.07329705357551575 -0.1499975472688675 -2.7260916362689365
-0.08766262978315353 -0.15608395636081696 -2.724923601797046
-0.1046220138669014 -0.1634211540222168 -2.7236442394663514
-0.11874418705701828 -0.16969193518161774 -2.72345305527809
-0.13436642289161682 -0.17657385766506195 -2.7208390346132676
-0.14579585194587708 -0.18161502480506897 -2.719701054431571
-0.15966349840164185 -0.18775466084480286 -2.7197160664261757
-0.1736924648284912 -0.19419682025909424 -2.7196583894496045
-0.1875716745853424 -0.200277179479599 -2.7188933083436138
-0.2015552967786789 -0.206519216299057 -2.7188095679745254
-0.21282576024532318 -0.2112649530172348 -2.7181751544260275
-0.2323547601699829 -0.22001740336418152 -2.717190740693122
-0.2463352382183075 -0.22596628963947296 -2.717127323895564
-0.2572093605995178 -0.23082776367664337 -2.7171661944894416
-0.2708267867565155 -0.2369014322757721 -2.718918329768307
-0.2843024432659149 -0.24288572371006012 -2.7219383955288294
-0.2979152202606201 -0.24934449791908264 -2.723762983825738
-0.3117431104183197 -0.2558111846446991 -2.7238132956670977
-0.3286879062652588 -0.263163685798645 -2.723937468385751
-0.3422169089317322 -0.2693387269973755 -2.7254810195639796
-0.3560726046562195 -0.27568450570106506 -2.725485297976842
-0.36697888374328613 -0.28070226311683655 -2.725893971076306
-0.38106536865234375 -0.2873510420322418 -2.7277331382375634
-0.39497074484825134 -0.29396992921829224 -2.726625675233445
-0.4090477526187897 -0.30068162083625793 -2.7259498028638895
-0.42304009199142456 -0.3071962893009186 -2.7268555434106965
-0.4341343343257904 -0.3125089406967163 -2.7270791284708107
-0.453717440366745 -0.32137566804885864 -2.7273821785319923
-0.46751993894577026 -0.3281272351741791 -2.7278029679353804
-0.4787558913230896 -0.333308607339859 -2.7268002360397086
-0.49265554547309875 -0.3398398160934448 -2.7256078699790867
-0.5067583918571472 -0.3465210497379303 -2.7245688221617197
-0.5207080841064453 -0.35313472151756287 -2.7234885625811494
-0.5348546504974365 -0.35971006751060486 -2.721435287829656
-0.546022355556488 -0.36495667695999146 -2.720235136218571
-0.5659182071685791 -0.3742435872554779 -2.719562042794348
-0.5784335136413574 -0.38029882311820984 -2.7183570568952415
-0.5909485220909119 -0.38609015941619873 -2.7175793753651236
-0.6047418713569641 -0.39277881383895874 -2.718282013321706
-0.6187239289283752 -0.39940065145492554 -2.716330047617925
-0.6327347755432129 -0.40619853138923645 -2.715548251446561
-0.6455389261245728 -0.412374347448349 -2.714078220436302
-0.6579134464263916 -0.41848841309547424 -2.714078220436302
-0.6771398782730103 -0.4278111159801483 -2.713943486108217
-0.6895911693572998 -0.43380844593048096 -2.713859076982289
-0.7019625902175903 -0.4397739768028259 -2.7136051733253836
-0.7162020206451416 -0.4467219412326813 -2.711863743513158
-0.7300839424133301 -0.4533984959125519 -2.710363387601953
-0.7437214851379395 -0.46036607027053833 -2.710061540396236
-0.7577787637710571 -0.46724626421928406 -2.708718496198135
-0.7689138054847717 -0.47283563017845154 -2.7076337473061187
-0.7885977029800415 -0.48237377405166626 -2.70724795312618
-0.8013901114463806 -0.48889821767807007 -2.7073250170804797
-0.8135093450546265 -0.49486038088798523 -2.706326009969303
-0.8273010849952698 -0.5015562772750854 -2.7064361759804623
-0.8409443497657776 -0.5083403587341309 -2.7046510688945675
-0.8548130393028259 -0.5153146982192993 -2.703156281353657
-0.8675020933151245 -0.5217412114143372 -2.7019691510684907
-0.8851767182350159 -0.5306880474090576 -2.69995597256257
-0.8989580869674683 -0.5372846722602844 -2.6986820771864437
-0.9112271070480347 -0.5436283946037292 -2.6979849393068025
-0.9233304262161255 -0.5496147274971008 -2.6970362709165543
-0.937023401260376 -0.55637526512146 -2.695701806916549
-0.9506437182426453 -0.563456118106842 -2.6941139674486836
-0.9641978144645691 -0.5705809593200684 -2.691665394208841
-0.9764328002929688 -0.5769292712211609 -2.68901704297118
-0.9881945848464966 -0.5832396745681763 -2.6884863404102495
-1.007028579711914 -0.5928946137428284 -2.6868469443946545
-1.0191339254379272 -0.5992688536643982 -2.6866414569945083
-1.0311602354049683 -0.6054523587226868 -2.6855676104631487
-1.044477105140686 -0.612267017364502 -2.6854458146529487
-1.0578440427780151 -0.6192032098770142 -2.6839919349829837
-1.0713273286819458 -0.6261383891105652 -2.6843213943358197
-1.0835200548171997 -0.6326570510864258 -2.683824538173423
-1.0952519178390503 -0.638554036617279 -2.68363736249573
-1.1142879724502563 -0.6483392715454102 -2.683836458993195
-1.1270489692687988 -0.6548110842704773 -2.6838335870435652
-1.1385314464569092 -0.6605013608932495 -2.68347693490822
-1.1523728370666504 -0.6671701073646545 -2.6822297244423456
-1.1661463975906372 -0.6739903092384338 -2.681213855925712
-1.1800556182861328 -0.6808088421821594 -2.678060044538055
-1.1930404901504517 -0.6872098445892334 -2.6775534035583424
-1.210571050643921 -0.6958085894584656 -2.6774325487805086
-1.2243598699569702 -0.7026700377464294 -2.676053993974786
-1.237213134765625 -0.708981454372406 -2.674934417999461
-1.2489895820617676 -0.714747965335846 -2.674934417999461
-1.2627257108688354 -0.7218055725097656 -2.6744491850462553
-1.276625633239746 -0.7285430431365967 -2.672624130707346
-1.2906492948532104 -0.7355419993400574 -2.6722211771126436
-1.3034058809280396 -0.7417085766792297 -2.6704504425875055
-1.3153462409973145 -0.7477803826332092 -2.6688012918077577
-1.3347312211990356 -0.7573246955871582 -2.6675154810411033
-1.3473052978515625 -0.7637469172477722 -2.666223538703353
-1.3593404293060303 -0.769568145275116 -2.664335201223749
-1.373253583908081 -0.7766090631484985 -2.66370200100979
-1.3873271942138672 -0.783722996711731 -2.6627650004442156
-1.400936245918274 -0.7903128266334534 -2.660988341980146
-1.413947343826294 -0.796875 -2.661194810090317
-1.4261186122894287 -0.8027159571647644 -2.6600935351334534
-1.4399843215942383 -0.8096790313720703 -2.6602029723678413
-1.458677053451538 -0.818835437297821 -2.6610686911234755
-1.470465898513794 -0.8245756030082703 -2.6610686911234755
-1.4841606616973877 -0.831500232219696 -2.661013632874292
-1.4980281591415405 -0.8383778929710388 -2.659429578549285
-1.5116682052612305 -0.8452900648117065 -2.65895558917078
-1.5251165628433228 -0.8519190549850464 -2.6581752196096073
-1.5373764038085938 -0.8580325245857239 -2.657215104395084
-1.551010012626648 -0.864765465259552 -2.65679650552816
-1.5695217847824097 -0.8740482926368713 -2.655610065484551
-1.581294059753418 -0.8800681829452515 -2.655389302000418
-1.5951557159423828 -0.8869412541389465 -2.655514198066007
-1.6092462539672852 -0.8939591646194458 -2.65467404591488
-1.6226598024368286 -0.9005157351493835 -2.6523341962537272
-1.6368461847305298 -0.9074653387069702 -2.6505789747743367
-1.648459792137146 -0.913434624671936 -2.650663361605052
-1.6666489839553833 -0.9226958155632019 -2.6507592231917116
-1.6804280281066895 -0.9296275973320007 -2.6518063375085545
-1.6922661066055298 -0.9355728030204773 -2.652454129830223
-1.7060952186584473 -0.9424076676368713 -2.651613965935781
-1.7200942039489746 -0.9493445754051208 -2.6512949870523976
-1.7336235046386719 -0.9561164975166321 -2.650954246666063
['bump_right']
-1.7471290826797485 -0.9629402160644531 -2.6499583638105153
-1.7569842338562012 -0.969071626663208 -2.6556296209439676
-1.7586036920547485 -0.9694523215293884 -2.6789993635299405
-1.7573206424713135 -0.9682889580726624 -2.6706314086226666
-1.7542110681533813 -0.9660291075706482 -2.6655726734292196
-1.7494930028915405 -0.9631112217903137 -2.665008067342911
-1.7439366579055786 -0.959767758846283 -2.66934104675937
-1.7376689910888672 -0.9564380645751953 -2.6698708406170963
-1.731614589691162 -0.9530569911003113 -2.6691703600958783
-1.7267998456954956 -0.9502121210098267 -2.6694285809560183
-1.718668818473816 -0.945457398891449 -2.670453282685213
-1.7129179239273071 -0.9421221613883972 -2.6706283047347084
-1.7078793048858643 -0.9392436742782593 -2.670786414650929
-1.7019133567810059 -0.9359385371208191 -2.6706442872989187
-1.6959285736083984 -0.9325277209281921 -2.670103795110777
-1.6901134252548218 -0.9293065071105957 -2.668972693291548
-1.6844216585159302 -0.9261233806610107 -2.6690945857546473
-1.6819117069244385 -0.9246527552604675 -2.669920703855706
-1.6823610067367554 -0.9250311255455017 -2.6654062459149648
-1.682587742805481 -0.9252035021781921 -2.6379570954783116
-1.6824637651443481 -0.9251480102539062 -2.5951778748390537
-1.6827465295791626 -0.9249910116195679 -2.5423853238355205
-1.6830811500549316 -0.9248204827308655 -2.491576960073582
-1.6830867528915405 -0.9248331785202026 -2.4425840296099404
-1.683313250541687 -0.9245626926422119 -2.391283500713641
-1.6840509176254272 -0.9245811700820923 -2.3304755757063758
-1.6842029094696045 -0.9245031476020813 -2.2831955163008057
-1.6845442056655884 -0.9244005084037781 -2.2343411780093225
-1.6847610473632812 -0.9242704510688782 -2.194890445523842
-1.6850640773773193 -0.9241976141929626 -2.145619830265256
-1.6857103109359741 -0.9242414236068726 -2.0934410194846165
-1.6859474182128906 -0.9240589141845703 -2.0481390834245725
-1.686266541481018 -0.9239488244056702 -1.999772415237216
-1.6864930391311646 -0.9240097999572754 -1.9573234801860353
-1.6871217489242554 -0.9241839051246643 -1.889299862893205
-1.6873177289962769 -0.9240279197692871 -1.8402736981969159
-1.6875269412994385 -0.923919141292572 -1.7980413098998402
-1.6879576444625854 -0.923822820186615 -1.74821138405086
-1.6881016492843628 -0.9236713647842407 -1.6993956464540336
-1.688269019126892 -0.9236594438552856 -1.652205084838403
-1.6886227130889893 -0.9236398339271545 -1.6013806721535309
-1.6888105869293213 -0.9237225651741028 -1.559139858589426
-1.6890623569488525 -0.9236873388290405 -1.490721444239229
-1.6893305778503418 -0.9236988425254822 -1.4404318638364428
-1.6895208358764648 -0.9237679839134216 -1.3994573107609576
-1.6898040771484375 -0.9237392544746399 -1.348662601225789
-1.6902486085891724 -0.9236617088317871 -1.298336510156013
-1.6903760433197021 -0.923450231552124 -1.253698820474674
-1.6906441450119019 -0.9234266877174377 -1.2042794130351793
-1.6908458471298218 -0.9234367609024048 -1.1625400617913466
-1.6913251876831055 -0.923206627368927 -1.0951495556642674
-1.6917563676834106 -0.9231637120246887 -1.046622394205996
-1.6921123266220093 -0.9229916334152222 -1.0078160632605573
-1.6924724578857422 -0.9230348467826843 -0.9575108799739059
-1.6929305791854858 -0.923007607460022 -0.9102660437216872
-1.6933196783065796 -0.9229751825332642 -0.8620645045995604
-1.6938037872314453 -0.9228492379188538 -0.8129886783836598
-1.6941473484039307 -0.922909140586853 -0.7739410724317147
-1.6947661638259888 -0.9229564070701599 -0.7065357297191562
-1.6952543258666992 -0.9228230118751526 -0.6577568773329836
-1.6955112218856812 -0.9229806065559387 -0.6181644751423964
-1.6958855390548706 -0.9231729507446289 -0.568604582926442
-1.6956850290298462 -0.9234841465950012 -0.5211082686342949
-1.6937545537948608 -0.9248930215835571 -0.47847827365431445
-1.6897417306900024 -0.9270449876785278 -0.4456317982833788
-1.6857402324676514 -0.928937554359436 -0.4219735313208329
-1.6792179346084595 -0.9318971037864685 -0.3961314479144515
-1.6676287651062012 -0.9368229508399963 -0.3698503371381118
-1.6595593690872192 -0.9399992227554321 -0.3574503930902987
-1.6483025550842285 -0.9443153142929077 -0.3471153679834119
-1.635475754737854 -0.9487822651863098 -0.34040061011361533
-1.621732473373413 -0.9536671042442322 -0.34013169541613236
-1.608085036277771 -0.9584364891052246 -0.33957136053583786
-1.5974197387695312 -0.9621186852455139 -0.33987810786868683
-1.578913688659668 -0.9687061905860901 -0.3369744817692284
-1.5653331279754639 -0.9734713435173035 -0.33576853700254267
-1.5543160438537598 -0.9773008823394775 -0.3347784379625778
-1.5407174825668335 -0.9821380972862244 -0.3335988285837169
-1.527321457862854 -0.9868888258934021 -0.3332500228864613
-1.5142552852630615 -0.9918444156646729 -0.33329573272471213
-1.5005213022232056 -0.9966676235198975 -0.333512909591064
-1.4896900653839111 -1.0005913972854614 -0.33383978075917353
-1.4707025289535522 -1.0074398517608643 -0.33199697312478177
-1.4567829370498657 -1.0123049020767212 -0.33090781973826283
-1.4457595348358154 -1.0162307024002075 -0.33012162750007934
-1.4322253465652466 -1.0211344957351685 -0.3279054042541206
-1.4181767702102661 -1.0260331630706787 -0.3253550257848422
-1.404175877571106 -1.0310633182525635 -0.3235184750665275
-1.3901909589767456 -1.0361906290054321 -0.32105759444058296
-1.3791178464889526 -1.0399744510650635 -0.3202433227208842
-1.3598206043243408 -1.0469954013824463 -0.31703502399492367
-1.3457300662994385 -1.0519975423812866 -0.3150539502761915
-1.3342622518539429 -1.0557721853256226 -0.3145734487294002
-1.3200647830963135 -1.0609326362609863 -0.3122905707264992
-1.3056334257125854 -1.0658687353134155 -0.31121949721563397
-1.2913017272949219 -1.0706381797790527 -0.31076438480185936
-1.277259111404419 -1.075652003288269 -0.30839140247933483
-1.2657904624938965 -1.0794893503189087 -0.3088057800465585
-1.2458984851837158 -1.0861330032348633 -0.3080908381735652
-1.2312980890274048 -1.0913074016571045 -0.3050503358982994
-1.219867467880249 -1.0949995517730713 -0.30363912955874606
-1.2057011127471924 -1.099929928779602 -0.3011640584389069
-1.1917518377304077 -1.104691982269287 -0.30116292797628336
-1.1774789094924927 -1.10957932472229 -0.2993065974785557
-1.1632734537124634 -1.1143349409103394 -0.29999891891434344
-1.1517772674560547 -1.1180424690246582 -0.30034018572301413
-1.1318836212158203 -1.1248362064361572 -0.2999647784475288
-1.1177870035171509 -1.1294901371002197 -0.30162968700302056
-1.1063568592071533 -1.1333656311035156 -0.3009751950516819
-1.0919452905654907 -1.1379300355911255 -0.29952359185055594
-1.0776416063308716 -1.142586350440979 -0.29795671994724804
-1.0634280443191528 -1.1471813917160034 -0.29571391256217877
-1.0492068529129028 -1.151840329170227 -0.2944025376788853
-1.0378669500350952 -1.1554163694381714 -0.2940031287511174
-1.0180591344833374 -1.1619558334350586 -0.29192093805098496
-1.003487229347229 -1.1666269302368164 -0.2905163735200504
-0.9923433661460876 -1.1704033613204956 -0.28950857609996966
-0.9779398441314697 -1.1749473810195923 -0.28866693558903733
-0.963783323764801 -1.1795341968536377 -0.2868382823116535
-0.9496753811836243 -1.1840368509292603 -0.2847635684083374
-0.9352936148643494 -1.1886309385299683 -0.2839440712677677
-0.9239273071289062 -1.1922436952590942 -0.2845221098208186
-0.9035219550132751 -1.198641061782837 -0.28521440391392056
-0.8889340758323669 -1.2033066749572754 -0.28491174701675226
-0.8776935935020447 -1.2068918943405151 -0.28558094495245734
-0.8632060885429382 -1.2114784717559814 -0.28403364769487804
-0.8486611843109131 -1.2159347534179688 -0.2836721426091303
-0.8341938853263855 -1.2203309535980225 -0.28367226062130463
-0.8197497725486755 -1.224669337272644 -0.2830343965679609
-0.8080834150314331 -1.228367805480957 -0.28324515587435467
-0.7880264520645142 -1.2345703840255737 -0.28161936858766573
-0.7734163403511047 -1.2391331195831299 -0.28055813904090193
-0.7617365717887878 -1.2427619695663452 -0.280360047909085
-0.7472090721130371 -1.2472131252288818 -0.279039359725018
-0.7326962351799011 -1.2515939474105835 -0.2784721704433148
-0.7179981470108032 -1.2560009956359863 -0.2777223457604055
-0.7037805914878845 -1.2601481676101685 -0.27791906706153263
-0.6919410824775696 -1.263665795326233 -0.2777745708286936
-0.6712201237678528 -1.2698789834976196 -0.2755656351651839
-0.6566933989524841 -1.2742259502410889 -0.27556576961541757
-0.6450054049491882 -1.2776249647140503 -0.27490012583585566
-0.6301042437553406 -1.281989336013794 -0.2741079878202228
-0.6158398389816284 -1.2864750623703003 -0.2723201654234796
['bump_front_center']
-0.6050874590873718 -1.289293885231018 -0.2689501711678486
-0.6043485999107361 -1.2901724576950073 -0.2642287998645273
-0.6052485704421997 -1.2896289825439453 -0.2679655608218126
-0.6093382835388184 -1.2886440753936768 -0.26752054104669126
-0.6142998933792114 -1.2874233722686768 -0.26743884906997745
-0.6197876334190369 -1.2859004735946655 -0.2685739207662018
-0.6271181702613831 -1.2843199968338013 -0.26859882198910606
-0.6338502168655396 -1.2824655771255493 -0.2686889562359259
-0.6407880783081055 -1.280766248703003 -0.2686889562359259
-0.6470943093299866 -1.2790801525115967 -0.26923608380850467
-0.6508890986442566 -1.278077483177185 -0.26998224664871656
-0.6552565693855286 -1.2768398523330688 -0.2503216012091612
-0.6573877334594727 -1.2762868404388428 -0.2227189178809529
-0.6582527160644531 -1.2760095596313477 -0.19158532233291503
-0.6583558320999146 -1.2761356830596924 -0.14412819995364692
-0.6577506065368652 -1.2762846946716309 -0.09015974535162125
-0.6574956774711609 -1.2765554189682007 -0.03838327953984768
-0.6575226783752441 -1.2768139839172363 0.012040016898101552
-0.6574230194091797 -1.2769867181777954 0.051688752365458696
-0.6574380993843079 -1.2771799564361572 0.11870695367086373
-0.6575213670730591 -1.277492642402649 0.16896034615367808
-0.6574434041976929 -1.2777537107467651 0.2087370272770558
-0.6574559807777405 -1.277840256690979 0.2573129768765681
-0.6573371887207031 -1.2780094146728516 0.30789988788972555
-0.657088041305542 -1.2782801389694214 0.35772053226219314
-0.6570016741752625 -1.2785238027572632 0.408313952299359
-0.6569938063621521 -1.278726577758789 0.4477268601217997
-0.6569445133209229 -1.2790998220443726 0.5146315017931419
-0.6567502021789551 -1.2793818712234497 0.565945598807936
-0.656528115272522 -1.2795106172561646 0.6064173683193147
-0.6565192937850952 -1.279681921005249 0.654122514053437
-0.6565101742744446 -1.279809832572937 0.7037838766031876
-0.6562792658805847 -1.2800323963165283 0.7537011197867736
-0.6560952067375183 -1.2803276777267456 0.8034908268874507
-0.6558578014373779 -1.2805588245391846 0.8429577296862827
-0.6557906866073608 -1.2807284593582153 0.9132960935794417
-0.6554043292999268 -1.2809969186782837 0.964474098055924
-0.6552116870880127 -1.281080722808838 1.003428537265176
-0.6550635695457458 -1.2813217639923096 1.0512820107704697
-0.6547110080718994 -1.2815594673156738 1.100618866636377
-0.6546783447265625 -1.2818964719772339 1.148374038004208
-0.6543530821800232 -1.2820569276809692 1.1985860783022158
-0.654091477394104 -1.2821924686431885 1.2384424942109595
-0.6540035009384155 -1.2825701236724854 1.307592430997706
-0.6537059545516968 -1.2826892137527466 1.3564690256236565
-0.6535000801086426 -1.2828547954559326 1.3966240668567547
-0.6534357070922852 -1.283139705657959 1.443040829283183
-0.653281569480896 -1.2832735776901245 1.4937513286729034
-0.6530994772911072 -1.2834112644195557 1.5424640756098404
-0.652854859828949 -1.2835227251052856 1.5928739299012178
-0.6526287198066711 -1.2835172414779663 1.6338543703793447
-0.652417778968811 -1.2837120294570923 1.7008359766534573
-0.6523063778877258 -1.283913254737854 1.7501003148259746
-0.6519779562950134 -1.2838613986968994 1.7908311606935319
-0.6519514918327332 -1.2841285467147827 1.8374965292627747
-0.651948094367981 -1.283313512802124 1.8877360898180326
-0.6527199149131775 -1.281001329421997 1.931264037626342
-0.6541886329650879 -1.2766375541687012 1.9664456653792286
-0.6560030579566956 -1.2722901105880737 1.9904868299125094
-0.6603113412857056 -1.2628369331359863 2.0229345028057373
-0.6646159291267395 -1.2542444467544556 2.0414752622818324
-0.6686259508132935 -1.2465723752975464 2.0533832780034103
-0.6746118664741516 -1.2353005409240723 2.0621557049777492
-0.6803956627845764 -1.2249915599822998 2.0664041426170177
-0.6874778270721436 -1.2123578786849976 2.0677996033294628
-0.6950506567955017 -1.199414849281311 2.0701822447095664
['bump_front_center']
-0.701596736907959 -1.1881163120269775 2.073149690003834
-0.7058813571929932 -1.1808139085769653 2.0844712334324775
-0.7054208517074585 -1.180881142616272 2.0861039500637912
-0.704332709312439 -1.1828925609588623 2.082761289643339
-0.7018828988075256 -1.187065839767456 2.080066139796827
-0.6989905834197998 -1.1922880411148071 2.0790095664043493
-0.6951434016227722 -1.1990389823913574 2.0789633660268287
-0.691462516784668 -1.2056975364685059 2.0789633660268287
-0.6886981129646301 -1.2108350992202759 2.0789633660268287
-0.6842437982559204 -1.2190678119659424 2.0824359886164836
-0.6817039251327515 -1.2235580682754517 2.0865320810763497
-0.6802566647529602 -1.226189374923706 2.098114960799108
-0.6790087819099426 -1.2286103963851929 2.123771667468964
-0.6779177784919739 -1.2303167581558228 2.1531196211284036
-0.6775234937667847 -1.231024146080017 2.1971645498174484
-0.6776933670043945 -1.2309191226959229 2.2494960207241403
-0.677736222743988 -1.230832815170288 2.2909269703376816
-0.6774857640266418 -1.2309274673461914 2.3612459192751163
-0.6771687269210815 -1.231065273284912 2.410868865374094
-0.6769973039627075 -1.2311698198318481 2.4499938339825262
-0.6768771409988403 -1.2312668561935425 2.4982161166036785
-0.676622748374939 -1.231297492980957 2.5473475687252565
-0.6763720512390137 -1.2313588857650757 2.596275858539511
-0.6761025190353394 -1.231300950050354 2.6454117176726992
-0.6758854389190674 -1.2314643859863281 2.6849257804425446
-0.6756588816642761 -1.231427550315857 2.746526751618839
-0.6753985285758972 -1.231616497039795 2.795307899940269
-0.6753015518188477 -1.2316266298294067 2.8447327575321357
-0.6751415729522705 -1.2315702438354492 2.8932437946234595
-0.6749624013900757 -1.2317336797714233 2.9343042281442786
-0.6748418211936951 -1.2316817045211792 2.9832806495350717
-0.6748037338256836 -1.2316904067993164 3.031709197352853
-0.6746260523796082 -1.231804370880127 3.0816156901964438
-0.6745401620864868 -1.231666922569275 3.141540765761097
-0.6744963526725769 -1.2317100763320923 -3.0930237776712475
-0.6743499636650085 -1.231731653213501 -3.0438258656018387
-0.6744081974029541 -1.2316864728927612 -2.9937448421576844
-0.6744233965873718 -1.2316205501556396 -2.954617727684525
-0.6742478013038635 -1.2315430641174316 -2.905616274696035
-0.6742268800735474 -1.2314453125 -2.8569576646069814
-0.6742226481437683 -1.2313824892044067 -2.808021289770629
-0.6743724942207336 -1.2312618494033813 -2.74342371460617
-0.6743090748786926 -1.2311122417449951 -2.6931312020106
-0.6740760207176208 -1.2311134338378906 -2.653495807087051
-0.6741934418678284 -1.2310490608215332 -2.604083746842417
-0.6740930080413818 -1.2310019731521606 -2.5566412855854557
-0.6740323305130005 -1.23097562789917 -2.5074432359597214
-0.6742156147956848 -1.2308576107025146 -2.4564572095107575
-0.6741140484809875 -1.2308262586593628 -2.417924638175814
-0.6740270853042603 -1.2306255102157593 -2.3491740026010377
-0.6739619374275208 -1.230394959449768 -2.2995069700002793
-0.6738924980163574 -1.230263590812683 -2.259877200474218
-0.6740939021110535 -1.2303723096847534 -2.2116398925943086
-0.6740961670875549 -1.2304097414016724 -2.16323305034249
-0.6741451025009155 -1.2304069995880127 -2.114437569875052
-0.674379289150238 -1.2309755086898804 -2.064961538051736
-0.675262451171875 -1.2327847480773926 -2.0262763663044576
-0.6780955791473389 -1.2385990619659424 -1.973917053260236
-0.6806362867355347 -1.2448019981384277 -1.9425724778784756
-0.6829870343208313 -1.2510312795639038 -1.9220128019856477
-0.6862742900848389 -1.2604103088378906 -1.8991571590511556
-0.6896663308143616 -1.2710860967636108 -1.8832937353928045
-0.6932647824287415 -1.283409595489502 -1.8723472454662689
-0.6973513960838318 -1.2973400354385376 -1.8680061044518832
-0.7003850340843201 -1.3094148635864258 -1.867196049875068
-0.705937922000885 -1.3306130170822144 -1.8631862907456038
-0.7094283699989319 -1.3438818454742432 -1.8591331300232576
-0.7129899263381958 -1.356932520866394 -1.8571528182381998
-0.716685950756073 -1.3713403940200806 -1.8559865719929534
-0.7201877236366272 -1.3858691453933716 -1.855567455814521
-0.7237333059310913 -1.400490641593933 -1.8544112362541016
-0.7269514203071594 -1.4137951135635376 -1.8532856957285353
-0.7302184700965881 -1.427119493484497 -1.8520182638723461
-0.735037624835968 -1.4476938247680664 -1.8510577116507423
-0.7383449077606201 -1.46086585521698 -1.8493929234141524
-0.7416255474090576 -1.474266529083252 -1.8474320283780585
-0.7451345324516296 -1.4888614416122437 -1.8463155333206753
-0.7487124800682068 -1.5039522647857666 -1.844032291423865
['bump_left']
-0.7525582313537598 -1.518354892730713 -1.840678077928183
-0.7538660168647766 -1.5229685306549072 -1.8319820919966154
-0.7539865970611572 -1.5227861404418945 -1.827627442886992
-0.752717912197113 -1.518689513206482 -1.8258694235258524
-0.7512212991714478 -1.5133311748504639 -1.826477500179569
-0.749498724937439 -1.5077062845230103 -1.826477500179569
-0.7475913166999817 -1.5006688833236694 -1.8260337096796087
-0.7456328868865967 -1.4937744140625 -1.8261026162277538
-0.7436825037002563 -1.4870115518569946 -1.826658159450964
-0.7419662475585938 -1.4810254573822021 -1.8267697432391514
-0.7402915954589844 -1.4753482341766357 -1.8267697432391514
-0.7374775409698486 -1.46592116355896 -1.826985208907104
-0.7356979846954346 -1.4599761962890625 -1.8250948218131497
-0.7338775396347046 -1.4540317058563232 -1.824147163754802
-0.732088029384613 -1.447489857673645 -1.8237207836630904
-0.7299488186836243 -1.4407991170883179 -1.8218668707076444
-0.7283344268798828 -1.4347549676895142 -1.819588856594622
-0.7277649641036987 -1.4326897859573364 -1.8181760859135876
-0.7279928922653198 -1.4333815574645996 -1.8146486242686795
-0.7280289530754089 -1.4340115785598755 -1.7849184108318923
-0.7275159358978271 -1.433851957321167 -1.737971225816307
-0.7275179028511047 -1.4337236881256104 -1.6878696141310638
-0.7278680205345154 -1.4340434074401855 -1.6376529633915435
-0.7278141379356384 -1.4341530799865723 -1.588063024704939
-0.7278653383255005 -1.4341931343078613 -1.5374224732590662
-0.7279659509658813 -1.4343669414520264 -1.492005828267434
-0.727921724319458 -1.434383749961853 -1.447327411302598
-0.7281712293624878 -1.4347608089447021 -1.3767230817915874
-0.7280917167663574 -1.4347370862960815 -1.332731998831124
-0.7281581163406372 -1.434899926185608 -1.289207637912027
-0.7281886339187622 -1.4351028203964233 -1.2397133234477906
-0.72820645570755 -1.435363531112671 -1.1899402639845857
-0.7282768487930298 -1.4354623556137085 -1.1424419223726527
-0.7283528447151184 -1.4355254173278809 -1.0987596448643708
-0.728347897529602 -1.435526728630066 -1.056451913113653
-0.7283331155776978 -1.4357236623764038 -1.0054976380367437
-0.728370189666748 -1.4361169338226318 -0.9388968809064228
-0.7284616231918335 -1.4361940622329712 -0.8963745107713965
-0.728549063205719 -1.4362691640853882 -0.8456013954547261
-0.7285430431365967 -1.43674898147583 -0.7965350446170562
-0.728547215461731 -1.4369820356369019 -0.7465487278805647
-0.7286654114723206 -1.4370299577713013 -0.700845693716863
-0.7287432551383972 -1.437287449836731 -0.6592643328827683
-0.7287231683731079 -1.4375380277633667 -0.6105453204618942
-0.728859007358551 -1.4378334283828735 -0.5437906724487999
-0.7288858890533447 -1.4380227327346802 -0.5003928163272499
-0.7289047241210938 -1.438336730003357 -0.4509348289266801
-0.7287545800209045 -1.4386380910873413 -0.401992620726933
-0.7287588715553284 -1.4389736652374268 -0.35168888155973765
-0.7289280891418457 -1.4390556812286377 -0.305452038263781
-0.7289801836013794 -1.4392820596694946 -0.26250297353357904
-0.7290821671485901 -1.4397709369659424 -0.19268298191310246
-0.7293186187744141 -1.4398502111434937 -0.1469936264772883
-0.7292503118515015 -1.4401484727859497 -0.1044423341035545
-0.7292197346687317 -1.4404343366622925 -0.056706552315457334
-0.7292258143424988 -1.4407280683517456 -0.008976779210789371
-0.7292435169219971 -1.4410172700881958 0.03675890083920397
-0.7293241620063782 -1.4413070678710938 0.08591870080501825
-0.7293986678123474 -1.4415510892868042 0.1277126235229484
-0.7293896675109863 -1.4419851303100586 0.19238061401877316
-0.7294696569442749 -1.4422045946121216 0.24341385869461785
-0.7293300628662109 -1.442436695098877 0.28608411036100173
-0.7285908460617065 -1.4424229860305786 0.3346098312997119
-0.726088285446167 -1.4417006969451904 0.3784398245072741
-0.7220755219459534 -1.4403178691864014 0.4121680074501758
-0.7165637612342834 -1.4378681182861328 0.44602584643831333
-0.7104551792144775 -1.4350067377090454 0.46950844428210103
-0.7020576596260071 -1.4312939643859863 0.49173122312810874
-0.6887333393096924 -1.424250841140747 0.5087406057561145
-0.6793369054794312 -1.4191038608551025 0.518032917717558
-0.6668440699577332 -1.412678599357605 0.5231519642290894
-0.6533514261245728 -1.4053031206130981 0.5237170759673206
-0.6402294635772705 -1.3978796005249023 0.525254999993286
-0.6267420649528503 -1.3903568983078003 0.5294489768967234
-0.6156072020530701 -1.384202003479004 0.5318990974488649
['bump_front_center']
-0.6024670600891113 -1.3768376111984253 0.5324574916988376
-0.5943616032600403 -1.3718339204788208 0.5279677925030289
-0.5943891406059265 -1.3729273080825806 0.5284660108048562
-0.5957711338996887 -1.374184012413025 0.5325401820725567
-0.5995096564292908 -1.3762472867965698 0.5319422219233562
-0.6043306589126587 -1.3796812295913696 0.5308582355210991
-0.6108798980712891 -1.3836557865142822 0.5304267780757363
-0.6162326335906982 -1.3868366479873657 0.5314543267272172
-0.624172568321228 -1.3921103477478027 0.5315980918807451
-0.6301364302635193 -1.3957518339157104 0.5326254037976627
-0.6350714564323425 -1.3987525701522827 0.5339941444637734
-0.6407670974731445 -1.402482271194458 0.5357375998536773
-0.6469144821166992 -1.4062108993530273 0.5378455945007763
-0.652887761592865 -1.4099094867706299 0.5403485383352055
-0.6588575839996338 -1.4136483669281006 0.5419031687409478
-0.6639703512191772 -1.4168837070465088 0.5424942661870653
-0.67146897315979 -1.421828031539917 0.543308223992835
-0.6721273064613342 -1.4223284721374512 0.5446136874795309
-0.6721130013465881 -1.422378420829773 0.5468447206358279
-0.6716974973678589 -1.4220972061157227 0.5683253977443753
-0.6720485091209412 -1.4221628904342651 0.6202569179053523
-0.6721408367156982 -1.4225249290466309 0.6715254663743211
-0.6719308495521545 -1.422910451889038 0.721310086993834
-0.6720399260520935 -1.42298424243927 0.7645112697101049
-0.671852707862854 -1.4233120679855347 0.8156903972053767
-0.6717361807823181 -1.423651933670044 0.8822133313571235
-0.6715778112411499 -1.423861026763916 0.9223504472067127
-0.6714568734169006 -1.4241818189620972 0.9718735565314206
-0.6711515188217163 -1.4244647026062012 1.0244174694879131
-0.6709940433502197 -1.4246644973754883 1.070982443487539
-0.6707598567008972 -1.4249238967895508 1.1194740330768318
-0.6706536412239075 -1.4250586032867432 1.1609609046551166
-0.6703861951828003 -1.425265908241272 1.2097372702070264
-0.6701148152351379 -1.4256696701049805 1.2765420712173097
-0.6699238419532776 -1.4259295463562012 1.316925921968851
-0.6696770191192627 -1.4262959957122803 1.36689779271977
-0.669468343257904 -1.4264814853668213 1.4162105619143976
-0.669327437877655 -1.4267282485961914 1.4628963254916585
-0.669068455696106 -1.4268306493759155 1.5110932309583278
-0.6689034104347229 -1.4270848035812378 1.551763174324065
-0.6686659455299377 -1.427369475364685 1.6025424799899894
-0.6684181690216064 -1.4277148246765137 1.6694283531049736
-0.66818767786026 -1.4279621839523315 1.7087910469322942
-0.6677671670913696 -1.4280602931976318 1.7596968882477793
-0.667478084564209 -1.4281716346740723 1.8094054469315988
-0.6672405004501343 -1.4283159971237183 1.8557943421148642
-0.6670407652854919 -1.4287574291229248 1.9044522959170271
-0.6668003797531128 -1.428908348083496 1.9450208406123008
-0.6664039492607117 -1.4290090799331665 2.015622664948228
-0.6661708354949951 -1.4291595220565796 2.0669114409255345
-0.6659935116767883 -1.4292479753494263 2.107272643453462
-0.6656635999679565 -1.429090142250061 2.157367888031068
-0.6653488874435425 -1.4295662641525269 2.2050516368389106
-0.6650601625442505 -1.4296873807907104 2.2548415286301924
-0.6648750901222229 -1.429624080657959 2.303510918309902
-0.6647850275039673 -1.429686188697815 2.342651114222131
-0.6644430160522461 -1.4297902584075928 2.4109478602070076
-0.6642171144485474 -1.4297163486480713 2.4592217961839853
-0.6639156341552734 -1.429827094078064 2.497770284841851
-0.663652241230011 -1.429756999015808 2.5480582031683348
-0.6634503602981567 -1.4297406673431396 2.595058713255758
-0.6632799506187439 -1.429990291595459 2.6441173322202114
-0.663577675819397 -1.4297864437103271 2.6953282036864272
-0.6653257012367249 -1.428756594657898 2.731599336912053
-0.6690702438354492 -1.427054524421692 2.766747000987212
-0.6771792769432068 -1.4242815971374512 2.808502701787483
-0.683131992816925 -1.422339916229248 2.826728802763641
-0.6920679807662964 -1.4195371866226196 2.8473780276959033
-0.702690601348877 -1.4166616201400757 2.86269355020914
-0.7146091461181641 -1.4133185148239136 2.8710661242559263
-0.7281113266944885 -1.4101811647415161 2.875367370793292
-0.7398069500923157 -1.4073491096496582 2.8743405076513047
-0.7543241381645203 -1.4043169021606445 2.875242244323893
-0.7746562957763672 -1.3998385667800903 2.8786041809855396
-0.7860293388366699 -1.3972622156143188 2.8811738440128067
-0.8004263639450073 -1.3943123817443848 2.8859197904574505
-0.8143977522850037 -1.3914166688919067 2.890014440356693
-0.8283620476722717 -1.3885079622268677 2.8940777842958383
-0.8429210186004639 -1.3853760957717896 2.898465165374636
-0.8543274402618408 -1.3833363056182861 2.8999383486975865
-0.8741995096206665 -1.3793445825576782 2.903704877478856
-0.8885008692741394 -1.3763483762741089 2.904969691945658
-0.9000641703605652 -1.37419593334198 2.906065450899735
-0.9142517447471619 -1.3714994192123413 2.9070630010214153
['bump_left']
-0.9290259480476379 -1.3687610626220703 2.9106113874928434
-0.9359382390975952 -1.364971399307251 2.923944719951452
-0.9355800747871399 -1.3660410642623901 2.9282944006394276
-0.9329550862312317 -1.366673469543457 2.9295315676239615
-0.9256601929664612 -1.3684566020965576 2.9287574260227904
-0.9192683100700378 -1.369881510734558 2.9293167711463353
-0.9130516052246094 -1.371448040008545 2.929102183558313
-0.9055790305137634 -1.3733056783676147 2.9293239140628207
-0.8988586664199829 -1.3748834133148193 2.929768068068007
-0.8918800354003906 -1.3765254020690918 2.930398468951849
-0.885280430316925 -1.3780999183654785 2.929746149485708
-0.8818923234939575 -1.3789825439453125 2.931302568014577
-0.8795698285102844 -1.379661202430725 2.9442374543565495
-0.876619279384613 -1.3804347515106201 2.9807481776505096
-0.8758846521377563 -1.3807604312896729 3.0130367076865876
-0.8759299516677856 -1.3806920051574707 3.0628554784987054
-0.8761125206947327 -1.3808379173278809 3.114665509044554
-0.8763185739517212 -1.3808749914169312 -3.1187224406076224
-0.8763939142227173 -1.3809279203414917 -3.0691435321207274
-0.8761840462684631 -1.3810921907424927 -3.0303721484437647
-0.8764358758926392 -1.3809196949005127 -2.9798307519206175
-0.8763996958732605 -1.3810585737228394 -2.912714975424212
-0.8764200806617737 -1.3810877799987793 -2.875442023425723
-0.8764960765838623 -1.3811287879943848 -2.826417914375682
-0.8764320611953735 -1.3811724185943604 -2.7773780674603685
-0.8765786290168762 -1.3813039064407349 -2.728254075455186
-0.8764680027961731 -1.381391167640686 -2.679965956999788
-0.8765435814857483 -1.3813910484313965 -2.640661735182869
-0.8764814734458923 -1.3815126419067383 -2.572648272390884
-0.8765998482704163 -1.3815248012542725 -2.522801939044068
-0.8764995336532593 -1.381554365158081 -2.485260986445979
-0.8764817118644714 -1.3816114664077759 -2.4353771333617877
-0.8763670921325684 -1.3818309307098389 -2.386564746500379
-0.8764519095420837 -1.3818764686584473 -2.3371525226977923
-0.8763412237167358 -1.3819148540496826 -2.287704488255399
-0.8764045834541321 -1.3818925619125366 -2.246876424981334
-0.8766397833824158 -1.3820737600326538 -2.1964583586624054
-0.8764879107475281 -1.3821834325790405 -2.1298966015909033
-0.8764798045158386 -1.382262945175171 -2.0908207536151355
-0.876555323600769 -1.3823978900909424 -2.0403242136485518
-0.876457154750824 -1.3823745250701904 -1.9904851279574576
-0.8766276836395264 -1.3825557231903076 -1.94148711185657
-0.8765919208526611 -1.3826795816421509 -1.8927587093098575
-0.8767427206039429 -1.3828359842300415 -1.8532930870794568
-0.8767716884613037 -1.3829395771026611 -1.8037092861409925
-0.87681645154953 -1.3831212520599365 -1.7324367773423637
-0.8770182728767395 -1.3834222555160522 -1.6922491610948878
-0.8769409656524658 -1.3835084438323975 -1.6454356908265335
-0.8769351243972778 -1.383549451828003 -1.5969204503946193
-0.8770690560340881 -1.3837578296661377 -1.548353906196839
-0.8771556615829468 -1.3838152885437012 -1.498609114261188
-0.8772741556167603 -1.3839432001113892 -1.4587495762715281
-0.8773687481880188 -1.384212851524353 -1.38831438674224
-0.877544105052948 -1.3843610286712646 -1.3403707003972807
-0.8776116371154785 -1.3843821287155151 -1.3020899434212345
-0.8776928186416626 -1.384389042854309 -1.252248547528612
-0.8776475191116333 -1.3853411674499512 -1.2050569005272966
-0.876732587814331 -1.3878822326660156 -1.1616582557591737
-0.8748267889022827 -1.3923965692520142 -1.1257273895071132
-0.8727393746376038 -1.3967444896697998 -1.0982787569969432
-0.8693483471870422 -1.40358567237854 -1.070148503353722
-0.8628546595573425 -1.415683627128601 -1.0391587154971842
-0.858069896697998 -1.423677921295166 -1.028117066466289
-0.851231038570404 -1.4347881078720093 -1.0179591461914863
-0.8437060117721558 -1.4472507238388062 -1.0149334728859958
-0.8350533246994019 -1.4604356288909912 -1.0151699732626343
-0.8265003561973572 -1.4734584093093872 -1.0144365151095671
-0.8198346495628357 -1.4840878248214722 -1.0109152678409257
-0.808107852935791 -1.5021940469741821 -1.0095749168329402
-0.799741804599762 -1.5152697563171387 -1.0076471190488874
-0.7928766012191772 -1.5255229473114014 -1.0076471190488874
-0.7846342921257019 -1.5382380485534668 -1.0067750976397316
-0.7763663530349731 -1.551077961921692 -1.0053352140219805
['bump_left']
-0.7683828473091125 -1.5640026330947876 -1.0047306505661695
['bump_front_left']
-0.7661246061325073 -1.57021164894104 -0.9951742704729232
-0.7670153379440308 -1.5689940452575684 -0.9902591165294794
-0.76838618516922 -1.5652860403060913 -0.9947787677630167
-0.7711348533630371 -1.5616791248321533 -0.9936393028834222
-0.7738305330276489 -1.5576276779174805 -0.9936393028829327
-0.7780937552452087 -1.5512549877166748 -0.9936588739734311
-0.7819366455078125 -1.5452457666397095 -0.9934794832095444
-0.7853944897651672 -1.5398410558700562 -0.9919234966965997
-0.7890573143959045 -1.5339202880859375 -0.9919234966962882
-0.7918761372566223 -1.5296396017074585 -0.9910466532147449
-0.7950422167778015 -1.5247013568878174 -0.989151210797443
-0.7954061031341553 -1.5242875814437866 -0.9868099898870762
-0.7950227856636047 -1.5249390602111816 -0.9863148279008017
-0.7948037385940552 -1.5252904891967773 -0.9867723361068128
-0.7948377132415771 -1.525154948234558 -0.9867723361068128
-0.7948262095451355 -1.5251712799072266 -0.9867723361068128
-0.7948286533355713 -1.525185227394104 -0.9867723361068128
-0.7948286533355713 -1.525185227394104 -0.9867723361068128
-0.7948286533355713 -1.525185227394104 -0.9867723361068128
-0.7948286533355713 -1.525185227394104 -0.9867723361068128
-0.7948286533355713 -1.525185227394104 -0.9867723361068128
-0.7948286533355713 -1.525185227394104 -0.9867723361068128
-0.7948286533355713 -1.525185227394104 -0.9867723361068128
-0.7948286533355713 -1.525185227394104 -0.9867723361068128
-0.7948286533355713 -1.525185227394104 -0.9867723361068128
-0.7948286533355713 -1.525185227394104 -0.9867723361068128
-0.7948286533355713 -1.525185227394104 -0.9867723361068128
-0.7948286533355713 -1.525185227394104 -0.9867723361068128
-0.7948286533355713 -1.525185227394104 -0.9867723361068128
-0.7948286533355713 -1.525185227394104 -0.9867723361068128
-0.7948286533355713 -1.525185227394104 -0.9867723361068128
-0.7948286533355713 -1.525185227394104 -0.9867723361068128
-0.7948286533355713 -1.525185227394104 -0.9867723361068128
-0.7948286533355713 -1.525185227394104 -0.9867723361068128
-0.7948286533355713 -1.525185227394104 -0.9867723361068128
-0.7948286533355713 -1.525185227394104 -0.9867723361068128
-0.7948286533355713 -1.525185227394104 -0.9867723361068128
-0.7948286533355713 -1.525185227394104 -0.9867723361068128
-0.7948286533355713 -1.525185227394104 -0.9867723361068128
-0.7948286533355713 -1.525185227394104 -0.9867723361068128
-0.7948286533355713 -1.525185227394104 -0.9867723361068128
-0.7948286533355713 -1.525185227394104 -0.9867723361068128
-0.7948286533355713 -1.525185227394104 -0.9867723361068128
-0.7948286533355713 -1.525185227394104 -0.9867723361068128
-0.7948286533355713 -1.525185227394104 -0.9867723361068128
-0.7948286533355713 -1.525185227394104 -0.9867723361068128
-0.7948302626609802 -1.525190830230713 -0.9867282267297247
-0.7948302626609802 -1.525190830230713 -0.9867282267297247
-0.7948302626609802 -1.525190830230713 -0.9867282267297247
-0.7948302626609802 -1.525190830230713 -0.9867282267297247
-0.7948306798934937 -1.525192141532898 -0.9867175647841685
-0.7948306798934937 -1.525192141532898 -0.9867173867691552
-0.7948306798934937 -1.5251922607421875 -0.9867164795961474
-0.7948306798934937 -1.5251922607421875 -0.9867161201781276
-0.7948306798934937 -1.5251922607421875 -0.9867158268820732
-0.7948306798934937 -1.5251922607421875 -0.986715526967914
-0.7948306798934937 -1.5251922607421875 -0.9867155700183119
-0.7948306798934937 -1.5251922607421875 -0.9867156515704453
-0.7948306798934937 -1.5251922607421875 -0.9867159701553826
-0.7948306798934937 -1.5251922607421875 -0.9867160212172583
-0.7948306798934937 -1.5251922607421875 -0.9867161375446073
-0.7948306798934937 -1.5251922607421875 -0.9867161482555485
-0.7948306798934937 -1.5251922607421875 -0.9867162020729835
-0.7948306798934937 -1.5251922607421875 -0.986716422509782
-0.7948306798934937 -1.5251922607421875 -0.9867164292438675
-0.7948306798934937 -1.5251922607421875 -0.9867164498071462
-0.7948306798934937 -1.5251922607421875 -0.9867164106285636
-0.7948306798934937 -1.5251922607421875 -0.9867164698098265
-0.7948306798934937 -1.5251922607421875 -0.9867162722875283
-0.7948306798934937 -1.5251922607421875 -0.9867163301565249
-0.7948306798934937 -1.5251922607421875 -0.9867158983308056
-0.7948306798934937 -1.5251922607421875 -0.9867159458723563
-0.7948306798934937 -1.5251922607421875 -0.9867159400181561
-0.7948306798934937 -1.5251922607421875 -0.9867159182681408
-0.7948306798934937 -1.5251922607421875 -0.9867159583132847
-0.7948306798934937 -1.5251922607421875 -0.9867159563906466
-0.7948306798934937 -1.5251922607421875 -0.9867160651989474
-0.7948306798934937 -1.5251922607421875 -0.9867163316411047
-0.7948306798934937 -1.5251922607421875 -0.9867163959283325
-0.7948306798934937 -1.5251922607421875 -0.9867164484237583
-0.7948306798934937 -1.5251922607421875 -0.9867164314709227
-0.7948306798934937 -1.5251922607421875 -0.986716368695186
-0.7948306798934937 -1.5251922607421875 -0.9867163428943612
-0.7948306798934937 -1.5251922607421875 -0.9867163621774363
-0.7948306798934937 -1.5251922607421875 -0.9867164043784499
-0.7948306798934937 -1.5251922607421875 -0.9867164334456525
-0.7948306798934937 -1.5251922607421875 -0.986716555447549
-0.7948305010795593 -1.5251915454864502 -0.9867218517191856
-0.7949151396751404 -1.525323510169983 -0.9844411247104585
-0.7950953841209412 -1.524617075920105 -0.9608739140624828
-0.7952014803886414 -1.5244193077087402 -0.9140554496600594
-0.7953561544418335 -1.5248128175735474 -0.846191290439248
-0.7953926920890808 -1.5252121686935425 -0.7946109715291511
-0.795714795589447 -1.5255714654922485 -0.7472081470690177
-0.7959690093994141 -1.5258402824401855 -0.7068060787284217
-0.7961859703063965 -1.526282548904419 -0.6518099635590554
-0.7963765859603882 -1.5270178318023682 -0.6019174744766139
-0.7964980006217957 -1.527247667312622 -0.5460896642382412
-0.7966486215591431 -1.527492642402649 -0.4992083739491122
-0.7966850996017456 -1.5277081727981567 -0.4700829129561101
-0.7965933680534363 -1.528390884399414 -0.4108702399320654
-0.7969079613685608 -1.5288749933242798 -0.361904747966042
-0.7970249652862549 -1.5293534994125366 -0.31440408400117253
-0.7970765233039856 -1.529931902885437 -0.2652657135451001
-0.7970556616783142 -1.5302166938781738 -0.21568391007207854
-0.7969810962677002 -1.5306931734085083 -0.17667904372214713
-0.7971624732017517 -1.5312443971633911 -0.10879846560932419
-0.7970722913742065 -1.5316824913024902 -0.07839502196751862
-0.7969877123832703 -1.532055139541626 -0.01993468515345914
-0.7969406843185425 -1.532270908355713 0.029570211918629467
-0.7968090176582336 -1.532910943031311 0.07974542230042277
-0.7966163754463196 -1.533675193786621 0.12802556920046643
-0.7966839075088501 -1.534063458442688 0.17600446838657194
-0.7965440154075623 -1.5343961715698242 0.2145271776318522
-0.7964149117469788 -1.534964919090271 0.26164842538166866
-0.7964276075363159 -1.5355660915374756 0.3247447488515879
-0.796283483505249 -1.5360603332519531 0.3705097961829006
-0.7959553599357605 -1.5364724397659302 0.41928409646742637
-0.7957403063774109 -1.5368040800094604 0.4689684256768767
-0.7958446145057678 -1.536928415298462 0.5162425879670045
-0.795477569103241 -1.5374207496643066 0.5611073102799292
-0.7952393293380737 -1.5378761291503906 0.6058909321716842
-0.7949294447898865 -1.5383672714233398 0.6722805313011888
-0.7945048809051514 -1.5387333631515503 0.7168966635879787
-0.7942871451377869 -1.539054274559021 0.7612227362846419
-0.7939266562461853 -1.5392411947250366 0.8099860378762636
-0.7937655448913574 -1.5395896434783936 0.858160083405218
-0.793329119682312 -1.540039300918579 0.9063348048907249
-0.7930700778961182 -1.5403716564178467 0.9503586401031544
-0.7929216027259827 -1.540593147277832 0.9947021134987335
-0.7926313877105713 -1.5410292148590088 1.062891491167644
-0.7924665212631226 -1.5412769317626953 1.1079194785416062
-0.7919409275054932 -1.5410833358764648 1.151796115659192
-0.7903184294700623 -1.5385934114456177 1.192696235745075
-0.7884853482246399 -1.5345518589019775 1.2247403551693863
-0.7865555286407471 -1.5292669534683228 1.2564988294422637
-0.7844265699386597 -1.5228824615478516 1.278353408974702
-0.7821779251098633 -1.5158360004425049 1.2937104409818838
-0.7793571352958679 -1.5057704448699951 1.3088485610810991
-0.7747958898544312 -1.490683913230896 1.3224141261933369
-0.7716674208641052 -1.4788620471954346 1.3263901557656639
-0.767944872379303 -1.4641916751861572 1.3276990066490562
-0.7640709280967712 -1.4497255086898804 1.3319174735665467
-0.7605357766151428 -1.4354873895645142 1.332822752509124
-0.7572115659713745 -1.422787070274353 1.3339259280527196
-0.7539230585098267 -1.4104440212249756 1.336032846099978
-0.7502198815345764 -1.3967736959457397 1.3365592352125781
-0.7454934120178223 -1.3780901432037354 1.3361161490513798
-0.7427135109901428 -1.365441083908081 1.3377899273459652
-0.7388951778411865 -1.351019263267517 1.3417311883841
-0.7356557250022888 -1.336779236793518 1.3421285399529703
-0.7321915030479431 -1.3228076696395874 1.342071293794578
-0.7292507886886597 -1.3100303411483765 1.3414082058679917
-0.7264057993888855 -1.2974528074264526 1.3433440212882082
-0.7227656841278076 -1.283149242401123 1.34374622993895
-0.7186627388000488 -1.2642371654510498 1.3488974958879247
-0.715692400932312 -1.2513691186904907 1.3506638983816888
-0.7123408317565918 -1.2371801137924194 1.351157912511273
-0.7091768383979797 -1.222726821899414 1.355659846542959
-0.7057379484176636 -1.2084579467773438 1.3559238145236767
-0.7029604911804199 -1.1951348781585693 1.356931159344608
['bump_left']
-0.7000254988670349 -1.1827551126480103 1.3578667115646321
-0.69796222448349 -1.1749789714813232 1.3666525059740793
-0.6981512308120728 -1.174892544746399 1.3744886791832942
-0.6991075873374939 -1.1781436204910278 1.3751624213191798
-0.700012743473053 -1.183579921722412 1.3745167418572797
-0.7012237310409546 -1.1901931762695312 1.3749855879494626
-0.7025644779205322 -1.1978881359100342 1.3751571631774369
-0.7037983536720276 -1.2047771215438843 1.3744823043566614
-0.7048688530921936 -1.2106130123138428 1.3741952645285236
-0.7063779234886169 -1.2175958156585693 1.3748712546154034
-0.7081133127212524 -1.227046012878418 1.3773276637254799
-0.7093713283538818 -1.233062744140625 1.3786329528892496
-0.710624098777771 -1.240055799484253 1.3804329499133345
-0.7119269371032715 -1.2471617460250854 1.3804329499133345
-0.7133308053016663 -1.254508137702942 1.3808838765058224
-0.7144457697868347 -1.2613245248794556 1.3826361146281583
-0.7155236005783081 -1.2668883800506592 1.3856985973899207
-0.7157478332519531 -1.2690629959106445 1.3892429876294894
-0.7156798839569092 -1.2685377597808838 1.3963365892606574
-0.7155865430831909 -1.2683098316192627 1.4173090690476522
-0.7159247398376465 -1.268690824508667 1.4678620114271876
-0.7157927751541138 -1.2689626216888428 1.5243604903586188
-0.7153380513191223 -1.2689400911331177 1.5717964081657656
-0.7152715921401978 -1.2691975831985474 1.6221338901792164
-0.7151400446891785 -1.2692430019378662 1.6662019528769783
-0.714769184589386 -1.269449234008789 1.7326843834448444
-0.7144585251808167 -1.2696199417114258 1.7814127203804593
-0.7143279910087585 -1.2699240446090698 1.8229650311439156
-0.7140889167785645 -1.2700902223587036 1.8742430339090126
-0.7138720154762268 -1.27016019821167 1.9231027877281455
-0.7137521505355835 -1.270363211631775 1.9690454725527335
-0.7134579420089722 -1.2701622247695923 2.0177224012483244
-0.7132520079612732 -1.270116925239563 2.060692128838699
-0.7130700349807739 -1.2702666521072388 2.1076068638215366
-0.7129001021385193 -1.270339846611023 2.1722221414152183
-0.7127252221107483 -1.2704044580459595 2.2149658251427415
-0.7125831842422485 -1.2706907987594604 2.263593236661588
-0.712378740310669 -1.2707796096801758 2.3140082407202542
-0.7122806906700134 -1.270801067352295 2.3617403717477443
-0.7120808362960815 -1.2708463668823242 2.4104981761909707
-0.7118563055992126 -1.2708648443222046 2.4519485850088563
-0.7117391228675842 -1.2709743976593018 2.5018013128745373
-0.7115440368652344 -1.2709014415740967 2.5699536951636053
-0.7114017009735107 -1.270896077156067 2.6115868556760558
-0.711175799369812 -1.2707860469818115 2.6609444898224868
-0.711046040058136 -1.2707456350326538 2.709329119617239
-0.710881233215332 -1.2707816362380981 2.755950483673187
-0.7107675075531006 -1.2706420421600342 2.804209939790323
-0.7105939388275146 -1.2707470655441284 2.8452985094136163
-0.7104395031929016 -1.2709777355194092 2.9136967680973354
-0.7103267908096313 -1.2708927392959595 2.964534778254307
-0.7101406455039978 -1.2708231210708618 3.0057458782783217
-0.7100550532341003 -1.2707955837249756 3.0544717331372193
-0.7098631858825684 -1.2708277702331543 3.1026000978355928
-0.7096482515335083 -1.2708245515823364 -3.131897450250501
-0.7097318172454834 -1.2706350088119507 -3.0820286271180923
-0.7096786499023438 -1.2707630395889282 -3.0408658960477
-0.7098372578620911 -1.270544409751892 -2.9909117124122826
-0.7096184492111206 -1.2705931663513184 -2.9263112476731514
-0.7096046209335327 -1.2705601453781128 -2.8849425571825176
-0.709583044052124 -1.2704722881317139 -2.8368794861706146
-0.7096385955810547 -1.2704747915267944 -2.7878472977778723
-0.7103555202484131 -1.2708345651626587 -2.7399682844874027
-0.7130936980247498 -1.2719535827636719 -2.6940903762705575
-0.7165644764900208 -1.2736645936965942 -2.664464001063946
-0.7215589880943298 -1.2765603065490723 -2.630844147882131
-0.7281379699707031 -1.2803540229797363 -2.6036191016606303
-0.7377961277961731 -1.286359190940857 -2.5793047021210844
-0.7470108270645142 -1.29275381565094 -2.5636138765687253
-0.7575480341911316 -1.2997218370437622 -2.5549508751403214
-0.7685024738311768 -1.3078255653381348 -2.550004454373636
-0.7810346484184265 -1.3168160915374756 -2.547420099596288
-0.791451632976532 -1.3245704174041748 -2.5448489310794766
-0.8036764860153198 -1.3335556983947754 -2.5442095059608794
-0.8202953934669495 -1.3460421562194824 -2.538437359147453
-0.8303549289703369 -1.3537414073944092 -2.5368132447537244
-0.8421201109886169 -1.3628009557724 -2.536477965587967
-0.8538148999214172 -1.371629238128662 -2.537390159807804
-0.8653725385665894 -1.3803335428237915 -2.5379829030236793
-0.8775324821472168 -1.3897020816802979 -2.535729571442537
-0.8877102732658386 -1.3972972631454468 -2.534302026599658
-0.8991471529006958 -1.406245231628418 -2.532866997367274
['bump_front_center']
-0.9097779989242554 -1.4141258001327515 -2.5280862170786054
-0.9105988144874573 -1.414465069770813 -2.5272669147496707
-0.9097257852554321 -1.4137845039367676 -2.5289955077475077
-0.9065817594528198 -1.411635398864746 -2.5309639022658033
-0.9018481373786926 -1.4083588123321533 -2.530905698557559
-0.8955921530723572 -1.4042824506759644 -2.5313725684441146
-0.8905326128005981 -1.4008920192718506 -2.531780961608856
-0.8844529390335083 -1.3969777822494507 -2.5328896112215924
-0.8760640621185303 -1.3914604187011719 -2.5336537351942043
-0.8713620901107788 -1.388359546661377 -2.5333668949705923
-0.865359902381897 -1.3844448328018188 -2.5337369410580486
-0.8595551252365112 -1.3806278705596924 -2.533913374982454
-0.8537657260894775 -1.3768261671066284 -2.534195882510609
-0.8485408425331116 -1.373399257659912 -2.533577473688768
-0.8453879952430725 -1.3713933229446411 -2.533768591143793
-0.8427727222442627 -1.3698116540908813 -2.520887169973695
-0.8410069942474365 -1.3687564134597778 -2.4957237743816423
-0.8396556973457336 -1.3680601119995117 -2.45120167575414
-0.8396750092506409 -1.368037462234497 -2.402377601743379
-0.839893102645874 -1.3684165477752686 -2.350000351392265
-0.8401792645454407 -1.36858069896698 -2.298678660441304
-0.8399488925933838 -1.3686485290527344 -2.2475077899913507
-0.8399970531463623 -1.3686681985855103 -2.2065367696079634
-0.8402876853942871 -1.3690470457077026 -2.1380863655600852
-0.8402458429336548 -1.3691531419754028 -2.089312513455694
-0.8401919603347778 -1.3690794706344604 -2.048748042259273
-0.8403218388557434 -1.3692717552185059 -1.9983334005713989
-0.8403832912445068 -1.369336724281311 -1.9489468228201898
