0.0 0.0 -3.787343160165065e-14
0.0 0.0 -3.787343160165065e-14
0.0 0.0 -3.787343160165065e-14
0.0 0.0 -3.787343160165065e-14
0.0003226074913982302 -5.1026367145823315e-05 -3.787343160165065e-14
0.0053072343580424786 -7.72160419728607e-05 -0.0011344166425018437
0.011769524775445461 0.00011551392526598647 0.0012116384762049293
0.020283007994294167 0.00023154192604124546 0.002008214873290362
0.030432645231485367 0.0004032484721392393 0.0021012083581441244
0.04275969788432121 0.0005864854902029037 0.0024304649026108244
0.05703357607126236 0.000975624774582684 0.0036766851655818406
0.07194546610116959 0.0011933842906728387 0.004921955459147747
0.08677113056182861 0.0014842399396002293 0.005158947142785681
0.10569574683904648 0.0019896700978279114 0.0054014205682563045
0.11966703087091446 0.002332763047888875 0.0054014205682563045
0.13395288586616516 0.002576100407168269 0.0054014205682563045
0.14822781085968018 0.00306486408226192 0.006817866103861694
0.16177277266979218 0.0030358911026269197 0.0078044390560374115
0.17597196996212006 0.0034519312903285027 0.009122412782196746
0.1900930404663086 0.0036711515858769417 0.011578838619545038
0.20420488715171814 0.0038608191534876823 0.014141856901640635
0.22283580899238586 0.00438029645010829 0.015783376714645844
0.23695692420005798 0.004592962563037872 0.017483775771272116
0.2512301206588745 0.004800543654710054 0.017868106201644862
0.2658507227897644 0.00528355035930872 0.019197780760011798
0.27988871932029724 0.005561922676861286 0.02112611107746327
0.2941058576107025 0.005704749841243029 0.02258212756257577
0.30811285972595215 0.006012743338942528 0.023296909505079025
0.32253724336624146 0.006263399496674538 0.022232150778766953
0.34118422865867615 0.006573645863682032 0.021855692823591278
0.3552384376525879 0.00704969372600317 0.02288136014472828
0.36956241726875305 0.007191137410700321 0.023447376396054126
0.3843255043029785 0.007725901436060667 0.023855296707992104
0.3988897502422333 0.008212797343730927 0.026058013262789073
0.41271859407424927 0.008738620206713676 0.02753378777454877
0.4265903830528259 0.009252239018678665 0.028426172332116827
0.44103506207466125 0.009731216356158257 0.02845121198583873
0.4597146511077881 0.010216700844466686 0.02877308130199748
0.47395291924476624 0.010580625385046005 0.028773075714973704
0.48857489228248596 0.01143882516771555 0.028773070127316558
0.5035130381584167 0.011931194923818111 0.02990125908750585
0.5176790356636047 0.012337129563093185 0.029901264674804074
0.5316582322120667 0.012811924330890179 0.030359506804496318
0.5455276966094971 0.013192550279200077 0.029675502853903992
0.5599365234375 0.013866862282156944 0.028797656642547187
0.5788514614105225 0.014523510821163654 0.027720973671729238
0.5933567881584167 0.015098950825631618 0.028421670291155054
0.6078951358795166 0.01559422630816698 0.02958060377557708
0.6223952174186707 0.016031354665756226 0.030116326965318956
0.6361781358718872 0.016260705888271332 0.030698790444653536
0.6502763628959656 0.0168134868144989 0.03071142613223883
0.6641638278961182 0.017174214124679565 0.03071142613223883
0.6789064407348633 0.017563769593834877 0.031226180952475202
0.6982544660568237 0.018172673881053925 0.031082178236685746
0.7120208144187927 0.018627779558300972 0.031020192022659796
0.7265619039535522 0.019152343273162842 0.031020192022659796
0.7409428358078003 0.01954626478254795 0.03153589724074381
0.7553935050964355 0.019833877682685852 0.03184202788362991
0.7694091796875 0.02036224491894245 0.031806029157943505
0.7835742831230164 0.02079515904188156 0.031806029157943505
0.797785222530365 0.021273542195558548 0.03262857269403517
0.8167319297790527 0.021864214912056923 0.033913168820364804
0.8307611346244812 0.0223857369273901 0.034385949853109034
0.8450372219085693 0.022832093760371208 0.034385949853109034
0.8593259453773499 0.02354324609041214 0.03630496973543298
0.8738096952438354 0.02402380295097828 0.03820300660635127
0.8885195851325989 0.024527404457330704 0.039569375456044505
0.9024174213409424 0.025249194353818893 0.04065585152840348
0.9166068434715271 0.025812067091464996 0.04172373913688359
0.9354129433631897 0.02650337480008602 0.04362107000065398
0.9495240449905396 0.027008064091205597 0.044046887270486154
0.9637518525123596 0.02767184190452099 0.04504371642854768
0.9782155752182007 0.028433844447135925 0.04581475166290849
0.9925204515457153 0.02890770696103573 0.04683305935342352
1.0068891048431396 0.029578715562820435 0.04674080220309837
1.0205981731414795 0.030268842354416847 0.04695968084691928
1.0347009897232056 0.03083178400993347 0.04695968084691928
1.0536909103393555 0.0317954383790493 0.0471728671491205
1.0681222677230835 0.03238103538751602 0.048718346312264384
1.0824843645095825 0.03314836695790291 0.04935975555461257
1.097075343132019 0.0338272824883461 0.051213853083815326
1.1116487979888916 0.034785740077495575 0.05167693905095564
1.1257212162017822 0.03554994612932205 0.05161376438163057
1.1400072574615479 0.036223676055669785 0.051613775553945786
1.15442955493927 0.036892373114824295 0.051675076800935235
1.1739501953125 0.03778623417019844 0.05167512149141056
1.1883172988891602 0.038557615131139755 0.05178316334128341
1.202552318572998 0.03921986743807793 0.05189044408195782
1.2166309356689453 0.04000847414135933 0.05253475786994913
1.2308220863342285 0.04058295860886574 0.05178150706288156
1.245159387588501 0.04145355522632599 0.05198515546249149
1.2596616744995117 0.04220113530755043 0.052474462343933784
1.2741873264312744 0.04310900345444679 0.052673843821323264
1.2934236526489258 0.044056735932826996 0.05496370153441112
1.3076263666152954 0.044760577380657196 0.05445319632335426
1.3221487998962402 0.04555806517601013 0.05364847165840016
1.335858941078186 0.046335119754076004 0.054065490355403006
1.3507778644561768 0.04712587594985962 0.055226671734001954
1.3652276992797852 0.047837793827056885 0.05550635718171775
1.3795833587646484 0.048673875629901886 0.055506346010957455
1.394195318222046 0.04926850646734238 0.056276246385117794
1.4126275777816772 0.05024055019021034 0.056276246385117794
1.4271440505981445 0.05097527429461479 0.055680397253381635
1.4415907859802246 0.051798317581415176 0.05530296516375807
1.4559385776519775 0.0527314729988575 0.05530296516375807
1.4707549810409546 0.053576886653900146 0.055763367994488854
1.4844882488250732 0.054542176425457 0.056511539951830114
1.4986237287521362 0.05533454567193985 0.05682863996186588
1.5127232074737549 0.05631878972053528 0.0563062804391537
1.531369686126709 0.0575098916888237 0.056913060508437224
1.5462812185287476 0.058552902191877365 0.05785410702774262
1.5608265399932861 0.05939098447561264 0.057933040411254896
1.5750977993011475 0.06018166244029999 0.05805796755253391
1.5890414714813232 0.06095707044005394 0.057860070708396785
1.6031831502914429 0.061728011816740036 0.05786005208852809
1.6175105571746826 0.06247662380337715 0.05752723365238874
1.631432294845581 0.06336119771003723 0.05694405971620104
1.6500294208526611 0.06451428681612015 0.05740420881983796
1.664487600326538 0.06534627825021744 0.05740423116234999
1.6785343885421753 0.06619155406951904 0.05731556319325841
1.6925089359283447 0.06699607521295547 0.057886098883680806
1.7064909934997559 0.0676693245768547 0.05876968293446823
1.7206168174743652 0.068476602435112 0.05921982759829519
1.735419511795044 0.06926431506872177 0.05955336379122807
1.7497177124023438 0.07014890760183334 0.0594959272243854
1.763576865196228 0.07106663286685944 0.059521678752174935
1.782747745513916 0.0722539871931076 0.05807411406266282
1.7969039678573608 0.07319608330726624 0.058432659995806276
1.8112668991088867 0.07412974536418915 0.05956575699827968
1.8258939981460571 0.07508721202611923 0.06002279973888962
1.8401416540145874 0.07622499763965607 0.05986902586453252
1.854522705078125 0.07714921236038208 0.06036155038044175
1.868817925453186 0.07789888978004456 0.06036155038044175
1.882117748260498 0.07868494093418121 0.0604223620252862
1.9017348289489746 0.0800904631614685 0.06177668991430271
1.916357398033142 0.08085295557975769 0.06292096389748097
1.9306902885437012 0.081753671169281 0.06292096389748097
1.945129632949829 0.082636758685112 0.06477571421150297
1.9587749242782593 0.08365058898925781 0.06521915492591673
1.9736833572387695 0.08480074256658554 0.06561966202946237
1.9881638288497925 0.08576558530330658 0.06550788224336211
2.006894111633301 0.08700292557477951 0.06566694682083925
2.021406888961792 0.08795220404863358 0.06640098942822724
2.035585403442383 0.08897850662469864 0.0674426132169006
2.050096035003662 0.09006430953741074 0.06805790997085652
2.0641396045684814 0.09116479009389877 0.06792771738094426
2.0787007808685303 0.09214610606431961 0.06806410887345779
2.092435121536255 0.09301754832267761 0.06831394639039969
2.106274127960205 0.09416788816452026 0.067484485495666
2.1255080699920654 0.09546808153390884 0.06710180736420297
2.139779567718506 0.09648995101451874 0.0674374949662445
2.153573513031006 0.09726517647504807 0.0679245539633662
2.167771577835083 0.0983620136976242 0.06818799840311213
2.1818995475769043 0.09922076016664505 0.06914236840350704
2.1969878673553467 0.10019442439079285 0.07097689439830732
2.2113583087921143 0.10122061520814896 0.07200113469298353
2.225163221359253 0.10232576727867126 0.07358841875734533
2.244478940963745 0.103923499584198 0.07425669380429341
2.2587342262268066 0.10514551401138306 0.07461096559417403
2.272326707839966 0.10604748129844666 0.07520648065663413
2.286562919616699 0.10710117220878601 0.07535927225422782
2.301771402359009 0.10835853219032288 0.07509511785944896
2.3159823417663574 0.10943228751420975 0.07509514019546736
2.330111026763916 0.11052057147026062 0.07485601868220286
2.3436853885650635 0.11166588217020035 0.07361102285123819
2.362534523010254 0.11322630196809769 0.07336834049631845
2.3771047592163086 0.11432655900716782 0.07372280812064795
2.3915226459503174 0.11557497084140778 0.07400697776329658
2.4060416221618652 0.11664818972349167 0.07479796718172314
2.4203906059265137 0.11774393171072006 0.07551504263785559
2.4344496726989746 0.1187271922826767 0.07551502030412778
2.449082612991333 0.11992701888084412 0.07649525221618135
2.4630119800567627 0.12099003046751022 0.07672725728774925
2.482560873031616 0.12269530445337296 0.07644950146616243
2.497037410736084 0.12389989197254181 0.07652986040244131
2.511000871658325 0.12503008544445038 0.07641092885223152
2.525048017501831 0.1261921226978302 0.0768479045259999
2.539515495300293 0.12734061479568481 0.07662643858397526
2.554036855697632 0.12847958505153656 0.07619185113892964
2.5682315826416016 0.12977264821529388 0.0769916040748867
2.582411527633667 0.13082562386989594 0.07682667889673697
2.601776599884033 0.1324768364429474 0.07705219855212303
2.616217851638794 0.13369974493980408 0.07732987251660303
2.630189895629883 0.13479608297348022 0.0772664595623247
2.644508123397827 0.13580945134162903 0.07749602880453041
2.6589465141296387 0.13689246773719788 0.07768480927884651
2.673189401626587 0.13786552846431732 0.07768478695168533
2.6876988410949707 0.1390841007232666 0.07696494126167405
2.7017171382904053 0.14023379981517792 0.07667722367239513
2.7204995155334473 0.14182035624980927 0.07576857005876653
2.734790325164795 0.14290188252925873 0.07492256825544061
2.7484891414642334 0.14403726160526276 0.07538499828705282
2.76267409324646 0.14527173340320587 0.07647605601304693
2.777277708053589 0.14653626084327698 0.07670060523107458
2.7914376258850098 0.14765064418315887 0.07721735876849097
2.8058743476867676 0.14886005222797394 0.07742474864729099
2.8195395469665527 0.14988844096660614 0.07782715432422005
2.838568925857544 0.15148526430130005 0.07782719155007013
2.8528354167938232 0.15258847177028656 0.07923557095055582
2.8669047355651855 0.1538676917552948 0.07923557095055582
2.8814806938171387 0.15502551198005676 0.08114887641926721
2.8958873748779297 0.15627463161945343 0.0831983686780983
2.910292625427246 0.15737520158290863 0.08310014588618365
2.9241411685943604 0.1585734635591507 0.08299146814319554
2.9381375312805176 0.15975242853164673 0.08365826212715545
2.9519317150115967 0.16091668605804443 0.08309592794926389
2.97161865234375 0.1627165675163269 0.08299410226231128
2.985842704772949 0.16397568583488464 0.0829940799286444
2.9999914169311523 0.16527684032917023 0.08299406504048724
3.014133930206299 0.16619454324245453 0.08361063332056537
3.0284194946289062 0.1673583835363388 0.0836107003140059
3.0426864624023438 0.16839438676834106 0.08322185991370858
3.0565226078033447 0.16964036226272583 0.08134614838949472
3.0708866119384766 0.1708749532699585 0.08130349884108326
3.09040904045105 0.17253977060317993 0.08099546681948988
3.1044094562530518 0.17379386723041534 0.08049695492350468
3.118415117263794 0.17490196228027344 0.08070985114203416
3.132545232772827 0.17596052587032318 0.0801732336744872
3.1466031074523926 0.17698992788791656 0.07874379209548404
3.160905122756958 0.17819546163082123 0.07769339524210166
3.1748340129852295 0.17910046875476837 0.07722898904656712
3.1937530040740967 0.1807621866464615 0.07660036219233546
3.2081072330474854 0.18208655714988708 0.0764508558103272
3.2218737602233887 0.18337149918079376 0.07670306169892807
3.235867500305176 0.18443626165390015 0.07589940604715557
['bump_right']
3.248638868331909 0.1859072744846344 0.07050660259552789
3.2497730255126953 0.1862087845802307 0.05528696484489677
3.2483108043670654 0.18567514419555664 0.05749151566231642
3.2440080642700195 0.18548020720481873 0.06172422166795787
3.2371957302093506 0.18435464799404144 0.05830545003326088
3.230238914489746 0.183961883187294 0.05477172284123318
3.2226786613464355 0.18363456428050995 0.05384173367405781
3.2155275344848633 0.18325242400169373 0.05425915295568933
3.208754539489746 0.1828460395336151 0.05460268328305987
3.201967477798462 0.18244963884353638 0.05490642389515103
3.1957995891571045 0.18210183084011078 0.05713212966925894
3.19132924079895 0.1818610578775406 0.0671522798694342
3.18731951713562 0.18177755177021027 0.10043747563712169
3.1856045722961426 0.18163861334323883 0.1335858687750028
3.184987783432007 0.18146905303001404 0.17408303545313825
3.1850359439849854 0.18153689801692963 0.22320272528730595
3.1855125427246094 0.18143042922019958 0.2724960601892844
3.1855554580688477 0.18130478262901306 0.31895051761261506
3.1854665279388428 0.1812150925397873 0.3649917494074705
3.18538761138916 0.1811048835515976 0.41318102193997386
3.1855664253234863 0.1809542179107666 0.47530181631132284
3.185591697692871 0.18080271780490875 0.5207761944747049
3.1854209899902344 0.1807514727115631 0.5687923615581791
3.1853182315826416 0.18059776723384857 0.6154589587726988
3.185283899307251 0.18040494620800018 0.6622075528316274
3.1851277351379395 0.1802857220172882 0.70823154777773
3.1848185062408447 0.18020492792129517 0.7563934772801184
3.184774160385132 0.18010729551315308 0.8029651467620388
3.1847753524780273 0.18008072674274445 0.8657122231002259
3.184748649597168 0.18002192676067352 0.9134603371112219
3.1848673820495605 0.18008284270763397 0.9604913371366266
3.184843063354492 0.17984573543071747 1.0072640323619346
3.1848056316375732 0.17962639033794403 1.0542270933824396
3.1848251819610596 0.17952291667461395 1.101486804399958
3.184983015060425 0.17951320111751556 1.1480025725278127
3.1851394176483154 0.17944809794425964 1.1945248629548335
3.18524432182312 0.17924359440803528 1.2575099201121087
3.1853394508361816 0.17935551702976227 1.3048423008247423
3.18540358543396 0.17947091162204742 1.3533062745869642
3.185596227645874 0.17949941754341125 1.4004743423953276
3.185824394226074 0.18046705424785614 1.444716082809794
3.1860692501068115 0.18283942341804504 1.4862981917103457
3.1863481998443604 0.18713262677192688 1.5206493241350512
3.186523675918579 0.19311833381652832 1.5491016679005958
3.1868162155151367 0.20334963500499725 1.5787815887015322
3.1868014335632324 0.21273019909858704 1.5949815202903181
3.1863064765930176 0.22354812920093536 1.6062497101745754
3.1856443881988525 0.2355276644229889 1.614077664155828
3.1847362518310547 0.24943140149116516 1.616351267458776
3.1838769912719727 0.2643875479698181 1.616239983939273
3.182826280593872 0.2792341411113739 1.6154683913880052
3.1818628311157227 0.2939450740814209 1.6173348013581266
3.1809189319610596 0.30844464898109436 1.618817748938185
3.179879903793335 0.3272341787815094 1.6198205883077201
3.1788220405578613 0.34143203496932983 1.6206806973842038
3.1781115531921387 0.3552245795726776 1.6212999953496863
3.177217960357666 0.3699272871017456 1.621904701503108
3.176093816757202 0.38440001010894775 1.6219043644333355
3.1752004623413086 0.3988140821456909 1.6233921529864803
3.1740870475769043 0.4128964841365814 1.6241307164640664
3.173048973083496 0.42665794491767883 1.625413708556606
3.1720094680786133 0.44574323296546936 1.6258346941517146
3.170884609222412 0.4599177837371826 1.626243255471364
3.170018196105957 0.47368714213371277 1.626243255471364
3.1687114238739014 0.4883331060409546 1.627058109841621
3.1676485538482666 0.5029217004776001 1.628380671532815
3.1666197776794434 0.5169103741645813 1.6281463863801273
3.165494918823242 0.53102046251297 1.6292236619022953
3.164442300796509 0.5449793934822083 1.6302214213117336
3.1627135276794434 0.564028263092041 1.6318562077896839
3.1615028381347656 0.5782740116119385 1.6333160809470815
3.1603567600250244 0.5924546718597412 1.633682949878122
3.159309148788452 0.6070419549942017 1.634346862800619
3.158259630203247 0.6213639974594116 1.634246695043431
3.157186269760132 0.6354100704193115 1.634246695043431
3.156132459640503 0.6494430899620056 1.6338286639785948
3.1544058322906494 0.6687835454940796 1.634250433492759
3.1533305644989014 0.6829631328582764 1.6354892892798452
3.1520864963531494 0.697084367275238 1.6360938252013064
3.15089750289917 0.711059033870697 1.6382579099452752
3.1496331691741943 0.7254506349563599 1.6382579099452752
3.1484854221343994 0.74009108543396 1.638689172947773
3.1472737789154053 0.7539500594139099 1.6398533271382585
3.145972967147827 0.7683822512626648 1.6407411241160659
3.1443238258361816 0.7880448698997498 1.6432232705399104
3.143033504486084 0.8021356463432312 1.6441143032710013
3.141894817352295 0.8161519169807434 1.645370183069027
3.1407065391540527 0.8297860026359558 1.645370183069027
3.1394999027252197 0.8441847562789917 1.645370183069027
3.1382906436920166 0.858870804309845 1.6455525988164337
3.136953592300415 0.8731428384780884 1.6450434168145922
3.1354854106903076 0.8874725699424744 1.6456293645354774
3.1341896057128906 0.901449978351593 1.6473340267236867
3.1323771476745605 0.920229971408844 1.6474052720376726
3.1310291290283203 0.9343708753585815 1.6477504826364209
3.129660129547119 0.9484958052635193 1.647691268032044
3.1280529499053955 0.9630627036094666 1.6481514694567294
3.126838445663452 0.9775441884994507 1.649864185249907
3.125310182571411 0.9917110800743103 1.6508725064913867
3.1239922046661377 1.005919337272644 1.6529430759572878
3.1223440170288086 1.0249531269073486 1.653403073669681
3.121058225631714 1.0388500690460205 1.6541165171251224
3.1199164390563965 1.0531396865844727 1.6538993405228715
3.118515968322754 1.0673998594284058 1.6534351169752721
3.1173059940338135 1.0815131664276123 1.65397688583796
3.1158578395843506 1.09586763381958 1.65397688583796
3.1145777702331543 1.1102184057235718 1.6544302117071654
3.113461494445801 1.1243464946746826 1.6552567387181205
3.1116011142730713 1.1433244943618774 1.6555642216793023
3.110424518585205 1.15773344039917 1.6568040162387645
3.1091294288635254 1.1719341278076172 1.6571620194627255
3.107828140258789 1.186082124710083 1.6577429085013649
3.1067545413970947 1.1990084648132324 1.658972909581208
3.105717897415161 1.209601879119873 1.658706334867688
3.1048429012298584 1.2194247245788574 1.66010787871876
3.103846311569214 1.2296890020370483 1.6613982744092024
3.1023800373077393 1.244471549987793 1.662534363190376
3.101513385772705 1.255014181137085 1.6630951684436717
3.1005284786224365 1.2653690576553345 1.6633929512321532
3.0995941162109375 1.275705099105835 1.6633929512321532
3.098621129989624 1.2863599061965942 1.6633929512321532
3.0978851318359375 1.296754240989685 1.664277105708596
3.0969247817993164 1.307228922843933 1.664277105708596
3.096011161804199 1.318058967590332 1.6660326463469755
3.094876527786255 1.332505702972412 1.6665104816485732
3.093931198120117 1.3434202671051025 1.6665393776860327
3.0929949283599854 1.354034662246704 1.6671937803859678
3.0920262336730957 1.3644890785217285 1.6671937803859678
3.0910778045654297 1.3754957914352417 1.6677175327208529
['bump_front_center']
3.090050458908081 1.3849692344665527 1.6669566851637263
3.089839458465576 1.3871663808822632 1.6640644970158902
3.090256452560425 1.3864219188690186 1.6665022473545483
3.0905063152313232 1.3841478824615479 1.6657776469343617
3.0909624099731445 1.3794937133789062 1.6649340140780562
3.091672420501709 1.372703194618225 1.664880492496296
3.092491388320923 1.3653112649917603 1.6649691760267793
3.0934126377105713 1.358167052268982 1.6649691760267793
3.0941007137298584 1.35141921043396 1.6648538523203233
3.0949954986572266 1.3442692756652832 1.6647015345967502
3.095707654953003 1.3374216556549072 1.6652903721146692
3.0966765880584717 1.3283324241638184 1.6660155079323162
3.097602605819702 1.3213708400726318 1.6660155079323162
3.098034143447876 1.3159412145614624 1.6717637397952212
3.0982139110565186 1.3127615451812744 1.6882456421572942
3.098478317260742 1.3105121850967407 1.713280326549549
3.098647356033325 1.3089170455932617 1.7455693418615859
3.0986757278442383 1.308335542678833 1.7889999467670048
3.098823070526123 1.3086198568344116 1.839327167623811
3.0988962650299072 1.3090455532073975 1.9044543737860145
3.0990962982177734 1.309085726737976 1.9520341395328573
3.099290370941162 1.3088698387145996 1.9999763187034485
3.099442720413208 1.308972716331482 2.047786294925851
3.099529266357422 1.3090533018112183 2.0960069207008676
3.0997121334075928 1.3091427087783813 2.1421616604144473
3.099929094314575 1.309153437614441 2.188891813767137
3.100116014480591 1.309285044670105 2.234815624789873
3.1002211570739746 1.3092421293258667 2.2971865728954994
3.1003425121307373 1.3090676069259644 2.345592513340551
3.1004512310028076 1.3091055154800415 2.393194691779187
3.100564479827881 1.3091943264007568 2.44050525232787
3.1007080078125 1.3090405464172363 2.4889263705451956
3.100815534591675 1.308975338935852 2.5354311955968822
3.101006507873535 1.308961033821106 2.582996389696423
3.101138114929199 1.3091787099838257 2.6300535513978285
3.1013355255126953 1.3091778755187988 2.6942524774357457
3.101470708847046 1.3090871572494507 2.7413353899330355
3.101367235183716 1.3091984987258911 2.788926161831872
3.1016628742218018 1.3090447187423706 2.8362490965067084
3.1016881465911865 1.3092387914657593 2.8833768208343638
3.101813316345215 1.3091572523117065 2.929600952037614
3.1018476486206055 1.3091788291931152 2.978007797221519
3.1010947227478027 1.309438705444336 3.0263152078631763
3.0975635051727295 1.3097708225250244 3.0807476066122086
3.092489004135132 1.3100168704986572 3.111672879061216
3.086216688156128 1.310145616531372 3.1396646498848617
3.0784146785736084 1.310014009475708 -3.1222062122381207
3.068598508834839 1.3096461296081543 -3.103983163598904
3.0584492683410645 1.3090704679489136 -3.0912985800125465
3.046396017074585 1.3081276416778564 -3.084041590478705
3.0327723026275635 1.3071162700653076 -3.0814332996559046
3.013137102127075 1.3054667711257935 -3.081667662069698
2.9984843730926514 1.3040639162063599 -3.0800745429409293
2.9841976165771484 1.3030682802200317 -3.079685687817442
2.9697234630584717 1.3015217781066895 -3.0799546272348275
2.9548532962799072 1.3003827333450317 -3.0765285528413826
2.9414305686950684 1.299220085144043 -3.077379937950618
2.9276859760284424 1.2982616424560547 -3.078343157782682
2.913633346557617 1.2970070838928223 -3.078910106399695
2.8942062854766846 1.2953699827194214 -3.078516242619315
2.879955291748047 1.294010043144226 -3.0786368856080184
2.86574125289917 1.2928954362869263 -3.0788621900683006
2.8515207767486572 1.291788935661316 -3.0791370807682767
2.837522506713867 1.2909157276153564 -3.0801594258172957
2.8234493732452393 1.2899776697158813 -3.0805733174809777
2.8090968132019043 1.2889994382858276 -3.081214425084908
2.794605016708374 1.2879998683929443 -3.0804107152726483
2.775141954421997 1.2865805625915527 -3.0788450200564963
2.760525941848755 1.2856152057647705 -3.076601032213157
2.746141195297241 1.284670352935791 -3.0752291676217833
2.7317614555358887 1.283610224723816 -3.074032539329496
2.717609167098999 1.282463788986206 -3.072205062507776
2.7033133506774902 1.2814507484436035 -3.0715989979938088
2.688765525817871 1.2803056240081787 -3.0709602862681025
2.674116849899292 1.2792224884033203 -3.0695531330549444
2.6548643112182617 1.2776944637298584 -3.0691044346238745
2.6404600143432617 1.2763139009475708 -3.067844391112765
2.6261088848114014 1.2751975059509277 -3.0668246814121494
2.6116137504577637 1.274017095565796 -3.066175936186632
2.596883773803711 1.2729703187942505 -3.064937599411354
2.5821938514709473 1.2718851566314697 -3.0643751610184493
2.567681074142456 1.270655870437622 -3.063699732014658
2.553267478942871 1.2695375680923462 -3.061583522528226
2.5382957458496094 1.2681365013122559 -3.0601539598451266
2.5192930698394775 1.2665287256240845 -3.057931662096511
2.5045132637023926 1.265331506729126 -3.0558357222873016
2.489187240600586 1.2642027139663696 -3.0526282714470856
2.4748988151550293 1.263127326965332 -3.051653144521048
2.4601311683654785 1.2617353200912476 -3.0503008411053427
2.445953845977783 1.2605260610580444 -3.0486772118013867
2.431316614151001 1.2591785192489624 -3.048119305096015
2.4119620323181152 1.2575702667236328 -3.047220230993166
2.397695302963257 1.2561402320861816 -3.045783050444482
2.382490873336792 1.254616141319275 -3.0438821252269617
2.367858409881592 1.2531397342681885 -3.042491194174327
2.3540267944335938 1.2516769170761108 -3.0407853100903575
2.3398327827453613 1.2502899169921875 -3.0388681871014946
2.325843095779419 1.2488973140716553 -3.0374617483169315
2.3112576007843018 1.2473235130310059 -3.035186523804675
2.2919392585754395 1.245141625404358 -3.033209087880058
2.2776527404785156 1.2434313297271729 -3.0306687360255298
2.263272523880005 1.2416716814041138 -3.0291166293752574
2.2489333152770996 1.2400641441345215 -3.026988991812854
2.234945774078369 1.2381917238235474 -3.026184085245161
2.2208828926086426 1.2366325855255127 -3.0249073466183605
2.2069294452667236 1.2348695993423462 -3.023981814460335
2.192312717437744 1.2330228090286255 -3.0226211426338963
2.1734771728515625 1.2304967641830444 -3.0209145567492532
2.159510612487793 1.2288802862167358 -3.018549443222846
2.145231008529663 1.2268842458724976 -3.0179367108610946
2.1307735443115234 1.225203275680542 -3.015789758463582
2.1166980266571045 1.2231496572494507 -3.0130357856607084
2.10241961479187 1.2212573289871216 -3.0108380262570207
2.0883708000183105 1.219252586364746 -3.0088713208834084
2.073988437652588 1.2174326181411743 -3.006930588752497
2.0552165508270264 1.214855432510376 -3.0045197081603225
2.041067361831665 1.2128351926803589 -3.0036439949826375
2.0264816284179688 1.2105042934417725 -3.0025253511665513
2.0118494033813477 1.208556890487671 -2.9994621097688072
1.9980090856552124 1.2063322067260742 -2.9990730202835927
1.984290599822998 1.2044278383255005 -2.997773638545801
1.9703859090805054 1.2024683952331543 -2.997297987140344
1.956046462059021 1.2001967430114746 -2.9975409485623885
1.9369274377822876 1.1973295211791992 -2.994948369105309
1.9225988388061523 1.1949353218078613 -2.9936201730257337
1.9080134630203247 1.19277024269104 -2.9920380212156124
1.8935881853103638 1.1904451847076416 -2.9902045770269807
1.8794410228729248 1.1883151531219482 -2.9890716139032545
1.8650932312011719 1.1861985921859741 -2.9892199046711276
1.850834846496582 1.1837975978851318 -2.989927540241658
1.8364605903625488 1.181522011756897 -2.9874873183431605
1.8170795440673828 1.1784559488296509 -2.9862527748513665
1.802551507949829 1.176124095916748 -2.985139857683807
1.7883293628692627 1.173820972442627 -2.9840927137896873
1.7740777730941772 1.1714786291122437 -2.982135296804384
1.7597891092300415 1.1690555810928345 -2.9814930128139348
1.7453699111938477 1.1668000221252441 -2.9810156795165126
1.730954647064209 1.164302945137024 -2.980040560686722
1.7165935039520264 1.1618423461914062 -2.9789469346554958
1.7024028301239014 1.1591886281967163 -2.9789469346554958
1.6832693815231323 1.1559678316116333 -2.977326411926787
1.6689839363098145 1.1534982919692993 -2.976877707032709
1.6548855304718018 1.1512072086334229 -2.974711168841099
1.6401716470718384 1.1487672328948975 -2.974476101358723
1.6259969472885132 1.1461327075958252 -2.974476101358723
1.611818790435791 1.1438325643539429 -2.9735317177647165
1.5974929332733154 1.1413559913635254 -2.973449242965945
1.5832130908966064 1.1389504671096802 -2.973351955112596
1.5641555786132812 1.1357002258300781 -2.974396925894575
1.549879789352417 1.1332576274871826 -2.974015012952442
1.5352119207382202 1.1308785676956177 -2.9738643249276806
1.5210357904434204 1.128363013267517 -2.9750904875895348
1.5069149732589722 1.125870704650879 -2.9750904875895348
1.4927691221237183 1.1235493421554565 -2.9750712061294604
1.4785211086273193 1.1210284233093262 -2.9748287103382833
1.4592208862304688 1.1176115274429321 -2.9732220262161495
1.4446752071380615 1.1150089502334595 -2.9727854746909514
1.4301973581314087 1.1125071048736572 -2.9712188104795145
1.415856957435608 1.1101709604263306 -2.970584378881374
1.4018968343734741 1.1076862812042236 -2.970584378881374
1.387635588645935 1.1052169799804688 -2.9703288006960658
1.3730502128601074 1.1028374433517456 -2.9703288006960658
1.358309030532837 1.1001049280166626 -2.9700634346332073
1.3441518545150757 1.097790002822876 -2.9704403933554024
1.3248157501220703 1.0941028594970703 -2.9704403933554024
1.310238242149353 1.0917543172836304 -2.9703650527971193
1.2963109016418457 1.0892146825790405 -2.970137365891712
1.2817975282669067 1.0867223739624023 -2.969632149468447
1.2675559520721436 1.0841035842895508 -2.969857921828998
1.252971887588501 1.0816659927368164 -2.969857921828998
1.2383068799972534 1.079217791557312 -2.9692440124012305
1.2195568084716797 1.0760101079940796 -2.96861958830643
1.2049225568771362 1.0733933448791504 -2.9678466283987226
1.190430998802185 1.0708945989608765 -2.968434091682474
1.175796389579773 1.0680179595947266 -2.968113426812489
1.161693811416626 1.0655901432037354 -2.96862553218599
1.1473324298858643 1.0628529787063599 -2.9687216278718513
1.1332553625106812 1.0603960752487183 -2.9694626177467756
1.118967056274414 1.0578335523605347 -2.970350757439126
1.1046760082244873 1.0553194284439087 -2.9713206333904867
1.0855146646499634 1.051900029182434 -2.972197780448016
1.070629596710205 1.0492826700210571 -2.972310084871526
1.0563634634017944 1.046945333480835 -2.973143087993296
1.0424968004226685 1.0444509983062744 -2.9728865690169433
1.0281277894973755 1.0419845581054688 -2.9720809525340237
1.0138133764266968 1.0395145416259766 -2.972154360854403
0.9994354248046875 1.0369365215301514 -2.972065195809934
0.9847092032432556 1.034498929977417 -2.9707372272703725
0.9653245210647583 1.0311534404754639 -2.9695138796899285
0.9508976936340332 1.0287129878997803 -2.969061858266914
0.9366806149482727 1.026417851448059 -2.968655604559207
0.9224525094032288 1.0240057706832886 -2.9683196466907633
0.9080153107643127 1.0213454961776733 -2.9686639359956675
0.8931880593299866 1.0187984704971313 -2.968783144437898
0.8787628412246704 1.0163986682891846 -2.9684474421845204
0.8642893433570862 1.01399827003479 -2.9692306469455585
0.8449644446372986 1.0104708671569824 -2.96972729282894
0.8308066725730896 1.0081075429916382 -2.96972729282894
0.8166977167129517 1.0057487487792969 -2.969470503266474
0.8017480969429016 1.0030614137649536 -2.9687717032365475
0.7874431014060974 1.0004431009292603 -2.9688348764683514
0.7726011276245117 0.9977743029594421 -2.9687237777839726
0.7582575082778931 0.9953149557113647 -2.969077345759469
0.7442781925201416 0.9929311871528625 -2.968718058023743
0.7244110703468323 0.989449143409729 -2.968718058023743
0.7096047401428223 0.9868801832199097 -2.9678170655946685
0.6955705881118774 0.984572172164917 -2.967355254392657
0.680744469165802 0.9819557666778564 -2.9675559916197023
0.6670606732368469 0.9796162247657776 -2.9688527513838565
0.6524471640586853 0.9771061539649963 -2.9698746198716544
0.6379544138908386 0.9746679067611694 -2.9707915817718953
0.6183800101280212 0.971367597579956 -2.971025948532591
0.6038408875465393 0.9688827991485596 -2.9711537391247687
0.5895082950592041 0.9664195775985718 -2.970862392442115
0.5753133296966553 0.9640288949012756 -2.970917937337654
0.5608993172645569 0.9615665078163147 -2.9707500775565343
0.546050488948822 0.95899897813797 -2.970402007549099
0.5316521525382996 0.9565784335136414 -2.9708907564466345
0.5174153447151184 0.954028844833374 -2.9710345342779414
0.4975123107433319 0.9506996870040894 -2.9710345342779414
0.48302239179611206 0.9481859803199768 -2.970938923258781
0.46903756260871887 0.9455887675285339 -2.970938923258781
0.4550681710243225 0.9431686401367188 -2.970938923258781
0.44054821133613586 0.9408647418022156 -2.9703950872883693
0.42551082372665405 0.9382103085517883 -2.9703950872883693
0.4109487533569336 0.9358541369438171 -2.9685177771354234
0.3970761299133301 0.9333504438400269 -2.968988173963497
0.3826049268245697 0.930881679058075 -2.968988173963497
0.36268627643585205 0.9275403022766113 -2.9674732712772265
0.34882330894470215 0.9252609610557556 -2.965954779331866
0.3341057300567627 0.9225887656211853 -2.964868303152163
0.3192099332809448 0.9201156497001648 -2.9643468855181956
0.3053153455257416 0.9177181720733643 -2.9643468855181956
0.29062023758888245 0.9150818586349487 -2.9643468855181956
0.27649059891700745 0.9126124382019043 -2.9633357481882654
0.2567179203033447 0.9090114235877991 -2.962850562418988
0.24218472838401794 0.9063858389854431 -2.9626312233465484
0.22787782549858093 0.9038169980049133 -2.962084038597323
0.21351157128810883 0.9013410806655884 -2.9618048677613653
0.1990291178226471 0.8987987637519836 -2.963493108409501
0.18459659814834595 0.896351158618927 -2.9634621056392234
0.17032283544540405 0.8938096761703491 -2.964108229421436
0.15630768239498138 0.891228437423706 -2.964678771036788
0.14169132709503174 0.8887840509414673 -2.964180943450439
0.12240509688854218 0.885298490524292 -2.9644212784779835
0.10830701142549515 0.8828802108764648 -2.9644212784779835
0.09424244612455368 0.8804852962493896 -2.9636676417833714
0.07997927814722061 0.87801593542099 -2.9631779052496103
0.06487090140581131 0.8752752542495728 -2.963172676306417
0.05059501528739929 0.8727554082870483 -2.9630176931899483
0.03635120391845703 0.8701506853103638 -2.9623060193843505
0.021715084090828896 0.8675483465194702 -2.962055435282332
0.0023803352378308773 0.8639901876449585 -2.962055435282332
-0.011920236051082611 0.8613899946212769 -2.9616589648634317
-0.026463618502020836 0.8587329983711243 -2.961878544688485
['cliff_front_right']
-0.04089871793985367 0.8561995029449463 -2.9618608997850076
['cliff_front_left', 'cliff_front_right']
-0.047329794615507126 0.8551986217498779 -2.961369991790137
-0.048602283000946045 0.8550409078598022 -2.961671821281342
-0.04711548984050751 0.8552325963973999 -2.963981622317438
['cliff_front_right']
-0.04246734455227852 0.8561701774597168 -2.9649534407397655
-0.03380585089325905 0.8576749563217163 -2.964486597706303
-0.02599668689072132 0.8590278029441833 -2.9642004982610737
-0.01817038282752037 0.8604162335395813 -2.9642004982610737
-0.0103145195171237 0.8618725538253784 -2.9648358720968986
-0.0023247324861586094 0.8631212115287781 -2.964604137194097
0.0049426620826125145 0.8643916249275208 -2.963277815018114
0.012309780344367027 0.8658076524734497 -2.9628786913921976
0.022575348615646362 0.86747145652771 -2.962335825974956
0.029161997139453888 0.8687260150909424 -2.9575324075849583
0.03435441106557846 0.8697736263275146 -2.9472663428374557
0.03822232037782669 0.8704690933227539 -2.925437922373985
0.04095697030425072 0.8710570335388184 -2.8975238889176986
0.0426081120967865 0.8714264631271362 -2.8648767565208755
0.04230266436934471 0.8716301321983337 -2.8539259283893585
0.042256154119968414 0.8716209530830383 -2.857948519424103
0.04219856113195419 0.8717241287231445 -2.833305117687358
0.04241674020886421 0.8713807463645935 -2.7649369136387123
0.042151108384132385 0.8715513944625854 -2.715351542121902
0.041865862905979156 0.8715660572052002 -2.6667406678499344
0.041565846651792526 0.8717289566993713 -2.619016158847384
0.041518766433000565 0.8718883991241455 -2.572987766071842
0.041285380721092224 0.8720073699951172 -2.5246935775093835
0.04117101430892944 0.872169017791748 -2.478474830096963
0.04096846282482147 0.8722295165061951 -2.4302931144362963
0.04088554158806801 0.8724127411842346 -2.366557596631929
0.040687840431928635 0.8726249933242798 -2.3211061975417553
0.040596794337034225 0.8728234767913818 -2.272853358500597
0.04025835171341896 0.8728317022323608 -2.2259783715646364
0.04022954776883125 0.8728663921356201 -2.179410410979233
0.039965562522411346 0.8730525374412537 -2.1317088650122824
0.03996070474386215 0.8732648491859436 -2.0863632931176537
0.039712101221084595 0.8733127117156982 -2.037862856157228
0.0395042821764946 0.8733762502670288 -1.97467445468841
0.03932572528719902 0.8734347820281982 -1.9297080148708912
0.03906319662928581 0.8733487129211426 -1.8817829570487414
0.03883441537618637 0.8732987642288208 -1.83369515598409
0.03868534415960312 0.8734521865844727 -1.7860181524878964
0.038438860327005386 0.8734367489814758 -1.7379197597434568
0.038316138088703156 0.8734194040298462 -1.6896440141247953
0.03811860829591751 0.8735645413398743 -1.6409121903682529
0.037729617208242416 0.8722888231277466 -1.578782130656542
0.03760630264878273 0.8692352771759033 -1.5389955652513418
0.037738606333732605 0.8644773364067078 -1.5050988060066777
0.03805987909436226 0.8581708073616028 -1.4747676204276936
0.0387817844748497 0.8504419922828674 -1.4513586424963436
0.03980322554707527 0.8411862850189209 -1.434085383845693
0.04110225290060043 0.8306680917739868 -1.4205526327937739
0.042819950729608536 0.818745493888855 -1.4122581940010632
0.04573160037398338 0.800533652305603 -1.4086980306092811
0.04801361635327339 0.7854278087615967 -1.4085109391161548
0.05027936398983002 0.7710497379302979 -1.4085109391161548
0.052375100553035736 0.7567869424819946 -1.4079675725884844
0.05459422245621681 0.7427926659584045 -1.4076614535179088
0.05680166557431221 0.7286195158958435 -1.407444253045586
0.05900551378726959 0.714177668094635 -1.4075621707145052
0.06204886734485626 0.6951138973236084 -1.4084953301980068
0.06438299268484116 0.6809180378913879 -1.4083192073024025
0.06643059849739075 0.6666416525840759 -1.408448280978154
0.06871407479047775 0.6523361206054688 -1.4086588068723551
0.07085330039262772 0.638039767742157 -1.4080989735092568
0.07314848899841309 0.6237050890922546 -1.40770023553029
0.07544029504060745 0.6091146469116211 -1.408032712979316
0.07749157398939133 0.5950093269348145 -1.4086049083992083
['bump_right']
0.07960884273052216 0.5809460878372192 -1.409881312766477
0.08232659846544266 0.5693610906600952 -1.4177038393540105
0.0817292109131813 0.5708560347557068 -1.4230258701537148
0.08137370645999908 0.5726653933525085 -1.4215501831240271
0.08002108335494995 0.5777449011802673 -1.4192863572320407
0.07905297726392746 0.5834667086601257 -1.4205430148578995
0.07775929570198059 0.5902448296546936 -1.4211212490752874
0.07656405866146088 0.5972410440444946 -1.4215377338951511
0.07501833140850067 0.6065464019775391 -1.4215602489397978
0.07389893382787704 0.6130623817443848 -1.4215602489397978
0.072867251932621 0.619304895401001 -1.4216359987279057
0.07199829816818237 0.6247398853302002 -1.4178394447267408
0.07166754454374313 0.6275865435600281 -1.4027428433049998
0.07138366997241974 0.6297547817230225 -1.377673723544018
0.0710594430565834 0.6312176585197449 -1.3434526874316506
0.07089994102716446 0.6316767334938049 -1.3008842980055195
0.07088425010442734 0.6313722133636475 -1.2505323526475032
0.070645771920681 0.6312763690948486 -1.1850154007455425
0.0703965425491333 0.6313562989234924 -1.1367179722341134
0.07038860768079758 0.6311661601066589 -1.0911760276261135
0.07020789384841919 0.6311113834381104 -1.044046118515154
0.06993195414543152 0.6313759088516235 -0.9973571303411309
0.06971369683742523 0.6314884424209595 -0.9500316538720125
0.06958494335412979 0.6314135193824768 -0.9027483657930278
0.06928268820047379 0.6315011382102966 -0.8562288968605944
0.06900812685489655 0.6313357353210449 -0.7941334197495795
0.0687904879450798 0.631313681602478 -0.7468883852041959
0.068653404712677 0.6311601996421814 -0.6994357903606508
0.06843321770429611 0.6312171816825867 -0.6517617987211103
0.06840766966342926 0.6310439109802246 -0.6037965487429368
0.06828676164150238 0.6309725046157837 -0.5545136804531101
0.06818152964115143 0.6307969093322754 -0.5051231492400977
0.06792555749416351 0.6306889653205872 -0.45955661279984433
0.0677819699048996 0.63079833984375 -0.3973338978948478
0.06768529117107391 0.6305385231971741 -0.35151420133086864
0.06745614111423492 0.6303141117095947 -0.30604777678056283
0.06716752797365189 0.6303777098655701 -0.2577343006343315
0.06689704954624176 0.6304195523262024 -0.20961863124646182
0.06682882457971573 0.630288302898407 -0.16444882849199396
0.0665348619222641 0.6302862763404846 -0.1184600437880761
0.06737019866704941 0.6301007866859436 -0.07306404884547286
0.07065021991729736 0.6299349665641785 -0.018160293210190963
0.07500280439853668 0.6299570202827454 0.014748531986897183
0.08117680251598358 0.6301776170730591 0.04281370362443934
0.08901067078113556 0.6304686665534973 0.06665557410289953
0.09827546775341034 0.6311655044555664 0.08568761858213672
0.10860121250152588 0.6319891810417175 0.0995171847343821
0.12060542404651642 0.6332285404205322 0.10693033467351569
0.13369375467300415 0.6346960663795471 0.1107160951559355
0.15283377468585968 0.6368619203567505 0.10907708649760188
0.16708552837371826 0.6387893557548523 0.10962541859321903
0.18106402456760406 0.6403509974479675 0.10969216056717462
0.19556042551994324 0.6421312093734741 0.10917273995663623
0.21014192700386047 0.6437140107154846 0.10898102881275411
0.22390571236610413 0.6452980637550354 0.10822073835783992
0.23800218105316162 0.6469672918319702 0.10818615973271237
0.2517731487751007 0.6485611796379089 0.10825404180222904
0.2708667516708374 0.6508345603942871 0.10854582849961544
0.28515690565109253 0.6523830890655518 0.10977106910333796
0.29940658807754517 0.654045820236206 0.10973365756617705
0.3134689927101135 0.6555932760238647 0.11017116079742212
0.3278607428073883 0.6571112275123596 0.11073974663944662
0.341848760843277 0.6585374474525452 0.11080982709116953
0.3560391366481781 0.6601609587669373 0.11144738227916721
0.3701311945915222 0.6618294715881348 0.11255243177343664
0.38904866576194763 0.6640064716339111 0.11297226144918043
0.4029671847820282 0.6654616594314575 0.11297228376885406
0.4169122576713562 0.6671332120895386 0.11232903475839709
0.43109238147735596 0.6686674356460571 0.11087875848113048
0.445692241191864 0.6702141761779785 0.11022908549424025
0.4601491093635559 0.6719925403594971 0.11019477507350718
0.47442352771759033 0.6736168265342712 0.11062630074356233
0.4933214783668518 0.6755923628807068 0.1116886682076366
0.5073390007019043 0.6771195530891418 0.1114255001675282
0.5212394595146179 0.6786491274833679 0.11014024796656917
0.5353531241416931 0.6802940964698792 0.11014027028245621
0.5497443675994873 0.6819201707839966 0.10931347470347566
0.563938319683075 0.6834226250648499 0.10931351933818174
0.5778019428253174 0.6847463846206665 0.1095464574861856
0.5917468070983887 0.6863804459571838 0.10993316641257672
0.606217622756958 0.6879522800445557 0.111288790943915
0.624840259552002 0.6901540756225586 0.10981870911448227
0.639105498790741 0.6916279792785645 0.10965539135031935
0.6531380414962769 0.6933497786521912 0.10930296514660404
0.6674988865852356 0.6947010159492493 0.10803481595801402
0.6812455654144287 0.6962713599205017 0.10681264913727122
0.6952884197235107 0.697677731513977 0.10680310851839356
0.7096593379974365 0.6991620659828186 0.1075722372916123
0.7240006923675537 0.7006394267082214 0.10869497538834895
0.7428610324859619 0.7025784850120544 0.10974855126594317
0.756845235824585 0.7040805220603943 0.11014166040440015
0.7708041667938232 0.7056060433387756 0.10918792315994129
0.7852103114128113 0.7070280909538269 0.10965239843839074
0.7990726828575134 0.708530068397522 0.10883748196533265
0.8133613467216492 0.7101520299911499 0.10859722598075121
0.827512800693512 0.7115590572357178 0.1097442592602186
0.8415532112121582 0.7131956219673157 0.11006853287582906
0.8603495359420776 0.715071439743042 0.11025122957659715
0.8741058111190796 0.7165854573249817 0.10964398120708357
0.8885841369628906 0.7181025147438049 0.11004406674733717
0.9033098816871643 0.7196677923202515 0.11045867462130922
0.9172667860984802 0.7211456298828125 0.11074292878153735
0.9313402771949768 0.7226186394691467 0.11156658756339136
0.9453201293945312 0.7241092324256897 0.11190474731329772
0.9595457315444946 0.7258442640304565 0.11244436765224416
0.9787501692771912 0.7279635071754456 0.11369055557113357
0.9925521612167358 0.7296576499938965 0.11334218759881266
1.0066063404083252 0.7312088012695312 0.11333811640674175
1.0212451219558716 0.7328471541404724 0.1122473802841967
1.0349801778793335 0.734266459941864 0.1124555670429366
1.0492030382156372 0.7356143593788147 0.11207162036469105
1.0633928775787354 0.7372590899467468 0.11191949484277884
1.078006625175476 0.7387722730636597 0.11249349146792254
1.0969423055648804 0.7410253882408142 0.11089326300607204
1.1109728813171387 0.7425768375396729 0.11122277743736829
1.1251530647277832 0.7439792156219482 0.11079022043459849
1.1398961544036865 0.7456712126731873 0.11079024275469515
1.1540268659591675 0.7472216486930847 0.11073972130572898
1.1682651042938232 0.7487888932228088 0.11127436410163885
1.182421326637268 0.7503355741500854 0.11187762973456088
1.1968514919281006 0.7519928812980652 0.11205985472203762
1.2157889604568481 0.7540942430496216 0.11249119961841904
1.2298614978790283 0.7557104825973511 0.11255536223461216
1.244430422782898 0.7574514746665955 0.11258710276231212
1.2588621377944946 0.7590469717979431 0.11278638943526838
1.2728261947631836 0.7606073021888733 0.11278636711077261
1.287137508392334 0.7623007893562317 0.11232124753012623
1.301018476486206 0.7638998627662659 0.11236059730618045
1.3154891729354858 0.7655878663063049 0.11245407269350427
1.334695816040039 0.7676005363464355 0.11314077768582555
1.348845362663269 0.7693442106246948 0.1133615947565171
1.3629237413406372 0.7707503437995911 0.11408829984216642
1.3775144815444946 0.7724148631095886 0.11363175524358554
1.3914071321487427 0.7741826176643372 0.11348996770079514
1.4058305025100708 0.7757796049118042 0.11526872307878429
1.4202021360397339 0.7774037718772888 0.11526872307878429
1.434496521949768 0.779060423374176 0.11561156590515967
1.4530770778656006 0.7813937067985535 0.11529279262613949
1.466984748840332 0.7829597592353821 0.11510134119805743
1.481075644493103 0.7845611572265625 0.11510131888283084
1.495671272277832 0.7861987948417664 0.1143006752977509
1.509955644607544 0.7878584265708923 0.11417714823389495
1.5242176055908203 0.7893362045288086 0.11444227383391727
1.5382452011108398 0.790887713432312 0.11433571383924383
1.5525211095809937 0.7926061153411865 0.11433573615569848
1.5713919401168823 0.7946094274520874 0.11390393125712467
1.5856064558029175 0.7962620258331299 0.11390390894067116
1.6000419855117798 0.7978889346122742 0.11407697666149288
1.614820957183838 0.7997592091560364 0.11405408728083889
1.6283963918685913 0.8013951182365417 0.11414110049513435
1.6426599025726318 0.8030291199684143 0.11300615824633517
1.656985878944397 0.8045722246170044 0.11270336733619707
1.6713149547576904 0.8060685992240906 0.11284146198195937
1.6904712915420532 0.8081313371658325 0.11278192686519913
1.7045496702194214 0.8096063733100891 0.11267865697574347
1.718825340270996 0.8112499713897705 0.11267863466117771
1.7334877252578735 0.8131101727485657 0.11161736224136151
1.7471818923950195 0.8147303462028503 0.11056379239497867
1.7615197896957397 0.8164029121398926 0.11087471430427337
1.7760593891143799 0.8180958032608032 0.11241308977460533
1.790434718132019 0.819832980632782 0.11278981043886505
1.8093808889389038 0.8219627141952515 0.11299106700295933
1.8235955238342285 0.8235442042350769 0.1134736275385541
1.8378729820251465 0.825218915939331 0.11317011247468932
1.8522603511810303 0.8270050883293152 0.11243838449270566
1.8668789863586426 0.8285325169563293 0.1122147504858428
1.8810384273529053 0.8301918506622314 0.1118139653863129
1.8952224254608154 0.8316676616668701 0.11116020456751413
1.9093890190124512 0.8332637548446655 0.11146464301364688
1.92814040184021 0.8353093862533569 0.10969299773579022
1.942731499671936 0.8369661569595337 0.10937017253964898
1.9572374820709229 0.8384823203086853 0.10937015022001327
1.9716823101043701 0.8401077389717102 0.10846245646050136
1.9862133264541626 0.841559112071991 0.10829725166258151
2.000608205795288 0.8431716561317444 0.10762011871220935
2.0150272846221924 0.8447123765945435 0.10760008970594001
2.029527187347412 0.8463336825370789 0.10770624404486044
2.0489094257354736 0.8485442399978638 0.10770630356306823
2.063326835632324 0.8501030802726746 0.10793259317546809
2.0776450634002686 0.851617157459259 0.10666612711851785
2.09216570854187 0.8528929948806763 0.10622701081300812
2.106307029724121 0.8544830083847046 0.10467345931345494
2.1208655834198 0.8558498024940491 0.10411985515534099
2.1358070373535156 0.8574293851852417 0.10389122209784298
2.1504459381103516 0.8589620590209961 0.1028760048830735
2.169034957885742 0.8608948588371277 0.1004944838612991
2.1835246086120605 0.8623401522636414 0.09902915647882811
2.1981163024902344 0.8637913465499878 0.0978313174645616
2.2124412059783936 0.8651867508888245 0.09662753355486015
2.2268500328063965 0.8664838075637817 0.09507856250365963
2.2413089275360107 0.8678448796272278 0.09507860715641828
2.256054401397705 0.8694501519203186 0.09511796844912136
2.275297164916992 0.8714377880096436 0.09510322050181824
2.2896018028259277 0.872761070728302 0.09489104391833042
2.304379940032959 0.8741006255149841 0.09384463615839939
2.319504499435425 0.8753772377967834 0.09358522074268685
2.333664655685425 0.8766480088233948 0.09194636074713507
2.3483614921569824 0.8780975341796875 0.09094904031558816
2.362699270248413 0.8792774677276611 0.08998440314222209
2.3774051666259766 0.8806183934211731 0.08906957455322667
2.392280101776123 0.8818598389625549 0.08906955222336581
2.406749963760376 0.8831157684326172 0.08751356944599128
2.426198959350586 0.8847985863685608 0.08571470974779095
2.4410204887390137 0.8861137628555298 0.08532081288850031
2.4552571773529053 0.8871126770973206 0.08474621126099686
2.4699411392211914 0.8882695436477661 0.08430753350960107
2.4843811988830566 0.8893195390701294 0.08430755584166832
2.4993739128112793 0.8905832767486572 0.08420646926276201
2.514268636703491 0.8917549848556519 0.08461486110099418
2.5331554412841797 0.8933356404304504 0.08429606041410377
2.5476720333099365 0.8945664763450623 0.08376724489844538
2.562239408493042 0.8956534266471863 0.08257063157814484
2.576629877090454 0.8968698978424072 0.08185036347678165
2.59112286567688 0.8981073498725891 0.0793752820083871
2.605583429336548 0.899481475353241 0.07874795699563883
2.6203134059906006 0.900635838508606 0.07925245887263803
2.635209321975708 0.9017775058746338 0.07930991128089027
2.6538455486297607 0.9030755162239075 0.07808229364136
2.668637990951538 0.9042068123817444 0.07689378851636544
2.6837520599365234 0.9053077697753906 0.07662080192967767
2.698009490966797 0.9064857363700867 0.07573172142476613
2.7125332355499268 0.9075869917869568 0.0756454014514402
2.726545572280884 0.9085369110107422 0.07564537911569456
2.741406202316284 0.9096985459327698 0.07532088469025877
2.756199836730957 0.910761833190918 0.07515950307568593
2.77034068107605 0.9118486046791077 0.07445951298706373
2.7894818782806396 0.9134268760681152 0.07241575364546936
2.8038361072540283 0.9145177602767944 0.0719925476132879
2.8183181285858154 0.9156594276428223 0.0703875298912405
2.8324172496795654 0.9166248440742493 0.06942910755941481
2.846871852874756 0.9176127314567566 0.06889078060414118
2.861330509185791 0.918618381023407 0.06902764923067649
2.8759641647338867 0.9197381138801575 0.06934143210965131
2.895071506500244 0.9210731387138367 0.0683200126526576
2.9091906547546387 0.922062337398529 0.06775948703111775
2.9233028888702393 0.9231127500534058 0.06682797948660547
2.937784433364868 0.923956036567688 0.06610129394807196
2.952277421951294 0.9250291585922241 0.06565539746605874
2.9669182300567627 0.9259877800941467 0.06588481483075827
2.98134708404541 0.9269644618034363 0.06541131636846718
2.9953315258026123 0.9280224442481995 0.06537747171007574
3.014040946960449 0.9291151165962219 0.06488581646776068
3.0284130573272705 0.9301652908325195 0.06272862958775315
3.0427422523498535 0.9309630393981934 0.062322142559521565
3.0572402477264404 0.9318418502807617 0.0627035988075361
3.071542739868164 0.932458758354187 0.06226417524412986
3.0859262943267822 0.9334908127784729 0.06228778716641644
3.100255012512207 0.9343615174293518 0.06304406855145227
3.1143929958343506 0.9351407289505005 0.06370399900186015
3.133298635482788 0.9362004995346069 0.0640845452502541
3.1474263668060303 0.93718022108078 0.06531453557723269
3.1618876457214355 0.9381899237632751 0.06718776200752255
3.176362991333008 0.9390747547149658 0.06679270714561787
3.190175771713257 0.9400549530982971 0.06665921515417582
3.2042040824890137 0.9411115050315857 0.06665923749339805
3.218661308288574 0.9421082139015198 0.06665925983327001
3.2327473163604736 0.9429424405097961 0.06721597293793194
3.2516441345214844 0.9442020654678345 0.06721597293793194
3.2658169269561768 0.9450049996376038 0.06648334263828236
3.2798566818237305 0.9460086822509766 0.06511792568877853
3.29358172416687 0.9467493295669556 0.06463584343695106
3.3078181743621826 0.9476124048233032 0.0641461250170566
3.32232928276062 0.9485585689544678 0.06474811216550988
3.3369884490966797 0.9495362639427185 0.06546264702154642
3.3508503437042236 0.9503326416015625 0.06655651716625599
3.3693013191223145 0.9516754746437073 0.06794749703480568
3.3834571838378906 0.9527334570884705 0.0697125213610659
3.3971004486083984 0.9538519978523254 0.06975206027946473
3.4111549854278564 0.9549681544303894 0.06928308393725514
3.425206422805786 0.9558886885643005 0.06963476264075537
3.439985513687134 0.9569763541221619 0.06947695264774172
3.4544053077697754 0.9580382704734802 0.0698152627933097
3.4681942462921143 0.9591983556747437 0.07031639482859772
3.4869446754455566 0.9603392481803894 0.07056934765872583
3.500741720199585 0.9612789750099182 0.06958253027116787
3.5148122310638428 0.9622384309768677 0.07032280910471304
3.529493808746338 0.9632571935653687 0.07120375412843256
3.543130397796631 0.9644091129302979 0.07180288988698307
3.557436943054199 0.9654518961906433 0.0731640227992762
3.571519136428833 0.9665046334266663 0.07390020483011489
3.585233211517334 0.9675835967063904 0.07496588771865025
3.5990025997161865 0.9685527086257935 0.07691047184673615
3.618049144744873 0.970084547996521 0.07679843309677845
3.6320881843566895 0.9712333679199219 0.07651854645220711
3.64579439163208 0.9724575281143188 0.0767009411407
3.659780979156494 0.9737281799316406 0.07859872945649535
3.674314260482788 0.9747793674468994 0.07974601702276835
3.688418388366699 0.9760191440582275 0.07974603935547153
3.7016706466674805 0.9770024418830872 0.0810491935440243
3.7178924083709717 0.9784598350524902 0.0826308055575885
3.7277965545654297 0.9792619943618774 0.08263076089229947
3.737149715423584 0.9801222085952759 0.0827611597781767
3.7474188804626465 0.9808819890022278 0.08320747646203291
['bump_front_center']
3.7531514167785645 0.9814338684082031 0.08160170072508688
3.752467393875122 0.9814910292625427 0.07965140563345381
3.7512621879577637 0.9810875058174133 0.08197005732704987
3.749161958694458 0.981028139591217 0.0807941915533163
3.7423322200775146 0.9804225564002991 0.07966977614391016
3.7349259853363037 0.979856014251709 0.08075382008289397
3.7276828289031982 0.9793204665184021 0.08069206672029869
3.720567226409912 0.9788634777069092 0.08069206672029869
3.713850736618042 0.9784502387046814 0.08069206672029869
3.706498146057129 0.9778562188148499 0.08069206672029869
3.699488401412964 0.9773358106613159 0.08138822592747726
3.6928648948669434 0.9767592549324036 0.08192729339224586
3.683511972427368 0.975904107093811 0.08192729339224586
3.6765031814575195 0.9753895998001099 0.08192729339224586
3.6699275970458984 0.9748982787132263 0.08254789559286217
3.6629068851470947 0.9743214845657349 0.08485884962775243
3.6577954292297363 0.9739837646484375 0.08666602797005502
3.6570942401885986 0.9739708304405212 0.08804507923923362
3.657217025756836 0.9740775227546692 0.10174777117892474
3.6576364040374756 0.9739733934402466 0.14384103976540846
3.657167911529541 0.9740883708000183 0.21151987333419028
3.656863212585449 0.973772406578064 0.25947716161775697
3.6571733951568604 0.9734974503517151 0.30634356041590605
3.6570792198181152 0.9733330011367798 0.3546564217428188
3.6568238735198975 0.9733628034591675 0.40109415358603084
3.6568830013275146 0.9732013940811157 0.44929376811871075
3.656569242477417 0.9730970859527588 0.49533825190541303
3.6565754413604736 0.9731053709983826 0.5433897977847859
3.6565892696380615 0.9728663563728333 0.5917359728374865
3.656291961669922 0.9726716876029968 0.6561105155932466
3.656428337097168 0.9727654457092285 0.7036072744616524
3.6565749645233154 0.9728533625602722 0.7509833241710899
3.656475305557251 0.972736656665802 0.7959499258202852
3.6562459468841553 0.9724027514457703 0.8441171585013453
3.6563003063201904 0.9722709059715271 0.8905999202424332
3.656402349472046 0.9722280502319336 0.9383627416395939
3.656519651412964 0.9720421433448792 1.0016862184574415
3.656477928161621 0.9718371033668518 1.0474819136592763
3.6563520431518555 0.9717934727668762 1.0954543534246475
3.6564321517944336 0.9716919660568237 1.141928915937925
3.6563892364501953 0.9715737104415894 1.1890738111275374
3.65628719329834 0.9716039896011353 1.2377930885565314
3.656393051147461 0.971670389175415 1.284053672080826
3.656461715698242 0.9715718030929565 1.3302829028618146
3.6566357612609863 0.9716890454292297 1.396703533424775
3.656892776489258 0.9718233346939087 1.4410634402329512
3.6568667888641357 0.9724016189575195 1.4850067837784677
3.657053232192993 0.975212037563324 1.5270953135033138
3.657160997390747 0.9797605276107788 1.5602075938204034
3.6569786071777344 0.9857514500617981 1.5892350249197031
3.6567933559417725 0.9930993914604187 1.612564924460816
3.6562843322753906 1.0019406080245972 1.6312176657220354
3.655463695526123 1.0125833749771118 1.6456803770623336
3.653536796569824 1.0287673473358154 1.6560137037063354
3.651700735092163 1.0427190065383911 1.6601853352994707
3.6499383449554443 1.057644009590149 1.6623724988388173
3.6480026245117188 1.0721317529678345 1.6628436478696016
3.646117687225342 1.0862822532653809 1.664886798859216
3.644307851791382 1.1000661849975586 1.6659452629324887
3.6426258087158203 1.1139906644821167 1.6665649865731107
3.63987398147583 1.1336066722869873 1.6681719363079397
3.638004779815674 1.1479264497756958 1.6689552945229138
3.635962963104248 1.1620711088180542 1.6703261199057216
3.6339075565338135 1.1767677068710327 1.6710671701805626
3.632066488265991 1.1907769441604614 1.6717257406742387
3.6301181316375732 1.2048147916793823 1.67265149811155
3.6282083988189697 1.218824028968811 1.6723289944991433
3.6260712146759033 1.233038067817688 1.672270095815398
3.624162435531616 1.2464832067489624 1.6731834167874813
3.6217405796051025 1.2608263492584229 1.674999336727065
3.620347261428833 1.2708077430725098 1.6762748462758965
3.6189229488372803 1.281079888343811 1.6737035411232004
3.6175296306610107 1.2917686700820923 1.6744847577605992
3.615906000137329 1.3023799657821655 1.675309744728787
3.6143527030944824 1.312749981880188 1.6756837193175156
3.612698793411255 1.3235417604446411 1.6753323247694725
3.610337734222412 1.3378980159759521 1.6761313836200373
3.6087167263031006 1.3484610319137573 1.6769846225534712
3.606996774673462 1.3589894771575928 1.6769846225534712
3.6052730083465576 1.3697705268859863 1.6769846225534712
3.603607177734375 1.3807213306427002 1.6769846225534712
3.6020472049713135 1.3914132118225098 1.6769846225534712
3.600508689880371 1.401785135269165 1.6767567264143428
3.5987136363983154 1.4123517274856567 1.6768494330014523
['bump_front_right']
3.5964369773864746 1.4271275997161865 1.6774555688519932
3.5958313941955566 1.4312160015106201 1.6756917383866015
3.5956475734710693 1.432315707206726 1.675333340902818
3.5960559844970703 1.430869698524475 1.67698826913941
3.5962255001068115 1.4273509979248047 1.6749506233956606
3.596771717071533 1.4213614463806152 1.6749506233956606
3.5972938537597656 1.414313793182373 1.674923644727175
3.5978140830993652 1.4070760011672974 1.674923644727175
3.5984649658203125 1.3978042602539062 1.6743579919166793
3.5988643169403076 1.3916739225387573 1.674357486828531
3.599257469177246 1.3860058784484863 1.6751727725999555
3.5996944904327393 1.3816490173339844 1.6779186540855957
3.599821090698242 1.378709316253662 1.692416185181425
3.5998823642730713 1.3767932653427124 1.7175855047466198
3.5998446941375732 1.3753726482391357 1.7504810846607377
3.599991798400879 1.375183343887329 1.795397242748855
3.5999443531036377 1.3757444620132446 1.862232082105468
3.5999391078948975 1.3756887912750244 1.9074580015838007
3.5999953746795654 1.3759503364562988 1.9541188470166813
3.599919080734253 1.37591552734375 2.0027418760413944
3.5996837615966797 1.3756800889968872 2.051733472684239
3.599613666534424 1.3759310245513916 2.099182618623982
3.599483013153076 1.376054286956787 2.145097228586872
3.59946346282959 1.3760565519332886 2.192656938894917
3.5995943546295166 1.3759478330612183 2.2552023636456977
3.5996510982513428 1.3761754035949707 2.300214769237813
3.599661350250244 1.376230001449585 2.346801306156344
3.5994503498077393 1.3765339851379395 2.3947915997427436
3.599388599395752 1.3763303756713867 2.442040208286409
3.5993428230285645 1.3763401508331299 2.490477055762416
3.599322557449341 1.3764673471450806 2.5365414588882738
3.5992050170898438 1.3767101764678955 2.582340896674297
3.5992870330810547 1.376663327217102 2.644353875127078
3.5991642475128174 1.376792073249817 2.6920785901123434
3.599055051803589 1.3769426345825195 2.7398326568338973
3.598888635635376 1.3768823146820068 2.7882709537723627
3.598842144012451 1.3769428730010986 2.835339561170463
3.5986530780792236 1.377001404762268 2.8845565609876744
3.598345994949341 1.377267599105835 2.9317593601980105
3.598228931427002 1.3773213624954224 2.978024018891687
3.5979151725769043 1.3773735761642456 3.041178461685536
3.5965774059295654 1.377788782119751 3.086095328697861
3.5939242839813232 1.377839207649231 3.1253910069660393
3.589064121246338 1.377928614616394 -3.123034715848064
3.5830047130584717 1.377765417098999 -3.0931310631404534
3.5755248069763184 1.3773711919784546 -3.070783140247824
3.5663504600524902 1.3767786026000977 -3.052144530169699
3.555565595626831 1.3757023811340332 -3.0368096841126015
3.5432679653167725 1.3743640184402466 -3.026247029091069
3.5243513584136963 1.3719606399536133 -3.0200507730393324
3.509337902069092 1.3699666261672974 -3.020350454759479
3.4944722652435303 1.3681859970092773 -3.019172190933445
3.4799954891204834 1.3663362264633179 -3.0188810809889057
3.4658429622650146 1.3645405769348145 -3.0189268572633314
3.451190948486328 1.3626937866210938 -3.0174033597207437
3.436610460281372 1.3607690334320068 -3.0158729493667105
3.4168319702148438 1.3582124710083008 -3.0146243537631316
3.4025228023529053 1.356291651725769 -3.014158705416659
3.387902021408081 1.3543764352798462 -3.0138578313482833
3.3731446266174316 1.3524411916732788 -3.0126261829666996
3.3585944175720215 1.3503648042678833 -3.0126261829666996
3.343863010406494 1.3482993841171265 -3.0108573480559344
3.329246759414673 1.3463181257247925 -3.0108573480559344
3.314692735671997 1.3442381620407104 -3.0109260201431245
3.295733690261841 1.341746211051941 -3.0117099096671716
3.28139328956604 1.3397767543792725 -3.0127205739827256
3.267040252685547 1.3377861976623535 -3.012696265045879
3.252554178237915 1.335558533668518 -3.012696265045879
3.2381203174591064 1.3334920406341553 -3.0137336192958917
3.2238924503326416 1.3314695358276367 -3.014162312185089
3.2097556591033936 1.3296868801116943 -3.0146684663681174
3.195643663406372 1.3278182744979858 -3.0153069470690608
3.176151990890503 1.3249783515930176 -3.015367989831259
3.1616883277893066 1.3226109743118286 -3.015367989831259
3.1471431255340576 1.3202441930770874 -3.0140352200730347
3.132526397705078 1.3182439804077148 -3.0129027395953156
3.1184821128845215 1.3160487413406372 -3.0129027395953156
3.104233503341675 1.3140066862106323 -3.0123326905257533
3.0899899005889893 1.3119138479232788 -3.0123326905257533
3.0758724212646484 1.309436321258545 -3.012016291910316
3.0568089485168457 1.3065060377120972 -3.0117089607217737
3.042506456375122 1.3043068647384644 -3.0116584335201595
3.0286128520965576 1.3021526336669922 -3.012326951427686
3.0141096115112305 1.3000894784927368 -3.012326951427686
2.999532699584961 1.2978639602661133 -3.0128333580293547
2.9856693744659424 1.2956761121749878 -3.0128333580293547
2.971511125564575 1.2936657667160034 -3.0129249055186635
2.9573607444763184 1.2914774417877197 -3.0143434947385295
2.9384210109710693 1.2887506484985352 -3.0137164633041884
2.9243147373199463 1.286750316619873 -3.0137164633041884
2.9100706577301025 1.2846684455871582 -3.0143394539520294
2.8951966762542725 1.282600998878479 -3.014618643758604
2.8807308673858643 1.2805140018463135 -3.015724429933992
2.8671481609344482 1.278617262840271 -3.0169353573686863
2.8532469272613525 1.2767817974090576 -3.01760650177158
2.839430093765259 1.2751270532608032 -3.0191245028056137
2.8199405670166016 1.272497534751892 -3.020189759818297
2.8056037425994873 1.2707750797271729 -3.0208215694028357
2.791426658630371 1.2689179182052612 -3.020813943412264
2.776930570602417 1.267088532447815 -3.0203268574161624
2.7624282836914062 1.2651855945587158 -3.0201172716432114
2.748366355895996 1.263464093208313 -3.0199267865287847
2.733917236328125 1.261716604232788 -3.019309040927264
2.719773769378662 1.2600127458572388 -3.019027001267755
2.7003419399261475 1.2577265501022339 -3.018042809740089
2.685985803604126 1.2559266090393066 -3.016876463277584
2.671757459640503 1.2540085315704346 -3.016411057682124
2.657036304473877 1.2519948482513428 -3.0153439022922988
2.642192840576172 1.2501243352890015 -3.0141766113364867
2.628060817718506 1.2482901811599731 -3.0140495200842836
2.613718271255493 1.2464544773101807 -3.0137054873305784
2.5996973514556885 1.2447295188903809 -3.0134119999083
2.580193519592285 1.2423360347747803 -3.013444902313211
2.5655593872070312 1.240491271018982 -3.013244872018829
2.5509133338928223 1.238690733909607 -3.011540171191516
2.536064624786377 1.236810564994812 -3.010070082630523
2.521070957183838 1.2348963022232056 -3.0086278913957796
2.507215738296509 1.2331626415252686 -3.006941093145258
2.4926936626434326 1.231360673904419 -3.0049426606959706
2.4781734943389893 1.2294337749481201 -3.004179465691213
2.458477020263672 1.22689688205719 -3.0022191985734024
2.4437196254730225 1.2248260974884033 -3.001259096134743
2.4293980598449707 1.2228449583053589 -3.0007109743106
2.4149398803710938 1.2207744121551514 -2.9986081144941337
2.400442361831665 1.2188047170639038 -2.9972250537337883
2.3860604763031006 1.2166639566421509 -2.996258971849747
2.371954917907715 1.2145894765853882 -2.9958112307515377
2.3575046062469482 1.2123712301254272 -2.9950845333966813
2.3386945724487305 1.2095474004745483 -2.99358297390123
2.3248355388641357 1.2074942588806152 -2.992979047219082
2.3103415966033936 1.2052838802337646 -2.9912817550255286
2.2960221767425537 1.203127145767212 -2.9900872633572297
2.281790256500244 1.2007519006729126 -2.989459519727871
2.26772141456604 1.198840856552124 -2.986832857742592
2.2535881996154785 1.1964406967163086 -2.9861211813962325
2.2394161224365234 1.1942825317382812 -2.9856100129252194
2.220792531967163 1.191184163093567 -2.984209793667615
2.206148147583008 1.1890263557434082 -2.9823548762973284
2.1921546459198 1.1866434812545776 -2.9821407775014293
2.17781925201416 1.1844818592071533 -2.9812841460736417
2.1639864444732666 1.1822668313980103 -2.981183751664964
2.1501729488372803 1.1801886558532715 -2.9815034977945065
2.136242628097534 1.1779861450195312 -2.9820907186534322
2.1220810413360596 1.1757824420928955 -2.9818701809380483
2.103100061416626 1.1727631092071533 -2.98091436162647
2.0892839431762695 1.1705172061920166 -2.9807071794484936
2.0747458934783936 1.1681618690490723 -2.9802880266538363
2.060286045074463 1.165853500366211 -2.979220381897588
2.0464510917663574 1.163589596748352 -2.9780361651217095
2.0323407649993896 1.1612671613693237 -2.977692602784838
2.0181407928466797 1.1587766408920288 -2.977472551121451
2.0038726329803467 1.1562598943710327 -2.977472551121451
1.9850506782531738 1.1532490253448486 -2.9762773575682866
1.9708187580108643 1.1509145498275757 -2.9762904777847448
1.9564858675003052 1.1485321521759033 -2.975964299090063
1.9418611526489258 1.146248698234558 -2.97436285609569
1.9278175830841064 1.143934965133667 -2.97436285609569
1.9139364957809448 1.1416488885879517 -2.9744107770733668
1.8998299837112427 1.1392927169799805 -2.9744107770733668
1.8856717348098755 1.1369742155075073 -2.9741308731590497
1.866411805152893 1.1336091756820679 -2.9733595844311216
1.8522485494613647 1.1311240196228027 -2.9733595844311216
1.8375731706619263 1.1286653280258179 -2.972571613182843
1.8228254318237305 1.1261366605758667 -2.972097165284922
1.8088170289993286 1.1237943172454834 -2.971613418848714
1.79464590549469 1.1213946342468262 -2.971613418848714
1.7802740335464478 1.1191284656524658 -2.971613418848714
1.7658003568649292 1.1165884733200073 -2.971693262892061
1.7466912269592285 1.1132478713989258 -2.9718057957485344
1.7326653003692627 1.1107368469238281 -2.9718057957485344
1.7182490825653076 1.1083282232284546 -2.97226906245057
1.7034015655517578 1.105772614479065 -2.972485996889944
1.689324975013733 1.1033456325531006 -2.9717240291192835
1.6749097108840942 1.1008334159851074 -2.972075447646163
1.6604928970336914 1.0983514785766602 -2.971757872526371
1.6463487148284912 1.0958317518234253 -2.9719116798105536
1.6271443367004395 1.0925089120864868 -2.971909997583668
1.612747311592102 1.0900299549102783 -2.9713516228693737
1.5979200601577759 1.0876537561416626 -2.9713974008997863
1.5831319093704224 1.085057020187378 -2.97053646084987
1.5692262649536133 1.082706093788147 -2.970531933204131
1.5547083616256714 1.0802849531173706 -2.9705016729866807
1.5405749082565308 1.0777931213378906 -2.9706113432747103
1.5262829065322876 1.0752044916152954 -2.970792289851812
1.506956696510315 1.0718121528625488 -2.9704032070876774
1.4927085638046265 1.069360375404358 -2.970585347755647
1.478256344795227 1.066895842552185 -2.9706203904352932
1.4635250568389893 1.0643633604049683 -2.9703426326799733
1.44942045211792 1.0619946718215942 -2.971085314735177
1.4350112676620483 1.059303879737854 -2.971085314735177
1.420835018157959 1.0567959547042847 -2.9714913355475034
1.406115174293518 1.054163932800293 -2.971467742207721
1.3867661952972412 1.0509263277053833 -2.9717729255011984
1.3722879886627197 1.0484626293182373 -2.971621274949399
1.3577375411987305 1.0461031198501587 -2.9709868443187455
1.3430259227752686 1.0435445308685303 -2.970878840877807
1.328413486480713 1.0411107540130615 -2.9701878908641337
1.3140592575073242 1.0386123657226562 -2.9715414097117225
1.299967885017395 1.0361355543136597 -2.972058296100931
1.2857412099838257 1.033730387687683 -2.9717533681412194
1.2663034200668335 1.0303412675857544 -2.9728260101498356
1.2517459392547607 1.027820110321045 -2.973164322955886
1.2374104261398315 1.0252753496170044 -2.9732902013278886
1.2227939367294312 1.0228068828582764 -2.9729356659289974
1.208531141281128 1.0203615427017212 -2.9731881826961852
1.1941903829574585 1.017935037612915 -2.973770146764443
1.1800155639648438 1.01541006565094 -2.9739034052018645
1.165314793586731 1.0129722356796265 -2.9746718348978387
1.1459269523620605 1.009493350982666 -2.975015892346574
1.1314094066619873 1.0070444345474243 -2.975015892346574
1.1168075799942017 1.0044790506362915 -2.9753203493421974
1.1023828983306885 1.002061128616333 -2.9750418742155675
1.0879151821136475 0.9993792176246643 -2.9760544395266737
1.073482632637024 0.9969552159309387 -2.9761478896059907
1.0590449571609497 0.9945752620697021 -2.9768874673140266
1.0448960065841675 0.9922165870666504 -2.978060233223954
1.0258400440216064 0.9891009330749512 -2.9780826404734237
1.0113775730133057 0.986497163772583 -2.9783647095932673
0.9967122077941895 0.9843685626983643 -2.9777049973782317
0.982291579246521 0.9819269776344299 -2.9774045897549373
0.9675999879837036 0.9795448184013367 -2.977052924054947
0.9532570242881775 0.9772260785102844 -2.9771025088429157
0.9388308525085449 0.9748764634132385 -2.9774253450938026
0.9242679476737976 0.9725173115730286 -2.9780399839989244
0.9047219157218933 0.9693393111228943 -2.978380673700732
0.8900653123855591 0.9668744206428528 -2.9783661240860235
0.875611424446106 0.964529812335968 -2.978245723809389
0.8610904812812805 0.9621894955635071 -2.978670831415877
0.8466549515724182 0.9598561525344849 -2.9784321729544185
0.8323051929473877 0.9577037692070007 -2.9792594918884947
0.817559003829956 0.9551152586936951 -2.9800658099643123
0.8031362891197205 0.9529423117637634 -2.9799718842189282
0.7887557744979858 0.9505111575126648 -2.9805023537488466
0.7693667411804199 0.9473349452018738 -2.9794268605343897
0.7543272972106934 0.9449395537376404 -2.979256390747721
0.7398815751075745 0.9426787495613098 -2.978446001567232
0.7249176502227783 0.9403130412101746 -2.978994606006438
0.7107724547386169 0.9380755424499512 -2.9790129657193956
0.696004331111908 0.9355913400650024 -2.9790661291554676
0.6813743114471436 0.9331783652305603 -2.9797091399622393
0.6672672033309937 0.9307324290275574 -2.980055101508897
0.6480269432067871 0.9276048541069031 -2.980474002836215
0.6331400871276855 0.9253394603729248 -2.9806937971292142
0.6189830303192139 0.9231148958206177 -2.980816613433911
0.6046459674835205 0.9208846688270569 -2.9818117614047406
0.5904008746147156 0.9186305999755859 -2.9821364819648672
0.5758278369903564 0.9163408279418945 -2.98296760384805
0.5607686638832092 0.9141748547554016 -2.9832718384333683
0.546518087387085 0.9117903709411621 -2.9846811219751155
0.5270422697067261 0.9087535738945007 -2.9849903598969814
0.5120673179626465 0.9063886404037476 -2.9849903598969814
0.49781811237335205 0.9042657017707825 -2.9850566325441794
0.48317795991897583 0.9019928574562073 -2.985475060521783
0.468827486038208 0.8995145559310913 -2.9856009399158285
0.4540688693523407 0.8972504138946533 -2.9856009399158285
0.4394242465496063 0.8949769139289856 -2.9856009399158285
0.425403892993927 0.8929117321968079 -2.9856009399158285
0.4059544503688812 0.8899848461151123 -2.9845345273558226
0.3912103474140167 0.8877601027488708 -2.9849226527984936
0.3767330050468445 0.8854668736457825 -2.9849226527984936
0.36220070719718933 0.8832156658172607 -2.9842464911990083
0.3479667603969574 0.880982518196106 -2.9846053216298722
0.33362334966659546 0.8786435127258301 -2.9847679044364486
0.31880196928977966 0.8763211965560913 -2.9849853548980914
0.304458349943161 0.8740510940551758 -2.9855377495574644
0.2850102186203003 0.871062695980072 -2.9854383417434183
0.26981091499328613 0.8687385320663452 -2.985172267536772
0.2556201219558716 0.8666107654571533 -2.9838824193109055
0.2411397099494934 0.8644583821296692 -2.9839446545096333
0.22711266577243805 0.8623746633529663 -2.9840936647614154
0.2122778445482254 0.860225260257721 -2.9842030939924644
0.1973184198141098 0.8578753471374512 -2.9852962426673746
0.18350334465503693 0.8558835387229919 -2.9856209738302217
0.16422605514526367 0.8529738187789917 -2.986542927707369
0.14970867335796356 0.8508415222167969 -2.9871759450326505
0.13531628251075745 0.8485344052314758 -2.986978298698123
0.12078883498907089 0.8463850617408752 -2.986978298698123
0.10630010813474655 0.84419184923172 -2.986978298698123
0.09187712520360947 0.8418619632720947 -2.9873354373215544
0.0775856077671051 0.8397095799446106 -2.9873454654753417
0.06322445720434189 0.8375095725059509 -2.988237855683894
0.04377934709191322 0.834545373916626 -2.9881422583616692
0.028813812881708145 0.8324052691459656 -2.9876887713124307
0.014195926487445831 0.8301599621772766 -2.987019544314425
-0.00036268215626478195 0.8279073238372803 -2.985954523481177
-0.014935074374079704 0.8256208896636963 -2.985739471731598
-0.029245302081108093 0.8233445882797241 -2.9869556602575638
['cliff_front_right']
-0.04361514002084732 0.8210527896881104 -2.9869358527942245
['cliff_front_left', 'cliff_front_right']
-0.05007198452949524 0.8201228976249695 -2.986856950515591
-0.052208445966243744 0.8196943998336792 -2.9861896070069305
-0.05077868700027466 0.8199227452278137 -2.9886701211706117
['cliff_front_right']
-0.04516831040382385 0.8207159638404846 -2.9878239679011394
-0.03827965259552002 0.8219630122184753 -2.987000227596026
-0.030374251306056976 0.8231638669967651 -2.9866099252947933
-0.022575870156288147 0.8243892788887024 -2.9870503082547977
-0.015033937990665436 0.8254753351211548 -2.986804238631855
-0.004778096918016672 0.8271523118019104 -2.9868850720761015
0.0027804546989500523 0.8282821178436279 -2.986566066797914
0.010376985184848309 0.829433798789978 -2.9865024032003733
0.018013320863246918 0.8305654525756836 -2.9861400152795254
0.024991508573293686 0.8317382335662842 -2.9856870111112026
0.030255760997533798 0.832564651966095 -2.983025323153032
0.03352866694331169 0.8330906629562378 -2.971345430759928
0.03596849367022514 0.8334436416625977 -2.950734139459294
0.0379805788397789 0.8337180614471436 -2.926661725427661
0.03718898445367813 0.8337780237197876 -2.913385849379012
0.03649631142616272 0.8336597681045532 -2.8879627929277767
0.03670841082930565 0.833398163318634 -2.8387448509355813
0.03652326390147209 0.8333843350410461 -2.785845790921663
0.03613222390413284 0.8336505889892578 -2.7368068490839974
0.035938162356615067 0.8337209224700928 -2.688848239353855
0.03615843504667282 0.8339183330535889 -2.642245508409173
0.0359337292611599 0.8340558409690857 -2.5957792172938774
0.03570028394460678 0.8342328071594238 -2.5327667743767517
0.0355844609439373 0.8344212770462036 -2.4874749353739514
0.0356413871049881 0.8344218134880066 -2.4394676213196935
0.035303179174661636 0.8345664143562317 -2.39230422326964
0.03522691875696182 0.8347403407096863 -2.344923028244827
0.035178616642951965 0.8348957896232605 -2.2979092654741557
0.035048697143793106 0.8349034786224365 -2.252476408813551
0.03514038026332855 0.8351083397865295 -2.2045364415317734
0.034782424569129944 0.8352354168891907 -2.1406230870413765
0.034695230424404144 0.8352720737457275 -2.0936565165724113
0.0344766229391098 0.8354187607765198 -2.045384866633918
0.03411988168954849 0.8353822827339172 -2.000012556272803
0.03401360288262367 0.8353880047798157 -1.952780107275591
0.03382055088877678 0.8353658318519592 -1.9044620294733545
0.0335150770843029 0.83531254529953 -1.8573549959941729
0.03334791585803032 0.8353341221809387 -1.7940423321969774
0.03307593613862991 0.8352290987968445 -1.744417619960505
0.03279511630535126 0.8350895047187805 -1.6971962741710098
0.03255133703351021 0.8349246382713318 -1.6498741686393248
0.03236076980829239 0.8341068625450134 -1.6044909313533562
0.032193489372730255 0.831523597240448 -1.5623650081913059
0.03218170627951622 0.8269439339637756 -1.5270230095906894
0.03253989294171333 0.8210095167160034 -1.497042436206581
0.033247776329517365 0.8107531666755676 -1.466191314202011
0.03416820988059044 0.8012837171554565 -1.448284292980645
0.03543706238269806 0.7905956506729126 -1.4347672970558614
0.03693439066410065 0.7784678339958191 -1.427306802842345
0.03869720548391342 0.7648125290870667 -1.4234447953554763
0.040649060159921646 0.7496877908706665 -1.4231588753707611
0.04286542162299156 0.734882652759552 -1.4238048054426782
0.04485231637954712 0.7204458713531494 -1.4216995360700124
0.04666155204176903 0.7065985798835754 -1.4229733068429777
0.04925601929426193 0.6875091791152954 -1.424334780162451
0.051030997186899185 0.6734876036643982 -1.4244404268670146
0.05321202427148819 0.6589131355285645 -1.4263129222938717
0.05533277615904808 0.6447283625602722 -1.42773443133186
0.057308852672576904 0.6298643350601196 -1.4282738592316293
0.05929000675678253 0.6154444813728333 -1.4282738592316293
0.061114437878131866 0.6016694903373718 -1.427913432594386
0.06294555962085724 0.5890179872512817 -1.4283056723939307
0.06499951332807541 0.5738182067871094 -1.4266411312653087
0.06640635430812836 0.5643764138221741 -1.4264906363894674
['bump_right']
0.06796348094940186 0.5532783269882202 -1.428721176889639
0.06960970163345337 0.5468697547912598 -1.4388318774727247
0.06883928179740906 0.5475965142250061 -1.4413557015936134
0.06839253753423691 0.5496324896812439 -1.4369405374382496
0.06663031876087189 0.5558059811592102 -1.4354635515074643
0.0662800744175911 0.5593081712722778 -1.4365650556026974
0.06486865878105164 0.5688546299934387 -1.4378688168901086
0.06376879662275314 0.575943648815155 -1.437151439600936
0.06277170777320862 0.5824193358421326 -1.4376429763525098
0.06166126951575279 0.5893391370773315 -1.438196553079157
0.06077510491013527 0.5960347056388855 -1.4385516461803827
0.05985461547970772 0.6019630432128906 -1.4385516461803827
0.05918600782752037 0.6069542765617371 -1.4375600263487793
0.058718983083963394 0.6113668084144592 -1.416122988011091
0.05856563150882721 0.6133847236633301 -1.3899660115052126
0.05822988227009773 0.614342212677002 -1.3522534023252721
0.05809178575873375 0.6144183278083801 -1.3061558609652295
0.058036208152770996 0.614220917224884 -1.255867486872456
0.05785185471177101 0.6139587163925171 -1.2068779089753419
0.05771511048078537 0.6138781905174255 -1.1611445261817908
0.05760727450251579 0.6139535307884216 -1.1124569172190883
0.0573926642537117 0.6138933897018433 -1.0460364371740694
0.05716077610850334 0.6138938665390015 -1.0001380613760682
0.057067397981882095 0.6138227581977844 -0.9527711315966412
0.05680874362587929 0.6138961315155029 -0.904227600674188
0.05668739229440689 0.6138680577278137 -0.8559373397876813
0.05663096904754639 0.6136787533760071 -0.8073533053352911
0.056407369673252106 0.6136367321014404 -0.7616623017645164
0.05617562681436539 0.6137325763702393 -0.7152660796380101
0.05599968507885933 0.6136166453361511 -0.6521388337675884
0.0557040199637413 0.6135483384132385 -0.6060860437278315
0.05545932427048683 0.6134145855903625 -0.5594471632316969
0.055294010788202286 0.6133121252059937 -0.512216511889486
0.05518943816423416 0.6133862733840942 -0.4652195714937404
0.05501716211438179 0.6133124828338623 -0.4171649200262415
0.054825957864522934 0.613187313079834 -0.3715745920254633
0.054579973220825195 0.6131938099861145 -0.3245572103652119
0.0545809380710125 0.612933337688446 -0.27665565461467523
0.054528530687093735 0.6128556728363037 -0.21276840692943802
0.05424303561449051 0.6128507256507874 -0.1655680471425862
0.054251693189144135 0.6126336455345154 -0.11869740872374672
0.0548684187233448 0.6126238703727722 -0.0748606582516353
0.05739142745733261 0.6123607158660889 -0.03273126505900736
0.06127630174160004 0.6121917366981506 0.0005780754700840318
0.06680896878242493 0.61226487159729 0.0319818682561997
0.07423150539398193 0.6123545169830322 0.054982806917223584
0.08647020161151886 0.6131409406661987 0.0786218358224203
0.09751198440790176 0.6142168641090393 0.09222121319862402
0.10966873168945312 0.6154539585113525 0.10111435621928214
0.1235128864645958 0.6169838309288025 0.10534109531807519
0.13826683163642883 0.618456244468689 0.10378935089713266
0.15224981307983398 0.6199166774749756 0.10245070501801835
0.16635121405124664 0.6213364601135254 0.10173930772372572
0.1854742169380188 0.6233487129211426 0.10043086571304473
0.1994227170944214 0.6248835325241089 0.10085667549192476
0.21374303102493286 0.6263681650161743 0.10141573344896557
0.22764261066913605 0.6278500556945801 0.10141571112578271
0.24143290519714355 0.6294045448303223 0.10095007140600357
0.2553897798061371 0.6308488249778748 0.09965376150928734
0.26913130283355713 0.6324869394302368 0.09922606387312874
0.2834012806415558 0.6339716911315918 0.09979658688648498
0.3028326630592346 0.636031985282898 0.10043485717807957
0.3166312575340271 0.6372835636138916 0.10285001168024265
0.3310143053531647 0.6386783719062805 0.10328056341553363
0.3453441858291626 0.6403549313545227 0.10328054853399549
0.35949012637138367 0.6417929530143738 0.10384607651142508
0.3743285536766052 0.6434443593025208 0.10395479450923795
0.3879782557487488 0.6447750329971313 0.10410238632040385
0.4019874930381775 0.6463746428489685 0.10341290613124464
0.41643285751342773 0.6478398442268372 0.10336735808718103
0.4350328743457794 0.6498385071754456 0.10194092075540097
0.4491136968135834 0.6513312458992004 0.10194094307817884
0.4635378420352936 0.6527718901634216 0.10221232995434712
0.4778517782688141 0.6542477011680603 0.10242978841215063
0.49243712425231934 0.6557531952857971 0.10242978841215063
0.5059812068939209 0.6570203900337219 0.10242978841215063
0.5197857618331909 0.6586454510688782 0.10199488628080029
0.539621114730835 0.6602648496627808 0.10263385443267259
0.553213357925415 0.6618757247924805 0.10229934937434998
0.5675124526023865 0.663409948348999 0.10339272880923804
0.5818641185760498 0.6646963357925415 0.10339273624921533
0.5962318181991577 0.6662410497665405 0.10302866314010234
0.6107283234596252 0.6677489280700684 0.1035372158222202
0.624075710773468 0.6691128015518188 0.10303173347182598
0.6383780241012573 0.6705409288406372 0.10279286267377208
0.6581460237503052 0.6724932193756104 0.10279289243712784
0.6716181635856628 0.6739178895950317 0.10206356587057948
0.6857420802116394 0.6752359867095947 0.10206356587057948
0.7002829909324646 0.676727294921875 0.10260145812160636
0.7141110897064209 0.6780045628547668 0.1031105196158713
0.7284367084503174 0.6794857978820801 0.10311054193787032
0.7423553466796875 0.6809933185577393 0.10445190861952404
0.7564706802368164 0.6824594140052795 0.10432530677261549
0.775762677192688 0.684507429599762 0.10337544257801279
0.7896081209182739 0.6858692169189453 0.10409237620511615
0.8037846684455872 0.6873202919960022 0.10382871726410856
0.8185037970542908 0.6888137459754944 0.10382873958603352
0.8329123854637146 0.6902127861976624 0.1050413992461233
0.8466415405273438 0.691692590713501 0.10504145876961886
0.860578179359436 0.6932103633880615 0.10504150341068345
0.8743898868560791 0.6945940852165222 0.10466766408308588
0.8933475017547607 0.6964297294616699 0.10482622425698468
0.9078511595726013 0.6978881359100342 0.1046245169209156
0.9222065210342407 0.699349582195282 0.10579690424466563
0.9364286661148071 0.700846254825592 0.10652246806129989
0.9502018690109253 0.7022516131401062 0.10717659812581454
0.9641585946083069 0.7037105560302734 0.10841396631347287
0.9785098433494568 0.7051646709442139 0.10867581722006547
0.9930565357208252 0.706585168838501 0.10867581722006547
1.00749933719635 0.7080488204956055 0.10883299688408837
1.026097297668457 0.7101008296012878 0.10904812508446292
1.040333867073059 0.7115648984909058 0.10904816971878135
1.0551408529281616 0.713028609752655 0.1087274553642918
1.069251298904419 0.714440107345581 0.10882213622635466
1.083420753479004 0.7159096598625183 0.10814824913494281
1.0973361730575562 0.717583954334259 0.10683722419741302
1.1113746166229248 0.7189733386039734 0.10677837866600441
1.1305797100067139 0.7211443781852722 0.10622184094315248
1.1447802782058716 0.7225127816200256 0.10600959397694519
1.1595083475112915 0.7240117788314819 0.10577876393654985
1.173825740814209 0.7254509329795837 0.10646907297362533
1.1882299184799194 0.7270886898040771 0.10682175192813559
1.2025259733200073 0.728640079498291 0.10682177424250067
1.2164556980133057 0.7301002144813538 0.10809523353453741
1.2307336330413818 0.7315983176231384 0.10778167268759
1.2503236532211304 0.7339723706245422 0.10764312152547267
1.2644773721694946 0.7356148362159729 0.1087339551203385
1.278941035270691 0.7372820377349854 0.10848745189306165
1.2932578325271606 0.738786518573761 0.10851343000475286
1.306890606880188 0.7402998208999634 0.1081243954766928
1.321027159690857 0.7418143153190613 0.10783232121116615
1.3352261781692505 0.7433468103408813 0.10783232121116615
1.3493263721466064 0.7448126673698425 0.10775269058896389
1.3681312799453735 0.7469450235366821 0.10775269058896389
1.3826178312301636 0.7485981583595276 0.10751732607076603
1.3967845439910889 0.7502074837684631 0.10858566609916272
1.4112149477005005 0.7518544793128967 0.10923319826786786
1.4256713390350342 0.7535675168037415 0.10909614455292904
1.4400787353515625 0.7551171183586121 0.10931112539166675
1.4540300369262695 0.7565223574638367 0.10904048425950573
1.4680134057998657 0.7579848766326904 0.10889189189479424
1.4872117042541504 0.7600941061973572 0.10835590598446186
1.5015116930007935 0.7616997957229614 0.10823500386040139
1.5162001848220825 0.7632750272750854 0.1082349592195936
1.5303218364715576 0.7648735046386719 0.10791528137763216
1.5443328619003296 0.7663690447807312 0.10804261050882817
1.5585116147994995 0.76799476146698 0.10772643502126777
1.5724942684173584 0.7696356177330017 0.10774648362311699
1.5869195461273193 0.7712017893791199 0.10857263443963235
1.6012295484542847 0.7726589441299438 0.10857263443963235
1.6204657554626465 0.7747355103492737 0.10916133453195405
1.6345765590667725 0.7760605812072754 0.10982135757156831
1.6490392684936523 0.7778813242912292 0.10982135757156831
1.6636472940444946 0.779327929019928 0.10960437918547919
1.6777255535125732 0.7809621095657349 0.10893984598660338
1.6923445463180542 0.7826137542724609 0.10931963314701715
1.7064136266708374 0.7842166423797607 0.10873496182650164
1.7255162000656128 0.7862319946289062 0.10775714472062883
1.7397592067718506 0.7876580357551575 0.10775714472062883
1.753623366355896 0.7893486022949219 0.10681004996206386
1.7684332132339478 0.7910081744194031 0.10683054198914063
1.783004641532898 0.7924938797950745 0.10685820548126362
1.7970730066299438 0.7941021919250488 0.10615677143160342
1.811191439628601 0.7955508232116699 0.10591715257701695
1.824927568435669 0.7970902919769287 0.10585062448025005
1.8394660949707031 0.7985311150550842 0.10613839107840131
1.8589154481887817 0.8005572557449341 0.10557360146977089
1.8731582164764404 0.8021290302276611 0.10604778181730902
1.887815237045288 0.8035557866096497 0.10615437347518109
1.9021457433700562 0.8050910830497742 0.10616416359972361
1.9161487817764282 0.8064644932746887 0.10635201246547395
1.9304234981536865 0.8079980611801147 0.10400910893996404
1.9445006847381592 0.8094179034233093 0.10360068058136725
1.9640554189682007 0.8113368153572083 0.1029290662290458
1.9785925149917603 0.8128339648246765 0.1027009175981164
1.992531418800354 0.8141259551048279 0.10238019775554111
2.007416248321533 0.8156179785728455 0.10218920540582051
2.0218665599823 0.8169713616371155 0.10251182737456634
2.0363271236419678 0.8184146881103516 0.10225171716906789
2.0506932735443115 0.8199643492698669 0.10175915011263603
2.065218210220337 0.8213103413581848 0.10175917243500647
2.0844366550445557 0.8233355283737183 0.10075541847769139
2.0987770557403564 0.8247743844985962 0.10075539615455242
2.113355875015259 0.8262841105461121 0.10021040090003693
2.1279447078704834 0.8276582956314087 0.0994595921305022
2.1425397396087646 0.8289927244186401 0.09920615120570929
2.1567814350128174 0.8304352164268494 0.09732358828901928
2.1708836555480957 0.8317049145698547 0.0961756107026966
2.1849663257598877 0.8330773711204529 0.09411159322864976
2.199364423751831 0.8343903422355652 0.09356104085808413
2.2187447547912598 0.8360951542854309 0.09237107524158007
2.2334067821502686 0.8374412059783936 0.0923710529138193
2.2483010292053223 0.8386828303337097 0.09197837215923826
2.262523889541626 0.8399925827980042 0.09151319188138231
2.2768688201904297 0.8412967920303345 0.0905707346308569
2.291330337524414 0.8425763249397278 0.08929852223730286
2.305917978286743 0.843839168548584 0.08855155212398706
2.320646286010742 0.8451882004737854 0.08695673739313084
2.340106964111328 0.8468288779258728 0.08608507159639697
2.3546369075775146 0.8477924466133118 0.08654190538553663
2.3693041801452637 0.8489412069320679 0.08539660041086297
2.3835251331329346 0.8501460552215576 0.08359225669605186
2.3982372283935547 0.851408064365387 0.08182913553404145
2.412787437438965 0.8524830937385559 0.07994610153495417
2.4273197650909424 0.8537194132804871 0.0790346143555889
2.4420740604400635 0.8547917604446411 0.078874100203645
2.461245536804199 0.8564125299453735 0.07734773275700575
2.475863218307495 0.8575207591056824 0.07693717622600733
2.4910073280334473 0.8586689829826355 0.076721654175904
2.505646228790283 0.8596951961517334 0.07634663457298616
2.5200986862182617 0.860795259475708 0.075762724143515
2.5345635414123535 0.8618528842926025 0.07455417941766469
2.5489227771759033 0.8630207777023315 0.07306788259426245
2.5639617443084717 0.864226758480072 0.0722892078333563
2.5832197666168213 0.86564701795578 0.07073564136243503
2.597961664199829 0.8668067455291748 0.06973357988381726
2.6128077507019043 0.8677621483802795 0.0684122466347144
2.6269545555114746 0.8689044713973999 0.06727330301812512
2.641185998916626 0.8697075843811035 0.06603686742316964
2.6554055213928223 0.8707588315010071 0.06506626155143423
2.6698079109191895 0.8715132474899292 0.06414764008299136
2.6847000122070312 0.8724063038825989 0.06442300461162932
2.704118251800537 0.8736069202423096 0.06277696465654836
2.718479871749878 0.8744089007377625 0.06276170113292086
2.733336925506592 0.8752041459083557 0.06276170113292086
2.747506856918335 0.8760496377944946 0.061705971337533944
2.7620978355407715 0.8768737316131592 0.060975934379818665
2.776352882385254 0.8776532411575317 0.058715965988516895
2.7911016941070557 0.8783443570137024 0.05781928621215325
2.8055717945098877 0.8792352080345154 0.05560723106504056
2.8242201805114746 0.8803406357765198 0.054224669058835995
2.8387908935546875 0.8811472058296204 0.05411046857142481
2.853156566619873 0.8819535374641418 0.052870944675565114
2.8671693801879883 0.8825637102127075 0.05264158759476486
2.8815770149230957 0.8831615447998047 0.051825961583361856
2.8956525325775146 0.8838610649108887 0.05099770205500341
2.9098868370056152 0.8845314383506775 0.04987475695070436
2.929142951965332 0.8856704831123352 0.04872245971670966
2.9434516429901123 0.8865509033203125 0.048338630717678466
2.958299160003662 0.8871863484382629 0.04827901531879868
2.9729361534118652 0.8877595067024231 0.04805296623413471
2.986769437789917 0.8882896304130554 0.04792159661960031
3.000978708267212 0.888985276222229 0.047384224628841946
3.0149874687194824 0.8895973563194275 0.04738423580157127
3.029555082321167 0.8901413083076477 0.04738424697618171
3.0441737174987793 0.8910184502601624 0.046735039763015476
3.058317184448242 0.8917216658592224 0.047468891355398446
3.0773189067840576 0.8928724527359009 0.04750849098617722
3.091932535171509 0.8937336206436157 0.047508502157692804
3.105595588684082 0.8945080041885376 0.04821016542612132
3.1198391914367676 0.8952100872993469 0.048210176600303675
3.134226083755493 0.8958829641342163 0.04821018777564441
3.148561716079712 0.8967565298080444 0.0474205615260842
3.163355588912964 0.8976300954818726 0.04742058387244317
3.182070016860962 0.898540735244751 0.04741436653263202
3.196293830871582 0.8993517756462097 0.046792346094586615
3.210836410522461 0.8998962640762329 0.046257588708496035
3.224614381790161 0.9006829261779785 0.04522119553789016
3.2389018535614014 0.9015350341796875 0.04492532793434905
3.252716064453125 0.9023081064224243 0.04443370242462792
3.2668263912200928 0.9030831456184387 0.043636429002781384
3.2810885906219482 0.9036508202552795 0.043636429002781384
3.299485445022583 0.9047353267669678 0.043006279656865286
3.313786745071411 0.9052847623825073 0.04394373923113201
3.328780174255371 0.9060305953025818 0.04394373923113201
3.3424556255340576 0.9067881107330322 0.04430850055085693
3.356562376022339 0.9073492288589478 0.04436547806936897
3.3705132007598877 0.9080808758735657 0.044511867192237466
3.384429693222046 0.9086707830429077 0.04508740903974972
3.398677110671997 0.90932697057724 0.04510313795599439
3.4178521633148193 0.9103969931602478 0.04534631392543918
3.4323058128356934 0.9110970497131348 0.0459399801115626
3.4464762210845947 0.9118316769599915 0.04593999128448977
3.4604504108428955 0.9122849702835083 0.04599078693479769
3.474226713180542 0.9129295945167542 0.04589206679579897
3.488267660140991 0.9136165380477905 0.0451420033344566
3.502502679824829 0.9143434762954712 0.04471165046546975
3.5168216228485107 0.915014922618866 0.04691989785261576
3.535820722579956 0.9158769845962524 0.047866189440709264
3.5499002933502197 0.9165670275688171 0.047576030375842765
3.5642175674438477 0.9171047806739807 0.04891022642396491
3.5781421661376953 0.9176875352859497 0.049788769523097964
3.59240460395813 0.9184993505477905 0.0504675504323879
3.6065714359283447 0.9192981123924255 0.05046752808772492
3.6207051277160645 0.920024573802948 0.05108572867827118
3.634760856628418 0.9206088185310364 0.05279923911665403
3.6535556316375732 0.9216166138648987 0.05333090805033534
3.667673110961914 0.9222398400306702 0.05484130420951616
3.6822500228881836 0.9230466485023499 0.054920229723456476
3.6964406967163086 0.923866331577301 0.05496600993273164
3.709496021270752 0.9245232939720154 0.05548241298011631
3.7198190689086914 0.9251955151557922 0.05584192545789637
3.729099750518799 0.9256924986839294 0.05631946790421457
3.739199638366699 0.9262402057647705 0.05568884495147573
['bump_front_center']
3.752572774887085 0.9269917011260986 0.05636572826632664
3.7574210166931152 0.927265465259552 0.055175773767300644
3.756762981414795 0.9271493554115295 0.0552210993569002
3.7557971477508545 0.9272143244743347 0.05178844468469857
3.7529847621917725 0.9268860220909119 0.052867529441672174
3.7478482723236084 0.9265726804733276 0.053851705205452516
3.740189552307129 0.9262428283691406 0.05366621782805623
3.7327194213867188 0.925766110420227 0.053786860716892676
3.7236573696136475 0.925345778465271 0.055155381283492184
3.7168703079223633 0.9250286817550659 0.055903540942718995
3.70993971824646 0.9246187210083008 0.056045641487083735
3.702670097351074 0.9243853688240051 0.056045652658698895
3.6958911418914795 0.9239274263381958 0.05675184218928121
3.688868761062622 0.9235438108444214 0.05726943846568707
3.68183970451355 0.9230667352676392 0.05785738724027336
3.6753134727478027 0.9225939512252808 0.0583242043616328
3.6670658588409424 0.9222956299781799 0.05909878105287843
3.6640267372131348 0.9219366312026978 0.06574344999692262
3.6643545627593994 0.9218886494636536 0.06864830062132757
3.665116786956787 0.9218572974205017 0.07327046378371714
3.664869546890259 0.9218055009841919 0.10099985375418317
3.664193868637085 0.9219591617584229 0.1505315736246343
3.6642956733703613 0.9216510653495789 0.20198207673767654
3.664344549179077 0.9214994311332703 0.2461589472793456
3.664245843887329 0.921497642993927 0.3103101315076874
3.664013385772705 0.9213438034057617 0.3606263407986851
3.6639556884765625 0.9211810231208801 0.40760164832692447
3.6641085147857666 0.9209245443344116 0.4551908884595497
3.6639697551727295 0.9207653999328613 0.5024003991678229
3.6639692783355713 0.9207878112792969 0.5489777989964324
3.6639955043792725 0.9205977320671082 0.5965822002793847
3.66408634185791 0.9205310344696045 0.6421101276991259
3.6641767024993896 0.9202590584754944 0.689498913842383
3.6640543937683105 0.9199958443641663 0.7528959580246409
3.664099931716919 0.9199056625366211 0.799301186679602
3.6643638610839844 0.9197610020637512 0.8453605703328122
3.6642708778381348 0.9196286201477051 0.8928887348395336
3.664231777191162 0.9195948243141174 0.9407766164531511
3.664433479309082 0.9194540977478027 0.9892031580247603
3.6646389961242676 0.9194421768188477 1.0345039348544216
3.6645615100860596 0.9193969368934631 1.098760921804402
3.6647379398345947 0.9194262027740479 1.147989351021824
3.664781093597412 0.9194363355636597 1.1943971882624327
3.6648600101470947 0.9193624258041382 1.2412931685475286
3.6648898124694824 0.9192839860916138 1.2880325391454501
3.664835214614868 0.9191325306892395 1.3349699674898707
3.6650261878967285 0.9191411137580872 1.3830330384611627
3.665069818496704 0.9197098016738892 1.4259671275709147
3.6656007766723633 0.923234760761261 1.4802170864753739
3.6660287380218506 0.9277746081352234 1.5143788627870143
3.666239023208618 0.9339319467544556 1.5428699275770033
3.6663641929626465 0.9417153596878052 1.5649286912392537
3.666227340698242 0.9512136578559875 1.5840973673148815
3.6659321784973145 0.9621902704238892 1.5995771787596296
3.665229558944702 0.9743079543113708 1.6093561827365703
3.6642167568206787 0.9879807233810425 1.6142672331714212
3.662701368331909 1.0075905323028564 1.6136105139683574
3.6614387035369873 1.0217517614364624 1.6136105139683574
3.6604580879211426 1.0357621908187866 1.6136105139683574
3.659498929977417 1.050022840499878 1.614421297028126
3.658501625061035 1.0647395849227905 1.614702049395106
3.657522201538086 1.0792614221572876 1.6151643688160462
3.6562881469726562 1.0934501886367798 1.616680249854556
3.6551358699798584 1.1077567338943481 1.6190606366166098
3.6535327434539795 1.1268349885940552 1.6192329814114865
3.6525070667266846 1.1410726308822632 1.6212745857985837
3.6512205600738525 1.1554120779037476 1.6211658795528936
3.6501195430755615 1.1698487997055054 1.6216832366160334
3.6491949558258057 1.1843253374099731 1.6225057004211934
3.647822618484497 1.1986472606658936 1.6225057004211934
3.6465210914611816 1.2129647731781006 1.6225057004211934
3.6452324390411377 1.227200984954834 1.6229653229345762
3.6434953212738037 1.2461886405944824 1.6237490259967295
3.64216947555542 1.2605695724487305 1.6245329908400312
3.640871286392212 1.2748091220855713 1.6261316840561728
3.6394646167755127 1.289231538772583 1.6264123444790717
3.6382124423980713 1.3020485639572144 1.6259987164231473
3.6371312141418457 1.31312096118927 1.627185537829096
3.6362688541412354 1.3231743574142456 1.628247135623067
3.6352221965789795 1.3336509466171265 1.6284218743247358
3.634098768234253 1.3442939519882202 1.629103196906018
3.632652759552002 1.3593552112579346 1.6309379833142048
3.63157057762146 1.3698532581329346 1.6317718222699966
3.6306066513061523 1.3801989555358887 1.6322242470011392
3.629443645477295 1.3910855054855347 1.6327320051984922
3.6284162998199463 1.4015285968780518 1.6327320051984922
3.6267950534820557 1.4154671430587769 1.6327727636920917
3.6259734630584717 1.4224271774291992 1.6331782610917682
3.62455153465271 1.4374077320098877 1.6335389811431524
3.6234045028686523 1.4480688571929932 1.633745219698693
3.621992349624634 1.45841646194458 1.633745219698693
['bump_front_center']
3.6211955547332764 1.4656931161880493 1.6334102444215362
3.6210579872131348 1.465597152709961 1.6319265416746729
3.621333360671997 1.464775800704956 1.633854904801943
3.621535301208496 1.4622575044631958 1.634239330787258
3.6216742992401123 1.4572919607162476 1.633617768286871
3.6219613552093506 1.4504060745239258 1.6327555162712564
3.6223552227020264 1.4400966167449951 1.6309359437398425
3.6225764751434326 1.4335414171218872 1.6305930377179592
3.622805118560791 1.4269217252731323 1.6321302217122042
3.6230692863464355 1.4200544357299805 1.6325945090883653
3.6232709884643555 1.4131122827529907 1.6328357508883706
3.623512029647827 1.406552791595459 1.6329111449772227
3.6238157749176025 1.3996038436889648 1.632959880775824
3.624129295349121 1.3907480239868164 1.6334473339527344
3.624307632446289 1.383817434310913 1.633615421057136
3.624476909637451 1.3776779174804688 1.633615421057136
3.6246559619903564 1.3734620809555054 1.6381862099981044
3.6247036457061768 1.3729299306869507 1.6435837715822663
3.6245861053466797 1.3737151622772217 1.647213763551351
3.6245553493499756 1.3738971948623657 1.672358325756508
3.624222993850708 1.373559594154358 1.7192797762386904
3.6242127418518066 1.373720645904541 1.7885016779932585
3.624260187149048 1.3737226724624634 1.8350764550990444
3.6244654655456543 1.373921513557434 1.8814636745877928
3.6245548725128174 1.3738964796066284 1.9279597647162905
3.6245033740997314 1.3738247156143188 1.976166667624488
3.6245715618133545 1.3738354444503784 2.0233345058327274
3.6245617866516113 1.3738394975662231 2.069297254133977
3.6246871948242188 1.3741308450698853 2.1159039085967772
3.624647855758667 1.374013066291809 2.180289049135289
3.6245498657226562 1.3741146326065063 2.2263829388969785
3.624427318572998 1.3744173049926758 2.2728271672873723
3.624272108078003 1.3744601011276245 2.321006990331371
3.6240837574005127 1.3744357824325562 2.3694803308944015
3.6240041255950928 1.3744969367980957 2.417877224319176
3.6239895820617676 1.374375343322754 2.463567268992647
3.623976469039917 1.3745008707046509 2.5109095098792187
3.624049663543701 1.374621868133545 2.5746221162956147
3.6240479946136475 1.3747369050979614 2.6186296630964105
3.6238832473754883 1.3747738599777222 2.66501902575519
3.6236062049865723 1.3749176263809204 2.7134881154910055
3.623692512512207 1.375077724456787 2.7594301734268063
3.623746156692505 1.3751877546310425 2.8040251992877905
3.6237378120422363 1.3749797344207764 2.852181897023477
3.6232564449310303 1.3752388954162598 2.899776939579412
3.6230435371398926 1.3752467632293701 2.961679692922617
3.6217007637023926 1.3754751682281494 3.0075023318758887
3.618746519088745 1.3759143352508545 3.0495033236261886
3.614191770553589 1.3763362169265747 3.0844256885771797
3.607773542404175 1.3767163753509521 3.116548301231621
3.600041389465332 1.3769946098327637 3.14046478270146
3.5905985832214355 1.3768882751464844 -3.122805834571372
3.580204486846924 1.3768588304519653 -3.108110901520942
3.563281297683716 1.3760274648666382 -3.0958332999849842
3.5493311882019043 1.3750957250595093 -3.0917749376872847
3.533865213394165 1.374186396598816 -3.091405629698025
3.5186100006103516 1.3733608722686768 -3.092553852143653
3.503571033477783 1.37249755859375 -3.0915539266929537
3.489211320877075 1.3716695308685303 -3.091015812047601
3.4745733737945557 1.3709639310836792 -3.0900378193544435
3.4598913192749023 1.3700463771820068 -3.088809730691853
3.440701723098755 1.3688043355941772 -3.085486890121443
3.4258124828338623 1.367837905883789 -3.0851221084890006
3.411182165145874 1.3667876720428467 -3.0842714282379933
3.395754337310791 1.3659898042678833 -3.0830578801668227
3.3810360431671143 1.3651254177093506 -3.082321885212923
3.366682291030884 1.3642181158065796 -3.0822885011329397
3.3523385524749756 1.3632160425186157 -3.0799810874843017
3.337178945541382 1.3620960712432861 -3.0788753047355635
3.317577362060547 1.3606072664260864 -3.0783414855383953
3.3029487133026123 1.3595633506774902 -3.0780148564751553
3.2882580757141113 1.358522891998291 -3.078278782376262
3.274074077606201 1.3575094938278198 -3.0799379382564145
3.259645462036133 1.3564472198486328 -3.0799379382564145
3.2454731464385986 1.355452299118042 -3.0795855553870446
3.2307939529418945 1.3542252779006958 -3.079540736900424
3.2161970138549805 1.3533070087432861 -3.0788862739327802
3.196793556213379 1.3515573740005493 -3.0785040849673897
3.182358980178833 1.3506059646606445 -3.078911547929751
3.1682302951812744 1.349351406097412 -3.0791544887491433
3.153372049331665 1.348283290863037 -3.077983851902019
3.138780117034912 1.3469303846359253 -3.0776372038118165
3.124504327774048 1.3456281423568726 -3.077032566072912
3.110302209854126 1.3443388938903809 -3.0756347159111743
3.0957398414611816 1.3430813550949097 -3.075028423838429
3.0767505168914795 1.341526985168457 -3.0745308343926987
3.062140703201294 1.3401585817337036 -3.0756492569719547
3.0477991104125977 1.3388460874557495 -3.0765461954835702
3.033162832260132 1.337568759918213 -3.0772128178915055
3.019019365310669 1.3361200094223022 -3.077438354521968
3.005178928375244 1.3350471258163452 -3.0778474748978293
2.9908552169799805 1.3340346813201904 -3.0778474748978293
2.976092576980591 1.3327945470809937 -3.078011031578119
2.957275390625 1.331390380859375 -3.0775799781690796
2.9428160190582275 1.3304163217544556 -3.077207085517644
2.9285948276519775 1.3292732238769531 -3.077207085517644
2.914538621902466 1.3282732963562012 -3.0768077374698866
2.9001548290252686 1.3271026611328125 -3.0776071609281233
2.8864569664001465 1.3260167837142944 -3.0787460824847512
2.8715057373046875 1.3248710632324219 -3.0790369489445113
2.8569419384002686 1.3237429857254028 -3.0790369489445113
2.838400363922119 1.3223844766616821 -3.0803687558380783
2.824132204055786 1.3213263750076294 -3.081812143739593
2.809993267059326 1.3204412460327148 -3.082692622509706
2.7949302196502686 1.319378137588501 -3.0837695597884114
2.7804760932922363 1.318509817123413 -3.0830609777215736
2.766517400741577 1.3176573514938354 -3.0825121368577504
2.7516844272613525 1.3167098760604858 -3.082490202496076
2.7372777462005615 1.3158469200134277 -3.081156965530806
2.7181289196014404 1.3146002292633057 -3.0796871217867654
2.703646659851074 1.3137269020080566 -3.0796205955140747
2.689218759536743 1.3127552270889282 -3.0793764595839757
2.674211025238037 1.31172513961792 -3.07923960274653
2.659555435180664 1.3104971647262573 -3.078878639751844
2.6456735134124756 1.309657096862793 -3.0779569122503148
2.6308279037475586 1.3088347911834717 -3.0769786745903063
2.6164045333862305 1.3077499866485596 -3.076780319120397
2.5969855785369873 1.306566596031189 -3.0762469735248814
2.5826427936553955 1.3056117296218872 -3.075710059159545
2.567910671234131 1.3045600652694702 -3.075710059159545
2.5530195236206055 1.303663969039917 -3.0753111827145703
2.538242816925049 1.3027070760726929 -3.0745289354065335
2.5237491130828857 1.3019781112670898 -3.072700505653006
2.50934100151062 1.301180362701416 -3.071705108410736
2.494741201400757 1.300283432006836 -3.070960760631907
2.4753451347351074 1.2992087602615356 -3.068478826092006
2.4607791900634766 1.298353672027588 -3.0674920077630308
2.445643186569214 1.2973763942718506 -3.0667827217912076
2.430929660797119 1.2964273691177368 -3.066224818761923
2.4162373542785645 1.2954306602478027 -3.066224818761923
2.4019219875335693 1.2945897579193115 -3.0657422606323705
2.3873302936553955 1.2936007976531982 -3.0651533527667634
2.372251033782959 1.292634129524231 -3.0645556478324307
2.357839345932007 1.2914760112762451 -3.06302047419437
2.3387913703918457 1.289916753768921 -3.0615143792558515
2.323638439178467 1.2887643575668335 -3.0603051261003076
2.309645652770996 1.2876447439193726 -3.059502597288531
2.295145034790039 1.2864534854888916 -3.0583291145190654
2.2807440757751465 1.2852506637573242 -3.0560491022244225
2.2664899826049805 1.284059762954712 -3.053985594392944
2.2514641284942627 1.2828178405761719 -3.0522937805263033
2.232908248901367 1.2810540199279785 -3.0511438753018516
2.2183589935302734 1.279654860496521 -3.050351622848643
2.2040011882781982 1.27849280834198 -3.049295657017049
2.189842462539673 1.2769159078598022 -3.049295657017049
2.175450325012207 1.2756564617156982 -3.048542494813925
2.161175489425659 1.2743743658065796 -3.0473515966233875
2.1467831134796143 1.273074746131897 -3.0463035034995323
2.132187843322754 1.2715741395950317 -3.0451965307115594
2.113783359527588 1.2699931859970093 -3.0412459317839162
2.0996756553649902 1.2684483528137207 -3.0398764542671617
2.084573984146118 1.2669763565063477 -3.0382359031682267
2.0703847408294678 1.2655959129333496 -3.0356857813871274
2.056239128112793 1.2641295194625854 -3.0330529207924783
2.042175531387329 1.2626583576202393 -3.0318820476651407
2.028135299682617 1.2610031366348267 -3.0299692122803386
2.0134124755859375 1.2592413425445557 -3.0286784113546537
1.9944186210632324 1.257064700126648 -3.0272424134563125
1.9802874326705933 1.2554802894592285 -3.026313540267017
1.9655027389526367 1.2538925409317017 -3.0255665658515425
1.9513152837753296 1.2522622346878052 -3.0255832656363983
1.937408447265625 1.2506896257400513 -3.0254220943309162
1.9232536554336548 1.2490332126617432 -3.0254220943309162
1.9086899757385254 1.2474775314331055 -3.0243556493911825
1.893947720527649 1.2458198070526123 -3.022921795370701
1.8751046657562256 1.2434667348861694 -3.0216748705505174
1.8606328964233398 1.2416281700134277 -3.0213406098672007
1.8463361263275146 1.2397452592849731 -3.020838501767643
1.8318390846252441 1.2381407022476196 -3.0194225348774837
1.8170642852783203 1.2365038394927979 -3.0187540097765044
1.802842140197754 1.2348192930221558 -3.017941002149616
1.788495659828186 1.2328954935073853 -3.0175063725587594
1.7736845016479492 1.2310956716537476 -3.0167279313643096
1.755260944366455 1.2287535667419434 -3.017144911424826
1.7410197257995605 1.2269079685211182 -3.017627236868968
1.7260464429855347 1.224998950958252 -3.0188176593486737
1.7118337154388428 1.2233307361602783 -3.019226789747343
1.6973713636398315 1.2215737104415894 -3.0192804441074252
1.6831486225128174 1.2197123765945435 -3.0192208327799848
1.668460488319397 1.2178467512130737 -3.018449063453223
1.6536633968353271 1.215958833694458 -3.0180332672044914
1.6344223022460938 1.2135882377624512 -3.0166406608043252
1.6204183101654053 1.211739420890808 -3.0169207962927174
1.6058048009872437 1.2099535465240479 -3.0173098921152244
1.5913447141647339 1.208205223083496 -3.0172996516842687
1.5769329071044922 1.2062805891036987 -3.0172996516842687
1.5623586177825928 1.2043125629425049 -3.0175795570400443
1.5475085973739624 1.202433466911316 -3.0175187558705066
1.5329774618148804 1.200757622718811 -3.0175187558705066
1.5138609409332275 1.1984968185424805 -3.018284554589771
1.4996700286865234 1.1967508792877197 -3.018697025558757
1.4852224588394165 1.1950193643569946 -3.0194580550080583
1.4704481363296509 1.1933050155639648 -3.020581007803981
1.4560282230377197 1.1914485692977905 -3.0204730042456616
1.4414525032043457 1.189724326133728 -3.0201971513363115
1.4269640445709229 1.188162088394165 -3.019920339587394
1.4122555255889893 1.1866025924682617 -3.0194487521291298
1.3929786682128906 1.1840623617172241 -3.019233935776345
1.3785903453826904 1.182287573814392 -3.019168601132938
1.3637720346450806 1.1804089546203613 -3.020434623647834
1.3491787910461426 1.1787102222442627 -3.0205986449980533
1.3349876403808594 1.1769461631774902 -3.020842309195197
1.320380449295044 1.1752086877822876 -3.0213706440627583
1.3062266111373901 1.1734087467193604 -3.02175045074623
1.2909733057022095 1.1717785596847534 -3.0214204763289865
1.2764146327972412 1.1699141263961792 -3.0227825631169165
1.257326364517212 1.1676987409591675 -3.0226032761990638
1.2426904439926147 1.1660805940628052 -3.0225131488381423
1.2282713651657104 1.164309024810791 -3.023399826775926
1.2141846418380737 1.162718653678894 -3.023246533242584
1.19937002658844 1.1609965562820435 -3.0228889035615696
1.1851141452789307 1.1593478918075562 -3.022905834177691
1.1702295541763306 1.157500982284546 -3.022452588860467
1.1557222604751587 1.155921459197998 -3.021532530614939
1.1369444131851196 1.1538417339324951 -3.021532530614939
1.122541904449463 1.152221441268921 -3.022513382170898
1.1078327894210815 1.1505675315856934 -3.0225672618402006
1.093595027923584 1.1487705707550049 -3.0231506786900653
1.079072117805481 1.1471266746520996 -3.023387189531731
1.0649209022521973 1.1455069780349731 -3.0237472119996163
1.0499829053878784 1.143754482269287 -3.024039745251517
1.0306673049926758 1.1415157318115234 -3.023995649434399
1.0161222219467163 1.139815330505371 -3.023861893126672
1.0012719631195068 1.138148546218872 -3.0232908653484323
0.9872132539749146 1.1364985704421997 -3.0234780234897114
0.9722926020622253 1.1349745988845825 -3.0224378059955894
0.9580339193344116 1.1333208084106445 -3.022533895538326
0.9431864023208618 1.131699562072754 -3.0226736047720775
0.927960216999054 1.1299560070037842 -3.0226736047720775
0.9130921959877014 1.1284269094467163 -3.0221312028301686
0.8946731686592102 1.1264077425003052 -3.0222740152098697
0.8795827031135559 1.1247694492340088 -3.0222740152098697
0.865184485912323 1.123029351234436 -3.023447986634757
0.8506892323493958 1.121172547340393 -3.0255501315576976
0.8357852697372437 1.1196117401123047 -3.0263071041982457
0.8211292028427124 1.1179654598236084 -3.026967517030186
0.8061283230781555 1.1163743734359741 -3.027358293955571
0.7917077541351318 1.114739179611206 -3.0279443176045584
0.7724173069000244 1.1127119064331055 -3.027911196389442
0.7572474479675293 1.1109942197799683 -3.0283608465538343
0.7430393099784851 1.1094999313354492 -3.0291769484862727
0.7286136746406555 1.1079835891723633 -3.029776575618214
0.7140156030654907 1.1064292192459106 -3.0301864106344176
0.699498176574707 1.1047136783599854 -3.0308005760242733
0.6845312118530273 1.103155493736267 -3.0306663542926437
0.6700828671455383 1.101594090461731 -3.0306663542926437
0.650698721408844 1.0995427370071411 -3.03077697293529
0.6359246373176575 1.0981026887893677 -3.0310766655828587
0.6219221353530884 1.0967464447021484 -3.032133098933857
0.6070281863212585 1.095035433769226 -3.03307127241972
0.5926929712295532 1.0936341285705566 -3.0330917860305227
0.5776368379592896 1.091943383216858 -3.0330917860305227
0.5625072717666626 1.0903294086456299 -3.0328288104720866
0.5482432246208191 1.0888384580612183 -3.0325853803084413
0.5289254784584045 1.086756944656372 -3.032212021194158
0.5141791701316833 1.0850951671600342 -3.0328299993700156
0.4999538064002991 1.083605408668518 -3.0330617484979068
0.48523199558258057 1.081945776939392 -3.0328934193156605
0.4705178439617157 1.0804738998413086 -3.0326461759673635
0.45582979917526245 1.0790125131607056 -3.0327279576556436
0.4408675730228424 1.0776729583740234 -3.0324027492154038
0.4264918565750122 1.0762548446655273 -3.0326614339879736
0.4070222079753876 1.0741924047470093 -3.035585639277315
0.3926127552986145 1.0728133916854858 -3.036691184433968
0.3778822720050812 1.071168303489685 -3.038598537317187
0.3633776605129242 1.0698299407958984 -3.0398170984008703
0.3489026725292206 1.0682759284973145 -3.04080462842453
0.33435752987861633 1.067034125328064 -3.040473459390158
0.31894806027412415 1.065420389175415 -3.0411927721575918
0.29980626702308655 1.0636647939682007 -3.0408508810045753
0.2852567434310913 1.0621376037597656 -3.040737869682357
0.2703939378261566 1.0607566833496094 -3.0413346365096725
0.25614091753959656 1.0593256950378418 -3.0416467135761187
0.24161233007907867 1.058008074760437 -3.0416243083249235
0.22648364305496216 1.0566298961639404 -3.041828867426062
0.21181657910346985 1.055186152458191 -3.042008640368036
0.19658303260803223 1.0537009239196777 -3.0419971990127546
0.1824118047952652 1.0523062944412231 -3.0422539692069392
0.16332489252090454 1.0504076480865479 -3.043179275907403
0.14841559529304504 1.0490819215774536 -3.043179275907403
0.13414204120635986 1.0477032661437988 -3.0442821945238547
0.11935998499393463 1.046258568763733 -3.0442821945238547
0.10507076233625412 1.044914722442627 -3.0445239568556848
0.09032179415225983 1.043447494506836 -3.0445239568556848
0.07524538785219193 1.0421470403671265 -3.0442507238469063
0.056378237903118134 1.0401346683502197 -3.0442507238469063
0.04156983643770218 1.0388017892837524 -3.043996576305124
0.026977695524692535 1.037222981452942 -3.0440206477671747
0.012403091415762901 1.0357893705368042 -3.0442316562780594
-0.0023483820259571075 1.034334659576416 -3.0444719848125943
-0.016890540719032288 1.032999038696289 -3.045217039348599
-0.032102979719638824 1.031595230102539 -3.045217039348599
['cliff_front_left', 'cliff_front_right']
-0.04718134552240372 1.0301971435546875 -3.045133117786166
-0.06009060889482498 1.0290305614471436 -3.0454492563365396
-0.06465136259794235 1.0284910202026367 -3.0460286184245757
-0.06558135896921158 1.0284254550933838 -3.0460286184245757
-0.06379090994596481 1.028481125831604 -3.050894026231767
-0.05824339762330055 1.0290015935897827 -3.0500555061583596
['cliff_front_right']
-0.0508517324924469 1.0297284126281738 -3.049158334232338
-0.04231847822666168 1.030466914176941 -3.049204584953198
-0.033896416425704956 1.031319260597229 -3.048921355008309
-0.026649026200175285 1.031948208808899 -3.04828286591964
-0.016451407223939896 1.0328854322433472 -3.048443081887996
-0.008838062174618244 1.0335229635238647 -3.048443081887996
-0.0012369039468467236 1.0342352390289307 -3.0479233274133595
0.006443547084927559 1.0349860191345215 -3.0479233274133595
0.013617927208542824 1.0357539653778076 -3.0454039548871648
0.019398830831050873 1.036260724067688 -3.0362265110213684
0.023538433015346527 1.0364171266555786 -3.013854731366002
0.025752563029527664 1.0367674827575684 -2.9874823093623664
0.02476121298968792 1.0368624925613403 -2.975133892457765
0.02428470551967621 1.0368112325668335 -2.9507009980623327
0.024328742176294327 1.0365668535232544 -2.9040386752838945
0.024467289447784424 1.0364351272583008 -2.852711683817569
0.024092769250273705 1.036663293838501 -2.8033251927688765
0.02377355843782425 1.0367939472198486 -2.7577652944991122
0.024039706215262413 1.0369527339935303 -2.7099587887015706
0.023838527500629425 1.037085771560669 -2.660292383096264
0.02329365536570549 1.0371168851852417 -2.5976746165889715
0.023413153365254402 1.0371335744857788 -2.5501032267638277
0.023250631988048553 1.0372447967529297 -2.502057938821208
0.023160962387919426 1.037420392036438 -2.4544258089898685
0.02306082844734192 1.0375571250915527 -2.4073450561787193
0.022982800379395485 1.037680983543396 -2.359704739087728
0.022833826020359993 1.0378856658935547 -2.3119401686297953
0.02264956384897232 1.0379090309143066 -2.2652394308122767
0.022382544353604317 1.037972092628479 -2.203138845127701
0.022285835817456245 1.0381195545196533 -2.155711614084643
0.021999014541506767 1.0382213592529297 -2.108913917943313
0.021931661292910576 1.0382479429244995 -2.060904583425361
0.02176900953054428 1.0383511781692505 -2.013187848212208
0.021587122231721878 1.0383164882659912 -1.9657359439892106
0.021480020135641098 1.0384163856506348 -1.9182839806810819
0.021291831508278847 1.0384482145309448 -1.871291634453423
0.021020615473389626 1.0383944511413574 -1.8076328301347853
0.020848579704761505 1.038407802581787 -1.759034578752244
0.020682228729128838 1.0384259223937988 -1.7110626340240793
0.020384151488542557 1.0375677347183228 -1.6660556546687175
0.02000804804265499 1.0349105596542358 -1.6240363237462712
0.019818373024463654 1.030611515045166 -1.589442883007532
0.01979299634695053 1.0245792865753174 -1.5576956994140814
0.019801849499344826 1.014125943183899 -1.525677434612908
0.0201333686709404 1.0044662952423096 -1.5086150534684402
0.02081335335969925 0.9935075044631958 -1.49632176564676
0.02169584110379219 0.9809667468070984 -1.488192065542966
0.022855399176478386 0.9672436714172363 -1.4857428020836327
0.023964280262589455 0.9522003531455994 -1.4873734726316794
0.025212489068508148 0.9371278882026672 -1.486645184123008
0.02626652829349041 0.923269510269165 -1.4864599699445935
0.027800409123301506 0.9040421843528748 -1.48614012573018
0.028947291895747185 0.889194667339325 -1.4845171276434297
0.029928766191005707 0.8751391768455505 -1.4842709485084415
0.03111434169113636 0.8609622716903687 -1.483499388151257
0.03216487541794777 0.8470661044120789 -1.483499388151257
0.03331804275512695 0.8323332071304321 -1.4825332188071059
0.03441217914223671 0.8177451491355896 -1.4824209512346032
0.035727694630622864 0.8031715154647827 -1.4818085733449915
0.03697242587804794 0.7888583540916443 -1.4799496224348692
0.03854646533727646 0.7695136070251465 -1.478604541220133
0.039941515773534775 0.7554556727409363 -1.478142725326165
0.04100443050265312 0.7411180734634399 -1.4780848339919532
0.04226703941822052 0.7268162965774536 -1.4787672884420926
0.0434047095477581 0.7122711539268494 -1.4782906198309225
0.044669732451438904 0.697710394859314 -1.4782902027098594
0.04590267688035965 0.6836317181587219 -1.4774566701952168
0.0474855862557888 0.6644231081008911 -1.4765379114028392
0.048781007528305054 0.6497101783752441 -1.4764957655499613
0.049814410507678986 0.6354029774665833 -1.4762534887067627
0.05096743628382683 0.6210094094276428 -1.4762534887060421
0.052255380898714066 0.60694819688797 -1.4764005921269268
0.053422361612319946 0.5923414826393127 -1.4766080516859166
0.054737113416194916 0.5775975584983826 -1.4774885165984062
0.055909622460603714 0.5634903907775879 -1.4770080773210414
0.057158973067998886 0.5488364696502686 -1.4772509151452038
0.05874725431203842 0.5299481749534607 -1.4772456705369768
['bump_right']
['bump_front_right']
0.059948187321424484 0.5228760838508606 -1.4820559109872382
0.05985688790678978 0.5234900712966919 -1.485944265646296
0.05899770185351372 0.5247424840927124 -1.4807457853599448
0.05873720347881317 0.5285648107528687 -1.481641285715031
0.05815752595663071 0.5333759188652039 -1.4833329404024411
0.05728239193558693 0.5399787425994873 -1.4831918537304047
0.05655330792069435 0.5473664999008179 -1.4837787802608897
0.05553769692778587 0.5567478537559509 -1.4848123580418973
0.05484054610133171 0.5635142922401428 -1.4848123580418973
0.05425223335623741 0.5702790021896362 -1.484883660949981
0.053509168326854706 0.577009916305542 -1.484883660949981
0.05272606760263443 0.5837386250495911 -1.484792988123341
0.05189419165253639 0.5903582572937012 -1.4847930759687482
0.05113733932375908 0.5972492694854736 -1.4857615321107474
0.050683628767728806 0.6044648289680481 -1.4868208596550079
0.04965842142701149 0.6135111451148987 -1.4868830372790427
0.04927094280719757 0.6168621778488159 -1.4872761706391893
0.04932761937379837 0.6169827580451965 -1.486106922575256
0.049554966390132904 0.616651713848114 -1.466136644978755
0.04954560473561287 0.616661787033081 -1.4176254164868403
0.04942593723535538 0.6167804002761841 -1.3670786947594589
0.04917976260185242 0.6169267892837524 -1.3180082334073149
0.049105286598205566 0.6166173219680786 -1.2706673202427774
0.049012552946805954 0.616664707660675 -1.2064385595372027
0.048757363110780716 0.6165383458137512 -1.159101847523777
0.0486312173306942 0.6164618730545044 -1.112384111172721
0.048523206263780594 0.6164367198944092 -1.0658022869162658
0.048381172120571136 0.6165151596069336 -1.017914290426663
0.04822400212287903 0.616503119468689 -0.9692803867751038
0.04814063012599945 0.6162887215614319 -0.9205503792591895
0.04792257770895958 0.6162142157554626 -0.8568865515957232
0.04783201962709427 0.6161609292030334 -0.8097559102005113
0.04770314320921898 0.6161885857582092 -0.7629567075821041
0.0475643090903759 0.6161320805549622 -0.7161069311126672
0.047319162636995316 0.616105854511261 -0.6688808967154471
0.047144509851932526 0.6159936785697937 -0.6225145915253426
0.04699425771832466 0.615912139415741 -0.5751153399908586
0.046893101185560226 0.6156895756721497 -0.5272914085400263
0.046629201620817184 0.615630030632019 -0.48054158096935584
0.046426139771938324 0.6155412197113037 -0.41814787587085916
0.04618258401751518 0.6155562400817871 -0.37002691059883874
0.04597970470786095 0.6154396533966064 -0.322785281726483
0.045807983726263046 0.6153721809387207 -0.276050561364533
0.045659139752388 0.6152998805046082 -0.2267806904540266
0.04561326280236244 0.6151744723320007 -0.1791598476229508
0.04609817638993263 0.6149942278862 -0.13361444385671478
0.049835193902254105 0.6145089864730835 -0.07846628085015539
0.05451212450861931 0.6140948534011841 -0.04740863851991982
0.06101200357079506 0.6139020919799805 -0.020495424827611467
0.06872200965881348 0.613657534122467 0.002420929418384549
0.07799013704061508 0.6136013865470886 0.02037752663541426
0.0889047235250473 0.6138034462928772 0.03285944482594436
0.10092055052518845 0.6142863035202026 0.04109816633730821
0.11462758481502533 0.614813506603241 0.044425464861126904
0.12899655103683472 0.6153353452682495 0.04470008805388864
0.14889055490493774 0.6164034605026245 0.04331973256235775
0.16291461884975433 0.6170411109924316 0.04330804229141777
0.17693357169628143 0.6176680326461792 0.04298618200035607
0.19129109382629395 0.6182935833930969 0.04298617082691873
0.20580874383449554 0.619006335735321 0.042931101247533784
0.21964138746261597 0.6194880604743958 0.0425467707253242
0.233663871884346 0.6201538443565369 0.04254675955173726
0.24755196273326874 0.6206665635108948 0.041652911323946905
0.2663585841655731 0.6215258240699768 0.04119227254993017
0.280796617269516 0.6221457719802856 0.04168103477841884
0.2950933575630188 0.6228610873222351 0.04175901814396294
0.3096216320991516 0.6236764788627625 0.04204035093434803
0.324019193649292 0.624268114566803 0.0427321997382795
0.3378956615924835 0.6248917579650879 0.04299110806109952
0.35207754373550415 0.6254969239234924 0.04327863084608135
0.37144312262535095 0.6262754797935486 0.04327863084608135
0.38578349351882935 0.6269207000732422 0.043206409785691846
0.39987698197364807 0.6274760365486145 0.043353013823702886
0.41436323523521423 0.6282798051834106 0.04443994547454251
0.4288136661052704 0.6288194060325623 0.045342847115181634
0.44292035698890686 0.6294591426849365 0.04462329651641755
0.4567605257034302 0.6300721764564514 0.04394620986311116
0.4710521101951599 0.6306281089782715 0.04296679856489974
0.4854463040828705 0.6312260627746582 0.042652582507979084
0.5048809051513672 0.6320275068283081 0.04265259740733424
0.5187098979949951 0.6326087117195129 0.04326605285375906
0.5332267880439758 0.6331666707992554 0.044141968969079674
0.5480102896690369 0.6337593793869019 0.04414195779595329
0.5624210238456726 0.6344255805015564 0.04444044178173002
0.5764292478561401 0.6348499059677124 0.04440300369028682
0.5904401540756226 0.6354919075965881 0.04458870977287177
0.6098530888557434 0.6361607909202576 0.044678816860443504
0.6235726475715637 0.6367271542549133 0.04432047439853522
0.6376081705093384 0.6373685598373413 0.04432047439853522
0.652325451374054 0.6378668546676636 0.04488864395824211
0.6667048335075378 0.6383503675460815 0.04488865513137056
0.6806275844573975 0.6389356255531311 0.04421034627824099
0.6949983835220337 0.6395294666290283 0.044210357451544835
0.7087828516960144 0.6402168273925781 0.042572387522912
0.7233253121376038 0.6407064199447632 0.04177984717860374
0.7426049709320068 0.641682505607605 0.0416463332517364
0.7568960785865784 0.6421101093292236 0.04260980301070614
0.771168053150177 0.6426405906677246 0.04234229029430992
0.7856073975563049 0.6431622505187988 0.04274733492759893
0.7993288636207581 0.6438294649124146 0.042747301407547046
0.8134673237800598 0.6443247199058533 0.04253631042778326
0.8275852203369141 0.6448291540145874 0.042929229707435915
0.8420721888542175 0.6454514265060425 0.043144524921412394
0.8608473539352417 0.6462110280990601 0.043517409608840416
0.8748302459716797 0.646681010723114 0.04346735722882179
0.8892012238502502 0.6471628546714783 0.04409990090436743
0.9036443829536438 0.6476452946662903 0.0435460393895428
0.9179286956787109 0.6481237411499023 0.04278282427128072
0.9321820139884949 0.648515522480011 0.042903232408883774
0.9462604522705078 0.6491843461990356 0.04225347996350746
0.9649796485900879 0.6497363448143005 0.04192420426465124
0.979569673538208 0.6503291130065918 0.042162635765229606
0.9937447309494019 0.6507601737976074 0.04247307950056929
1.0085151195526123 0.6512489318847656 0.04357775816127888
1.0230951309204102 0.6518677473068237 0.04420224495379241
1.0369915962219238 0.6524629592895508 0.04384314914749444
1.0510575771331787 0.652987539768219 0.04292302198497525
1.0651963949203491 0.6534818410873413 0.04152960120015371
1.0847686529159546 0.6543633341789246 0.040517438389659564
1.0990641117095947 0.6549767255783081 0.038227784806205804
1.1134400367736816 0.6555755734443665 0.03822421744605525
1.1277493238449097 0.6559717059135437 0.037982213551715396
1.1423285007476807 0.6565139293670654 0.037119586908185495
1.1563442945480347 0.6568369269371033 0.03655831958385033
1.171104907989502 0.6574366688728333 0.03611437252206913
1.185292363166809 0.6579846739768982 0.03586759832423697
1.2044609785079956 0.6587839126586914 0.0350302568143434
1.2185535430908203 0.6591072082519531 0.03563367595974553
1.2328248023986816 0.6595582962036133 0.035461778139734224
1.2474796772003174 0.659987211227417 0.035529716107658454
1.2621876001358032 0.6605982780456543 0.035529704937338306
1.2762012481689453 0.6610273122787476 0.03417675216663486
1.2899510860443115 0.6614534258842468 0.033281079931124516
1.3040012121200562 0.6618014574050903 0.031714060255702635
1.3227109909057617 0.6622596383094788 0.029595620383422023
1.3371309041976929 0.6626684069633484 0.0274693102801067
1.3514121770858765 0.6630178093910217 0.02690286155646276
1.3663276433944702 0.6632245779037476 0.02697986639498995
1.3806334733963013 0.6634500026702881 0.0265111436755137
1.3946168422698975 0.6637272834777832 0.02618857340122427
1.408944010734558 0.6639936566352844 0.026246754692140314
1.42317533493042 0.6642879247665405 0.024696787800108724
1.437767505645752 0.6645076274871826 0.024306952705503173
1.4567973613739014 0.6649261116981506 0.0237790956408195
1.4710160493850708 0.6652178764343262 0.023779106810387297
1.4852674007415771 0.6654610633850098 0.02377911797995509
1.4997117519378662 0.6657754182815552 0.024090745002636155
1.5138707160949707 0.6661078333854675 0.024004190635370147
1.528404951095581 0.6662073135375977 0.02297033608524922
1.5424777269363403 0.6664878726005554 0.022665620346740037
1.5618290901184082 0.6667512059211731 0.021811066480813154
1.5761055946350098 0.6669921875 0.020798697255446696
1.5906308889389038 0.6671561598777771 0.020798702843310413
1.605358362197876 0.6674453616142273 0.02064848416735687
1.6201263666152954 0.6677525043487549 0.020396223617508525
1.634031891822815 0.6678987741470337 0.020543803613942608
1.648425817489624 0.6681641340255737 0.019990902485472452
1.6625456809997559 0.6682877540588379 0.019799457353569774
1.6770596504211426 0.6685808300971985 0.01876975839743189
1.6964482069015503 0.6689079403877258 0.019258032108468253
1.7106764316558838 0.6689956188201904 0.01926780799873225
1.7252358198165894 0.6693041920661926 0.018559227706847668
1.7397031784057617 0.6693450808525085 0.019724358089640046
1.7532763481140137 0.6694681644439697 0.01888511761984652
1.767788052558899 0.6695950627326965 0.019069180948511795
1.7821444272994995 0.6698143482208252 0.019008384291844933
1.8014228343963623 0.6701763868331909 0.01867816735855283
1.815932035446167 0.6703409552574158 0.018856266196163037
1.8305567502975464 0.6704976558685303 0.019208892376060896
1.845300316810608 0.6707438826560974 0.0194699685086964
1.8602176904678345 0.6709780097007751 0.019154774711308883
1.874216079711914 0.6712731719017029 0.019058456238607673
1.8885698318481445 0.6715397834777832 0.018508176223350388
1.9025663137435913 0.6717592477798462 0.017745699205547822
1.9171268939971924 0.6720259785652161 0.017032815701084687
1.9362012147903442 0.6723642349243164 0.01678031839682907
1.9509007930755615 0.6725636720657349 0.016497784771490324
1.9653512239456177 0.672599732875824 0.016632724353695522
1.9795482158660889 0.6728696823120117 0.016625580100676766
1.9936401844024658 0.6730667948722839 0.016282964462949464
2.0079216957092285 0.673259437084198 0.01568357717353187
2.0228116512298584 0.6735358834266663 0.015683582761348784
2.037522315979004 0.6735367774963379 0.015434672637955317
2.0567615032196045 0.6737897992134094 0.01543466891275825
2.0717580318450928 0.673926591873169 0.01543466611886045
2.086130142211914 0.6741923689842224 0.013913787624172468
2.1001839637756348 0.6743154525756836 0.014532004648106101
2.1143059730529785 0.6744701266288757 0.01465502541894971
2.128726005554199 0.6746721267700195 0.01380173373844676
2.1433606147766113 0.6748090982437134 0.012479970528617509
2.1579623222351074 0.6750234961509705 0.011655303626838618
2.1764748096466064 0.6751008033752441 0.011908014005028028
2.1910648345947266 0.6753719449043274 0.010248205254755668
2.2055490016937256 0.6754884123802185 0.00966220222760042
2.219977855682373 0.6756769418716431 0.009774249894954706
2.2340996265411377 0.6757860779762268 0.008212713112139837
2.248492479324341 0.6758727431297302 0.008212713112139837
2.263214588165283 0.6759645938873291 0.006985891894033841
2.2775182723999023 0.6761149764060974 0.005589827729560493
2.2963294982910156 0.6760709881782532 0.005930026061726045
2.3116445541381836 0.676196277141571 0.005824413022098522
2.326251983642578 0.6763448715209961 0.0051876381486694306
2.3403851985931396 0.676455557346344 0.005231266181623534
2.354280948638916 0.6764349341392517 0.005622968572169163
2.368725538253784 0.6765083074569702 0.00480737089808036
2.3833837509155273 0.6765810251235962 0.003906190270412308
2.3979101181030273 0.6766496300697327 0.0026349952006248117
2.4168739318847656 0.6766222715377808 0.0014651025934622397
2.4320244789123535 0.6765706539154053 0.0005524414905674083
2.446310043334961 0.6763632297515869 4.2232689315510696e-05
2.4605486392974854 0.6763532757759094 0.000490936404072084
2.474982261657715 0.676135778427124 0.0004329994081362292
2.489668607711792 0.6761519908905029 -0.00023983090169853362
2.5046215057373047 0.6759946942329407 -5.648319880082621e-05
2.519312620162964 0.6759563684463501 -0.0015332792672207106
2.538113594055176 0.6759496331214905 -0.0022044407859816914
2.5526270866394043 0.6759065389633179 -0.0019507560937981469
2.567430019378662 0.6758889555931091 -0.002072114215250944
2.581681966781616 0.6757627129554749 -0.0018534787545240639
2.5961854457855225 0.6756561994552612 -0.0016219646917834966
2.6102819442749023 0.6756037473678589 -0.003003622335685316
2.624919891357422 0.6752914190292358 -0.004105608198595163
2.6391828060150146 0.6752894520759583 -0.00575763982285001
2.657932758331299 0.6751234531402588 -0.006948071379470527
2.673441171646118 0.6749186515808105 -0.008143034357736549
2.687770128250122 0.6746832728385925 -0.007479275253985431
2.702249526977539 0.6744926571846008 -0.006810987616755978
2.7160706520080566 0.6743407249450684 -0.0068109904107082194
2.7303309440612793 0.6740723848342896 -0.005906429003193483
2.74513840675354 0.6737946271896362 -0.005906430400186353
2.764247417449951 0.6734893321990967 -0.006433580200900381
2.778668165206909 0.6732720136642456 -0.0057581272544778035
2.7930948734283447 0.6730925440788269 -0.004402927921246149
2.8076984882354736 0.672864556312561 -0.0034725937387386405
2.8213584423065186 0.67280113697052 -0.0026211678833318957
2.835286855697632 0.672572672367096 -0.0013744156643299196
2.8495826721191406 0.6722913980484009 -0.002003634293860423
2.864004611968994 0.6721879839897156 -0.0023829813281372853
2.8788042068481445 0.67198646068573 -0.002111408239486087
2.8968422412872314 0.6715417504310608 -0.0025546499021743044
2.9114480018615723 0.671536386013031 -0.0021364373693690502
2.9259378910064697 0.6714360117912292 -0.001816700055706826
2.940272092819214 0.6712490916252136 -0.0009883924731496601
2.954585075378418 0.6711081862449646 -0.0013710619327027358
2.968524217605591 0.6709010601043701 -0.0014468788430040487
2.983107328414917 0.6708981990814209 -0.0009557390810888224
2.997826337814331 0.670641303062439 -0.0008484517116385353
3.0159661769866943 0.6704837679862976 -0.0003649416635811822
3.0309500694274902 0.670237123966217 2.8924099314637145e-05
3.046001434326172 0.6703124642372131 -0.0005835734933228896
3.0600717067718506 0.6703228950500488 -0.0004646020914082741
3.0737850666046143 0.6702097654342651 -0.0006953948828407215
3.0880537033081055 0.6701931953430176 -0.0010937981161391
3.102681875228882 0.6699817776679993 -0.0010937984653883502
3.1175379753112793 0.6700239777565002 -0.0011655627779770456
3.1364996433258057 0.6698615550994873 -0.000687048720694838
3.150923728942871 0.6698891520500183 0.0005556121297969329
3.165417194366455 0.6699253916740417 0.0022648583503014435
3.179558038711548 0.6697946190834045 0.0022011995318854706
3.193308115005493 0.669815182685852 0.0022011995318854706
3.20760178565979 0.6698344945907593 0.0033038926911726028
3.2221035957336426 0.6699041128158569 0.003303893389669674
3.2365784645080566 0.6698888540267944 0.00439466712167846
3.2507271766662598 0.6698960661888123 0.004464526131503115
3.2693545818328857 0.6700630187988281 0.004741330134109294
3.2838246822357178 0.6700350046157837 0.005999937031318799
3.2976741790771484 0.6701313257217407 0.005999935634343472
3.3119192123413086 0.6701107621192932 0.005999934237368147
3.3263087272644043 0.6699927449226379 0.0074521299599863994
3.3402154445648193 0.6699304580688477 0.00830637985862112
3.35459566116333 0.6698172092437744 0.00830637985862112
3.3732964992523193 0.6700493097305298 0.007788771081942103
3.3874709606170654 0.670367956161499 0.009371666180486784
3.402024507522583 0.6705785989761353 0.010388773468603042
3.416242837905884 0.6707651019096375 0.011466447585320335
3.4302449226379395 0.6712565422058105 0.011653370851820345
3.4442036151885986 0.6714495420455933 0.011300029871020323
3.4580185413360596 0.6716715693473816 0.011043485027092697
3.472181797027588 0.6716813445091248 0.009447701987475946
3.4913361072540283 0.6719331741333008 0.009674442596085582
3.5059762001037598 0.6720511317253113 0.009038807617908928
3.5200462341308594 0.6721951961517334 0.009165644719893373
3.5338873863220215 0.6722647547721863 0.009165639132843361
3.5479772090911865 0.6722721457481384 0.00826557723031453
3.561845541000366 0.6723595261573792 0.006918697997505141
3.5764784812927246 0.6725834608078003 0.005892528704800154
3.5903661251068115 0.6726254224777222 0.005733022900283341
3.609250545501709 0.6726559400558472 0.005663164951664678
3.6233601570129395 0.6726359724998474 0.005977172395676017
3.6371891498565674 0.6727312803268433 0.0059771737926929995
3.6511707305908203 0.6729257106781006 0.006648821099390057
3.6651687622070312 0.6729561686515808 0.007927758106307626
3.6796059608459473 0.6729559898376465 0.008074153935118655
3.6941189765930176 0.6731924414634705 0.00537820849699974
3.707535743713379 0.6732755303382874 0.00537820849699974
3.72607159614563 0.6734161972999573 0.005045108412522637
3.7388362884521484 0.6735804080963135 0.00315977212072792
3.749194622039795 0.6737468838691711 0.0027539435388943376
3.7591702938079834 0.6738259196281433 0.0021800032503724947
3.769315242767334 0.6739790439605713 0.0011415769734576986
['bump_front_center']
3.7785520553588867 0.6739410161972046 0.0015474206342770713
3.7809245586395264 0.6739277839660645 0.002714619172156747
3.780142068862915 0.6739401817321777 0.00284243012377315
3.778318166732788 0.6740596294403076 0.0018304052807050055
3.773897171020508 0.6739886999130249 0.003793762645490032
3.767568826675415 0.6740683317184448 0.0037570339342190085
3.75966739654541 0.6738996505737305 0.00256598836390091
3.7528328895568848 0.6739093661308289 0.002084093917470513
3.7459909915924072 0.6740050315856934 0.001663721685906023
3.738790988922119 0.6741592288017273 0.0016637220351871816
3.733569383621216 0.6740982532501221 0.002086252936372186
3.729203701019287 0.6743545532226562 0.02019813151107795
3.7269864082336426 0.6744361519813538 0.04541236112277054
3.7254018783569336 0.6746282577514648 0.0815312351660808
3.7249765396118164 0.6743961572647095 0.12473443993242712
3.7252280712127686 0.6743054986000061 0.17385237565421133
3.7249820232391357 0.6745300889015198 0.2234577010716065
3.7252120971679688 0.6743214130401611 0.2711797717913916
3.724945068359375 0.6741925477981567 0.3177123595305149
3.7246651649475098 0.6739726066589355 0.3811980663373289
3.7249181270599365 0.6739386320114136 0.4291667465777894
3.724832773208618 0.6737444400787354 0.4749594191430706
3.7246556282043457 0.6737136244773865 0.5190286135098784
3.724558115005493 0.6734172105789185 0.5648635625663121
3.7245445251464844 0.6732243895530701 0.6122587561249516
3.724583625793457 0.6732001304626465 0.6585430075374764
3.7244186401367188 0.6730046272277832 0.7029366633843668
3.7244949340820312 0.6728062033653259 0.764573277189867
3.7244465351104736 0.6725162267684937 0.8118243208843896
3.724456787109375 0.6724666953086853 0.8559912182675931
3.7242352962493896 0.672294557094574 0.9030379843321484
3.724372625350952 0.6722841262817383 0.9502191215027029
3.7241389751434326 0.6721867918968201 0.9982745340811182
3.7243635654449463 0.6722569465637207 1.0464483013637447
3.724120616912842 0.6721859574317932 1.0927539446601349
3.7240729331970215 0.6718791723251343 1.1554918488263284
3.7243285179138184 0.6719467043876648 1.2022590769825845
3.7243120670318604 0.6719313263893127 1.24750651794524
3.72434139251709 0.6718686819076538 1.2951475479101968
3.7243728637695312 0.6721132397651672 1.3426189943020126
3.7245469093322754 0.6729034781455994 1.3870728704413682
3.7249596118927 0.6750507950782776 1.4283027041849097
3.7254436016082764 0.6789454817771912 1.4620878748996673
3.726069927215576 0.6866205334663391 1.5010064033101431
3.7264959812164307 0.6944972276687622 1.5235832480802263
3.7267963886260986 0.703697681427002 1.5415946204133562
3.726834297180176 0.7145789861679077 1.5545819278974136
3.7266416549682617 0.7270647287368774 1.5631190530949457
3.726468563079834 0.7407976984977722 1.568178649757287
3.726199150085449 0.755394458770752 1.5697721222970245
3.7260169982910156 0.7700620293617249 1.5697721222970245
3.7252697944641113 0.7890334129333496 1.5717502029054145
3.7250308990478516 0.8033211827278137 1.5735891789736052
3.724470376968384 0.8177904486656189 1.573506418172593
3.7242164611816406 0.8320508599281311 1.575860496663084
3.7237212657928467 0.8465094566345215 1.5765916102117359
3.7230186462402344 0.8607996702194214 1.5770719401846893
3.722463369369507 0.8750495314598083 1.5776111313538943
3.7219672203063965 0.889397382736206 1.5776152376375636
3.721243143081665 0.903778612613678 1.5784800198825115
3.7205088138580322 0.9229594469070435 1.5779171605882714
3.7199039459228516 0.9370327591896057 1.5775657603260853
3.7194418907165527 0.9512706398963928 1.5775657603260853
3.718954563140869 0.9654562473297119 1.5777933940650977
3.718445301055908 0.9798074960708618 1.578212147970963
3.717878580093384 0.9942684769630432 1.5790110655229
3.717097043991089 1.0086774826049805 1.5797642112632326
3.716219425201416 1.0277128219604492 1.5819922452917148
3.7155771255493164 1.0419105291366577 1.583403238498356
3.7150917053222656 1.0559494495391846 1.5842749156699825
3.714524030685425 1.0704100131988525 1.5850647744504276
3.713937520980835 1.0849263668060303 1.5860513086496326
3.7132391929626465 1.099530577659607 1.5868276407001773
3.7126476764678955 1.1139965057373047 1.5868510282603894
3.7118337154388428 1.132987380027771 1.5876702122982174
3.7110514640808105 1.1470351219177246 1.5854224728086315
3.7103066444396973 1.1613940000534058 1.5854424268130904
3.7097785472869873 1.1754635572433472 1.5871868412470778
3.708991765975952 1.1899023056030273 1.5894079019402203
3.708420515060425 1.2044786214828491 1.590510487160417
3.7077741622924805 1.2188986539840698 1.5905011588087175
3.707043170928955 1.2335045337677002 1.5915652890969962
3.7064883708953857 1.2477308511734009 1.5909904089488112
3.7055933475494385 1.2617182731628418 1.5906400469704243
3.7043492794036865 1.280856728553772 1.5916838365295063
3.703376531600952 1.2950079441070557 1.5910467940920696
3.7024166584014893 1.309207558631897 1.5915822400536639
3.701749563217163 1.3235955238342285 1.5919188176202128
3.7009425163269043 1.3380974531173706 1.5915353524247784
3.700155019760132 1.352250576019287 1.5915353524247784
3.699221611022949 1.3666176795959473 1.591899450940809
3.698136329650879 1.386006236076355 1.5935520234430376
3.697326898574829 1.3991649150848389 1.5951369001643287
3.6966552734375 1.4102158546447754 1.599070474873318
3.695894718170166 1.4198378324508667 1.5986991282333138
3.695235013961792 1.4299501180648804 1.5952150510711949
3.6948697566986084 1.4409373998641968 1.596380445953937
3.6941399574279785 1.4518964290618896 1.5975593085212456
3.6931285858154297 1.466251254081726 1.5976047408612697
3.6923229694366455 1.4775395393371582 1.5976047408612697
3.691502571105957 1.4879802465438843 1.598776864201047
3.690781593322754 1.498400330543518 1.6001204842246166
['bump_left']
['bump_front_center']
3.6900362968444824 1.5082993507385254 1.5998086951044532
3.6900219917297363 1.510880708694458 1.602731188991981
3.6896281242370605 1.5116454362869263 1.6024607452684148
3.689340114593506 1.510378122329712 1.6006001557683063
3.689396619796753 1.5064948797225952 1.599662146513552
3.689373016357422 1.4978498220443726 1.599878262759335
3.6894516944885254 1.4903416633605957 1.6000408360755107
3.689448118209839 1.4835865497589111 1.6004935081489795
3.6895010471343994 1.476788878440857 1.5999140806480732
3.689552068710327 1.4698082208633423 1.5999140806480732
3.689521074295044 1.4629830121994019 1.5994227521215052
3.6894686222076416 1.4563709497451782 1.5989686643410987
3.689470052719116 1.449425458908081 1.5990578342449653
3.6895482540130615 1.4402662515640259 1.5990578342449653
3.6895315647125244 1.4337420463562012 1.598546382882513
3.689527988433838 1.4272009134292603 1.598546382882513
3.6894688606262207 1.4214723110198975 1.6012246747625611
3.689347505569458 1.4176216125488281 1.6122879491494282
3.6892013549804688 1.4171438217163086 1.6185115708201954
3.6893932819366455 1.417890191078186 1.6205290398740135
3.689349412918091 1.4177876710891724 1.6436143520981388
3.689077377319336 1.4176028966903687 1.6886974506031749
3.6890859603881836 1.4177340269088745 1.755973519258535
3.689054489135742 1.4179720878601074 1.8030308621983853
3.689121961593628 1.4181544780731201 1.8500126683215903
3.6890206336975098 1.4181114435195923 1.896632808572105
3.688981771469116 1.4180490970611572 1.9447260936268733
3.6889431476593018 1.4183744192123413 1.991925566572887
3.6888296604156494 1.4182696342468262 2.0394501825438454
3.688754081726074 1.4186025857925415 2.1021308636616727
3.688599109649658 1.4187638759613037 2.1488275788675657
3.6886518001556396 1.418534517288208 2.1979661746516057
3.688619613647461 1.4188400506973267 2.2473855015292026
3.6885271072387695 1.4189389944076538 2.2941522241223424
3.688497543334961 1.4187257289886475 2.3412833393497716
3.6884448528289795 1.418759822845459 2.388476599821027
3.6882362365722656 1.418867826461792 2.433117395121329
3.6882522106170654 1.418567180633545 2.4949803504151755
3.6882500648498535 1.418786883354187 2.5427928227897425
3.6882145404815674 1.4191268682479858 2.5896916602237465
3.6881041526794434 1.419164776802063 2.635946243962605
3.6879913806915283 1.4191811084747314 2.682728533448278
3.6876206398010254 1.4192792177200317 2.72998809819226
3.687704563140869 1.4193596839904785 2.7774091026792145
3.6876132488250732 1.4195080995559692 2.824375665929908
3.687479257583618 1.4196264743804932 2.8874456996632105
3.687394380569458 1.4196666479110718 2.9347655860774156
3.6864254474639893 1.4199800491333008 2.980759625197465
3.683515787124634 1.420531153678894 3.0219519169062217
3.678759813308716 1.4211159944534302 3.0550179394693826
3.672531843185425 1.4216228723526 3.0835547400800745
3.6648221015930176 1.4218324422836304 3.1081447607170944
3.6554360389709473 1.422019362449646 3.1283576492852174
3.640564441680908 1.4220658540725708 -3.135402918143643
3.6278717517852783 1.4219521284103394 -3.1265065678792276
3.6134541034698486 1.4216766357421875 -3.121201040880128
3.5977511405944824 1.421148657798767 -3.1208324423435605
3.582707643508911 1.42043137550354 -3.120425224413507
3.567985773086548 1.420113444328308 -3.1186981190306695
3.5532097816467285 1.419703722000122 -3.118926047727122
3.5386078357696533 1.419180989265442 -3.118885040773177
3.5191049575805664 1.4184876680374146 -3.117906091915494
3.5042498111724854 1.4180644750595093 -3.1163401623238935
3.489414691925049 1.4175728559494019 -3.115098475578489
3.474961757659912 1.4172123670578003 -3.1143169389824408
3.4604332447052 1.4167577028274536 -3.113537073491815
3.445678472518921 1.4162780046463013 -3.1117172227095287
3.4310097694396973 1.4154993295669556 -3.1104836432906455
3.4165096282958984 1.4147934913635254 -3.1097564660379846
3.3965506553649902 1.413671851158142 -3.1088285436551972
3.3817882537841797 1.4128270149230957 -3.1088285436551972
3.3674628734588623 1.4122602939605713 -3.108727928063128
3.3524718284606934 1.4115405082702637 -3.108727928063128
3.337639331817627 1.410892367362976 -3.108273028446524
3.3229715824127197 1.4100478887557983 -3.1072340012548003
3.308236837387085 1.409468650817871 -3.1063189502345327
3.293875217437744 1.4087238311767578 -3.10650134150729
3.2750046253204346 1.4080075025558472 -3.1062781809153277
3.260558605194092 1.4073963165283203 -3.1062781809153277
3.246074914932251 1.4065916538238525 -3.1062781809153277
3.2311949729919434 1.4058520793914795 -3.1062781809153277
3.216730833053589 1.405208706855774 -3.1056737875449927
3.2022006511688232 1.4045761823654175 -3.105246543518656
3.187570810317993 1.4039559364318848 -3.1055674522846797
3.1737282276153564 1.4032090902328491 -3.105098959339694
3.154167652130127 1.402321219444275 -3.1043143299480103
3.1394870281219482 1.4014549255371094 -3.1043143299480103
3.1251869201660156 1.4007867574691772 -3.1039729110455494
3.1105148792266846 1.4000245332717896 -3.1035549658640407
3.095909595489502 1.3991665840148926 -3.102900980318115
3.081935405731201 1.3983807563781738 -3.102645157847801
3.067660331726074 1.3974568843841553 -3.1026492114025896
3.052926540374756 1.3965553045272827 -3.1011519391353612
3.034038543701172 1.395257592201233 -3.1014890648912097
3.0202648639678955 1.3944711685180664 -3.1024413162944584
3.005866050720215 1.3936622142791748 -3.102995637297135
2.991302251815796 1.392690896987915 -3.103246449211983
2.976618766784668 1.391803503036499 -3.1020078661554527
2.962372064590454 1.391033411026001 -3.1020078661554527
2.948300361633301 1.3901963233947754 -3.1013982309609918
2.9344561100006104 1.3894926309585571 -3.1007313748877983
2.9152653217315674 1.3883459568023682 -3.1004621986318486
2.901310682296753 1.3875703811645508 -3.101549625495613
2.8866829872131348 1.3867759704589844 -3.1025047273591446
2.871515989303589 1.3858540058135986 -3.1027941710017695
2.85742449760437 1.3851985931396484 -3.103291750762861
2.8434507846832275 1.3844131231307983 -3.1035294520255805
2.829511880874634 1.383905291557312 -3.1033220293233725
2.815533399581909 1.3832746744155884 -3.103505610983069
2.795851707458496 1.3824069499969482 -3.1026287056453334
2.7817585468292236 1.3817692995071411 -3.103121995118635
2.76715350151062 1.3811124563217163 -3.1010801770063607
2.7524116039276123 1.3804978132247925 -3.099490404595083
2.7382402420043945 1.379727840423584 -3.0976221556557646
2.7233848571777344 1.3790483474731445 -3.0957236279063727
2.7088959217071533 1.3782930374145508 -3.0938153240140536
2.6939070224761963 1.3774946928024292 -3.092031238437818
2.6745693683624268 1.3763521909713745 -3.0903968796348145
2.6603989601135254 1.3756182193756104 -3.0890939229150574
2.645810127258301 1.3749316930770874 -3.0884952518085296
2.63087797164917 1.3741655349731445 -3.0870881026206027
2.6164493560791016 1.3734426498413086 -3.086931702578841
2.6017415523529053 1.3727468252182007 -3.0852694499774036
2.5873849391937256 1.371863842010498 -3.0852119918381327
2.5728845596313477 1.3709524869918823 -3.0852119918381327
2.5537517070770264 1.3699963092803955 -3.084666967672784
2.5392560958862305 1.3691478967666626 -3.084666967672784
2.5242738723754883 1.3683383464813232 -3.084666967672784
2.5091910362243652 1.3674163818359375 -3.08406829769325
2.494520902633667 1.366562008857727 -3.083540916010668
2.4798266887664795 1.3656882047653198 -3.0829513068921317
2.4655444622039795 1.3649494647979736 -3.081659317148211
2.450458526611328 1.3640607595443726 -3.0808432118325233
2.430514097213745 1.3627287149429321 -3.080118178634523
2.4159529209136963 1.361783504486084 -3.0796294195017633
2.401386022567749 1.3607947826385498 -3.0796294195017633
2.386533498764038 1.3598085641860962 -3.078986642624947
2.3722341060638428 1.358879566192627 -3.077917571085182
2.357487201690674 1.3577743768692017 -3.07672787613375
2.342785596847534 1.3568511009216309 -3.075686933456378
2.3277859687805176 1.355811595916748 -3.074327708533535
2.308523416519165 1.3542879819869995 -3.0719409038607473
2.2940995693206787 1.3531423807144165 -3.070731637726632
2.279505729675293 1.3519707918167114 -3.0684301898394506
2.2645657062530518 1.3508265018463135 -3.0664920735184413
2.250164031982422 1.3495186567306519 -3.0651247545923206
2.2353503704071045 1.348444938659668 -3.0613093310514685
2.221097230911255 1.3472737073898315 -3.0587742298902305
2.206552267074585 1.3459569215774536 -3.0564258078066096
2.1876137256622314 1.3441933393478394 -3.0545492169425446
2.1735267639160156 1.3429808616638184 -3.052525998338699
2.158825397491455 1.3415452241897583 -3.050943138110962
2.1440813541412354 1.3403311967849731 -3.046894549182733
2.1296675205230713 1.3388175964355469 -3.0434663254786023
2.1153104305267334 1.3373918533325195 -3.040142774890914
2.1010587215423584 1.3359248638153076 -3.0374240864617947
2.086298704147339 1.3343619108200073 -3.0347812248255557
2.067124605178833 1.3323907852172852 -3.0319766991533643
2.0524065494537354 1.3306130170822144 -3.029745814006965
2.0378565788269043 1.3290021419525146 -3.02703427646983
2.0231740474700928 1.327219009399414 -3.0264363206417846
2.00888729095459 1.325667381286621 -3.025282861380337
1.994334101676941 1.3239907026290894 -3.023284677185395
1.979888677597046 1.322179913520813 -3.0208969101075454
1.9652732610702515 1.3204208612442017 -3.0192422931848872
1.9463896751403809 1.3180046081542969 -3.017900706819422
1.9324512481689453 1.316402554512024 -3.01687597728026
1.9180060625076294 1.3144433498382568 -3.0155720776655053
1.9033384323120117 1.312807321548462 -3.0139203200788
1.8890858888626099 1.3110030889511108 -3.0125520227058566
1.8746048212051392 1.309262752532959 -3.010771507226799
1.8598648309707642 1.3071646690368652 -3.009945386734266
1.845277190208435 1.3051828145980835 -3.008738993051888
1.8266679048538208 1.3024935722351074 -3.0076570454136
1.8125172853469849 1.3006932735443115 -3.0076570454136
1.7980902194976807 1.2986358404159546 -3.006412528888665
1.7832441329956055 1.2966759204864502 -3.005940186308591
1.768977403640747 1.2947118282318115 -3.0058193106579933
1.7543386220932007 1.2925397157669067 -3.0058193106579933
1.7399678230285645 1.290632724761963 -3.0053021903025643
1.7253259420394897 1.288650393486023 -3.005042089874534
1.7064319849014282 1.2861738204956055 -3.0053653716550754
1.6918914318084717 1.2842706441879272 -3.0058581876451487
1.67694091796875 1.2821177244186401 -3.006665468637012
1.6622390747070312 1.2801482677459717 -3.007521147368934
1.648637056350708 1.2783925533294678 -3.007125845969641
1.6339387893676758 1.2762680053710938 -3.0067570297469257
1.6194133758544922 1.2742211818695068 -3.0064201237450257
1.6046931743621826 1.272132158279419 -3.0064632867309324
1.5856060981750488 1.2694905996322632 -3.0066952565586575
1.571313500404358 1.2675652503967285 -3.007066013745396
1.5566704273223877 1.265602946281433 -3.0071837850307115
1.5414350032806396 1.2634955644607544 -3.0068683697564116
1.5274263620376587 1.2616181373596191 -3.0068419092113543
1.51282799243927 1.25955069065094 -3.0070469405051687
1.498034954071045 1.257413625717163 -3.007337330634997
1.484283447265625 1.2555710077285767 -3.0084929584027713
1.4652866125106812 1.2527669668197632 -3.009463561045796
1.450790286064148 1.2505924701690674 -3.011020651595261
1.4363508224487305 1.24857759475708 -3.010650869528305
1.4217417240142822 1.2467145919799805 -3.0102508145698423
1.4077463150024414 1.244783639907837 -3.0102508145698423
1.392971158027649 1.242918848991394 -3.011008032313554
1.3780479431152344 1.2409967184066772 -3.011578552871111
1.36371648311615 1.2391517162322998 -3.011483417500438
1.344364881515503 1.2365696430206299 -3.012742030357192
1.329727292060852 1.2345081567764282 -3.01246001041391
1.3153424263000488 1.2328448295593262 -3.0114731902279064
1.301001787185669 1.2309117317199707 -3.011954071672621
1.286719560623169 1.2288110256195068 -3.011727105168721
1.2718706130981445 1.2268568277359009 -3.010966544954263
1.2570292949676514 1.224777340888977 -3.0107839152159035
1.2427639961242676 1.2231816053390503 -3.009563694189423
1.2235767841339111 1.2204875946044922 -3.009936805620129
1.2089182138442993 1.218506932258606 -3.0098230890749256
1.1945393085479736 1.216572880744934 -3.009255875101601
1.1798559427261353 1.2147407531738281 -3.0092441965655454
1.1653517484664917 1.2128647565841675 -3.009342909366717
1.1506856679916382 1.210777759552002 -3.009284026428504
1.1361316442489624 1.2087656259536743 -3.0092477653216245
1.121738314628601 1.2066318988800049 -3.0098063885567647
1.1029689311981201 1.2041600942611694 -3.010844941715564
1.0883084535598755 1.2022308111190796 -3.012002470892497
1.0739305019378662 1.2002789974212646 -3.012369147976497
1.0597249269485474 1.1985574960708618 -3.012567288300213
1.0456254482269287 1.1966220140457153 -3.0130145557841557
1.0312403440475464 1.1948087215423584 -3.0121075983652807
1.0160952806472778 1.1929023265838623 -3.0114112068817054
1.0015127658843994 1.1909234523773193 -3.010982289363994
0.98237544298172 1.1886674165725708 -3.009272103683401
0.9674327373504639 1.1867271661758423 -3.0091066398397586
0.9528312683105469 1.1848055124282837 -3.008563997725561
0.9386649131774902 1.1828715801239014 -3.0085823467008486
0.9241856336593628 1.1809042692184448 -3.008318919794096
0.909346342086792 1.1790263652801514 -3.006858116102219
0.8940433263778687 1.1769828796386719 -3.006570567450321
0.8794206380844116 1.1751418113708496 -3.006548878690797
0.8606104254722595 1.172698974609375 -3.0074114878816176
0.8462244272232056 1.1707755327224731 -3.0082254312295067
0.8314388394355774 1.168915033340454 -3.0083940009458745
0.8170762658119202 1.167099118232727 -3.0088403269444863
0.8027814030647278 1.1651872396469116 -3.00941490890508
0.7884435653686523 1.1633602380752563 -3.008917335576361
0.7733626365661621 1.1612337827682495 -3.008917335576361
0.7590894103050232 1.159451961517334 -3.008917335576361
0.7399126291275024 1.156858205795288 -3.0077765011841464
0.7248042821884155 1.1550097465515137 -3.006559141956029
0.7100902199745178 1.153191328048706 -3.0070638736721067
0.6957605481147766 1.1512501239776611 -3.007179493165093
0.6813485622406006 1.1494405269622803 -3.007179493165093
0.6668881773948669 1.1474590301513672 -3.006993775083495
0.6517013311386108 1.1455813646316528 -3.006352195290057
0.6371235847473145 1.1436573266983032 -3.005731818825979
0.62298184633255 1.141688346862793 -3.005731818825979
0.6037192940711975 1.1390752792358398 -3.005595204520451
0.5893126130104065 1.1369073390960693 -3.0060410487126252
0.575110912322998 1.13502836227417 -3.005386349005633
0.5605564117431641 1.1330012083053589 -3.005437847934872
0.5459595322608948 1.1309925317764282 -3.005142937835776
0.5306895971298218 1.1291424036026 -3.005142937835776
0.5158999562263489 1.1269514560699463 -3.0049810379930686
0.497562974691391 1.1245931386947632 -3.004154911680757
0.48253393173217773 1.1225547790527344 -3.0043606806397025
0.4676094651222229 1.1206353902816772 -3.0048358511292803
0.4527754783630371 1.1185625791549683 -3.0058364869766327
0.43865060806274414 1.116598129272461 -3.0060537007211976
0.4244861900806427 1.1146382093429565 -3.005450730259816
0.4094901978969574 1.11256742477417 -3.004901895309374
0.39488354325294495 1.1106919050216675 -3.004901895309374
0.38094380497932434 1.1090468168258667 -3.0054268723890636
0.36123257875442505 1.106463074684143 -3.006315222498179
0.34636950492858887 1.1045459508895874 -3.006315222498179
0.3325873911380768 1.102607250213623 -3.0076351053070285
0.31812554597854614 1.100604772567749 -3.008236895306859
0.30367764830589294 1.0988763570785522 -3.0076110542976253
0.2885492146015167 1.0968704223632812 -3.007654670389008
0.2731921076774597 1.0948272943496704 -3.007080560544389
0.2589784860610962 1.0928049087524414 -3.0069701540560296
0.2390701323747635 1.0901782512664795 -3.0075862343917086
0.2244248390197754 1.0882068872451782 -3.0080008564736755
0.21026043593883514 1.0863499641418457 -3.0083139039389897
0.19598820805549622 1.0844827890396118 -3.008893968298866
0.18129044771194458 1.0826215744018555 -3.008893968298866
0.16633987426757812 1.080627679824829 -3.008893968298866
0.15120245516300201 1.0787802934646606 -3.0094931107841685
0.1370871514081955 1.0770373344421387 -3.0102422217382845
0.11829806864261627 1.0746954679489136 -3.0109286205640258
0.10341941565275192 1.0727304220199585 -3.0108725832567527
0.08890456706285477 1.0708906650543213 -3.010424849872638
0.0744185596704483 1.068902850151062 -3.009920347106979
0.060032881796360016 1.0668818950653076 -3.0086164320416247
0.04537687823176384 1.0649536848068237 -3.0083918642174328
0.030342504382133484 1.0627516508102417 -3.00821375592583
0.011549137532711029 1.0602847337722778 -3.0073084860518917
-0.003110132645815611 1.058354377746582 -3.007648222406624
-0.01769215427339077 1.056379795074463 -3.007132772896096
-0.03248634561896324 1.0542817115783691 -3.0073573635748394
-0.047189753502607346 1.0523892641067505 -3.0071294326259963
['cliff_front_right']
-0.061579491943120956 1.0504229068756104 -3.007099383732032
['cliff_front_left', 'cliff_front_right']
-0.06904514878988266 1.0494329929351807 -3.007866378122007
-0.07116683572530746 1.0489596128463745 -3.0094783267088827
-0.07154782116413116 1.0489836931228638 -3.0088519990144333
-0.0658050999045372 1.0497474670410156 -3.0107967788942935
['cliff_front_right']
-0.05957953631877899 1.0506582260131836 -3.0104882641158386
-0.05200168862938881 1.0516564846038818 -3.009727015730926
-0.04395756497979164 1.052783489227295 -3.009552020506647
-0.03610246255993843 1.0538520812988281 -3.009552020506647
-0.028215834870934486 1.0549100637435913 -3.00978470790538
-0.020591622218489647 1.055898904800415 -3.00978470790538
-0.010531127452850342 1.057224988937378 -3.009194133805296
-0.0026979229878634214 1.0582422018051147 -3.009194133805296
0.003963394556194544 1.0591212511062622 -3.009373674619753
0.009415398351848125 1.059842824935913 -3.0074400787893847
0.01310693472623825 1.0602811574935913 -2.9927327619966464
0.015759000554680824 1.0605804920196533 -2.9682784040968078
0.01769988052546978 1.0609911680221558 -2.940026763993072
0.017508069053292274 1.0612034797668457 -2.92813919512063
0.017436975613236427 1.0611118078231812 -2.927285654257066
0.017535652965307236 1.0611778497695923 -2.893109088735127
0.017771342769265175 1.0608404874801636 -2.8446550263055315
0.017384229227900505 1.060866117477417 -2.7914280790303923
0.01689831167459488 1.0609599351882935 -2.7413411154175193
0.016955111175775528 1.0610688924789429 -2.694014314377605
0.016933955252170563 1.0612953901290894 -2.646450254398485
0.016974618658423424 1.0614451169967651 -2.600622381692031
0.016840698197484016 1.0616668462753296 -2.553235497869201
0.01653522439301014 1.061672329902649 -2.4889364070913307
0.016465559601783752 1.0618010759353638 -2.44247172693048
0.016391873359680176 1.0619804859161377 -2.3951589311794295
0.016159188002347946 1.0620006322860718 -2.347748081694307
0.016102585941553116 1.0622034072875977 -2.3003762405549377
0.015924111008644104 1.0623126029968262 -2.25251151686772
0.0156998373568058 1.0623770952224731 -2.2066618929765287
0.015617968514561653 1.0624393224716187 -2.1594307103853345
0.015285912901163101 1.0625550746917725 -2.094791849586371
0.015156584791839123 1.0627025365829468 -2.0482339381990884
0.014690309762954712 1.0626639127731323 -1.9995052412412329
0.014615459367632866 1.0628015995025635 -1.9527842191561047
0.01437227800488472 1.062796950340271 -1.9046050429768902
0.01425390224903822 1.0629527568817139 -1.8561660483707896
0.013976260088384151 1.0629727840423584 -1.8109637568305204
0.013716466724872589 1.0630648136138916 -1.7482605538215505
0.013485809788107872 1.0631319284439087 -1.6998271609604152
0.013215163722634315 1.063180923461914 -1.6539350768424423
0.013116014190018177 1.0625627040863037 -1.608821523173203
0.01286341529339552 1.0597447156906128 -1.5675834029682552
0.012784925289452076 1.0550564527511597 -1.5344630580566738
0.012996157631278038 1.048855185508728 -1.504070065909807
0.013423914089798927 1.0412541627883911 -1.4805468185172093
0.014544676057994366 1.0285919904708862 -1.4546010341138476
0.01575104147195816 1.0174322128295898 -1.442061936149491
0.017314769327640533 1.0056509971618652 -1.434920580060166
0.018802670761942863 0.9919962286949158 -1.4319116808271908
0.020632989704608917 0.9776257872581482 -1.4320441017542183
0.02280268445611 0.9629048705101013 -1.4320441017542183
0.024648241698741913 0.9480206370353699 -1.4322024495189722
0.02655208669602871 0.933957040309906 -1.4322024495189722
0.02838902361690998 0.919457733631134 -1.4321141935056625
0.030868591740727425 0.900180995464325 -1.4321141935056625
0.032627884298563004 0.8861547708511353 -1.4322422097871081
0.03441941738128662 0.8717079162597656 -1.4325069783687707
0.03637005016207695 0.8576149940490723 -1.4326683105871014
0.038182541728019714 0.8429198861122131 -1.4311572966228583
0.0400085486471653 0.8284102082252502 -1.430984676297444
0.042030591517686844 0.8143408894538879 -1.4299698109152317
0.044389642775058746 0.795218825340271 -1.4284765640414732
0.04640850052237511 0.7807428240776062 -1.4279744590099794
0.04828117787837982 0.7665723562240601 -1.4272928156834592
0.050191037356853485 0.7524590492248535 -1.4269757026054501
0.052036549896001816 0.7385138273239136 -1.426856161974149
0.05403829738497734 0.7240489721298218 -1.4267727252061893
0.05593022704124451 0.7096243500709534 -1.4265502774380787
0.057886753231287 0.6954054832458496 -1.4267022465431014
0.05985402315855026 0.6809660792350769 -1.4263911486386838
0.06256580352783203 0.6620625853538513 -1.4249892099093557
0.06460365653038025 0.6477119326591492 -1.4249893780488514
0.06646346300840378 0.6336058378219604 -1.4247596572009198
0.0684327781200409 0.6192790865898132 -1.4245829039415343
0.0704239085316658 0.6048491597175598 -1.4233844222173642
0.07244852930307388 0.5902161598205566 -1.4238180355903547
0.07459566742181778 0.5758974552154541 -1.424213201037721
0.07698526978492737 0.5568153858184814 -1.4237944398362006
0.07896506041288376 0.5427132844924927 -1.4248123034638056
0.08087757229804993 0.5285050272941589 -1.4247082612155475
0.08269278705120087 0.5140539407730103 -1.4247082612155475
0.08450417220592499 0.500721275806427 -1.425772864339266
0.08617488294839859 0.4897036850452423 -1.4265585143102881
0.0873490422964096 0.48029619455337524 -1.4265724877070056
['bump_right']
0.08884713053703308 0.47095218300819397 -1.4292022195858676
0.08887534588575363 0.47034868597984314 -1.4389466496516703
0.08787085115909576 0.4721870720386505 -1.4329183122921094
0.08706992864608765 0.47572463750839233 -1.4314689619483567
0.08627943694591522 0.48070913553237915 -1.4324381217137754
0.08513247966766357 0.487420916557312 -1.4331282742758071
0.08399373292922974 0.4948180317878723 -1.43408828973057
0.08297569304704666 0.5019393563270569 -1.4349171593446124
0.08194251358509064 0.5086389183998108 -1.4357217849154498
0.08063393831253052 0.5178372263908386 -1.435224747007441
0.07949390262365341 0.5244094729423523 -1.4343655091387628
0.0785384327173233 0.531360924243927 -1.4346248874810688
0.07745291292667389 0.5379526615142822 -1.4342512487764307
0.0763222947716713 0.5444971919059753 -1.434251338624945
0.07537782937288284 0.5513160824775696 -1.4354524600269878
0.0744728296995163 0.5573825836181641 -1.4346463732138257
0.07405412942171097 0.5619874000549316 -1.4211838595941293
0.0739346593618393 0.5628464221954346 -1.408922892245584
0.07394899427890778 0.5618880987167358 -1.4045728173971395
0.07394055277109146 0.5620958209037781 -1.3742127666122455
0.07405668497085571 0.5624433159828186 -1.3256900176604378
0.07375945895910263 0.5623883008956909 -1.2760518520135398
0.07355472445487976 0.56230628490448 -1.228531086524647
0.07345540076494217 0.5621036291122437 -1.1817263556208188
0.07331773638725281 0.5623846650123596 -1.1332130296623555
0.07304694503545761 0.5624037384986877 -1.0856053509276282
0.07280819118022919 0.562371551990509 -1.0220764087001928
0.07268551737070084 0.5622633099555969 -0.9752403570329281
0.07248039543628693 0.5624051690101624 -0.9276585146995817
0.07228045165538788 0.5622514486312866 -0.8796397971996625
0.07217031717300415 0.5622400641441345 -0.8312903515962657
0.07202772051095963 0.5619688630104065 -0.7830621564956252
0.0718512162566185 0.5618988871574402 -0.7367454224316431
0.07176323980093002 0.5617707371711731 -0.689991373134568
0.07150792330503464 0.5619720220565796 -0.6267820883223777
0.07135676592588425 0.56175696849823 -0.5803234630049288
0.07119420915842056 0.5616263151168823 -0.5330706627786177
0.07100512832403183 0.561692476272583 -0.4847859973748504
0.07076108455657959 0.5616205930709839 -0.43507705481120773
0.07085305452346802 0.5615249872207642 -0.3886088995525037
0.07063151150941849 0.5614544749259949 -0.34063929934337717
0.07028734683990479 0.5613267421722412 -0.2764757237889975
0.07017206400632858 0.5611916184425354 -0.23053803696756334
0.07006693631410599 0.5611675977706909 -0.18391453699302154
0.07000274211168289 0.5610130429267883 -0.13667685932318802
0.07038308680057526 0.5609080195426941 -0.09026858047562471
0.07286728173494339 0.5606583952903748 -0.04773473896258897
0.07710139453411102 0.5603536367416382 -0.015136219650589788
0.08286713063716888 0.5603456497192383 0.013040897764937656
0.09314429014921188 0.560595691204071 0.044445190517769954
0.10233765840530396 0.5608825087547302 0.06189562376738271
0.11339524388313293 0.5615809559822083 0.07490293980526827
0.1254829466342926 0.5625497102737427 0.08386413148210861
0.13910099864006042 0.5636411309242249 0.08687947459564813
0.14852601289749146 0.5644131302833557 0.08665085798448417
0.16015641391277313 0.5654129385948181 0.08473548083077767
0.18178994953632355 0.5671399235725403 0.08330504920596313
0.2145867794752121 0.5699337124824524 0.08341400484566942
0.2222093790769577 0.5706074237823486 0.08312243884555613
0.24130111932754517 0.5720921754837036 0.08501399488223353
0.24779477715492249 0.5726902484893799 0.08512199125583318
0.2715170085430145 0.5745954513549805 0.08572877471407989
0.2761305570602417 0.5750439167022705 0.08572877471407989
0.30027079582214355 0.5771936774253845 0.08598438281820744
0.30932003259658813 0.5779925584793091 0.0863742218387763
0.3331385850906372 0.5801079273223877 0.08634556367849301
0.34030672907829285 0.5806748867034912 0.0871051352329034
0.3615235984325409 0.5824417471885681 0.08688078478201314
0.3713088631629944 0.5833392143249512 0.08702862385014784
0.3905351459980011 0.5849592089653015 0.08766874356442962
0.3950321078300476 0.5853321552276611 0.08737333685484203
0.41810083389282227 0.5874616503715515 0.08721146948952072
0.434870183467865 0.5888084769248962 0.08707794515522777
0.4464316666126251 0.589786946773529 0.08707794515522777
0.4673507511615753 0.5916770696640015 0.08768304720987527
0.4756755530834198 0.5924487113952637 0.08805973452704825
0.48274579644203186 0.593091607093811 0.08859281438921422
0.5083437561988831 0.5952460765838623 0.09017156651277226
0.5090586543083191 0.5953380465507507 0.08991170699232813
0.5317707061767578 0.5974075794219971 0.09008405736558735
0.5565982460975647 0.5995926856994629 0.08878280971903879
0.5842931866645813 0.601832926273346 0.08803510504981606
0.601111650466919 0.6031896471977234 0.08788966173005372
0.6124684810638428 0.6041940450668335 0.08788966173005372
0.6269460916519165 0.6054081916809082 0.08781835184557008
0.6411362886428833 0.6064852476119995 0.08798213204626334
0.6555389165878296 0.6078142523765564 0.08789863330894447
0.6694836020469666 0.6089047193527222 0.08804668881773285
0.6883986592292786 0.6104334592819214 0.0877331725233367
0.702620267868042 0.611574113368988 0.08776176511256795
0.7169330716133118 0.6127873063087463 0.08801711577713033
0.7313469052314758 0.6139394640922546 0.08854619379665858
0.7454520463943481 0.6151421070098877 0.0889548497326236
0.7595672607421875 0.616330623626709 0.08897746903502073
0.773552417755127 0.6173505187034607 0.08901775395188714
0.7875632047653198 0.618514358997345 0.08896365476572538
0.8064285516738892 0.6200924515724182 0.0869151183660194
0.8208935856819153 0.6213762164115906 0.08679474695716217
0.835174024105072 0.6224690079689026 0.08746137933246555
0.8492190837860107 0.6235746741294861 0.0881060809108148
0.8631606698036194 0.6245999336242676 0.08824219221881349
0.8773655891418457 0.6257727742195129 0.0887166698242024
0.891158401966095 0.6268277764320374 0.08928579892377288
0.9107300639152527 0.6283613443374634 0.08933396129161346
0.9251304864883423 0.6295623183250427 0.08964696418596371
0.9389482736587524 0.6306833028793335 0.09012502503851515
0.9533874988555908 0.6318483352661133 0.09012502503851515
0.9678966403007507 0.6329733729362488 0.09054061198020531
0.9735350608825684 0.6334117650985718 0.0905756693893278
0.9887969493865967 0.6347469091415405 0.09063434540171755
1.0100315809249878 0.6364598870277405 0.09065531587814983
1.0245763063430786 0.6377540230751038 0.09018148538248287
1.0435506105422974 0.6393062472343445 0.08845035147990836
1.0575031042099 0.6405321359634399 0.08781560505698063
1.07211434841156 0.6418578624725342 0.08735231477728524
1.0871111154556274 0.6430685520172119 0.08723474005997749
1.1008673906326294 0.644406259059906 0.0873131803803026
1.1148264408111572 0.6455129384994507 0.08755736553295225
1.1289993524551392 0.646690309047699 0.08755741018939563
1.1433565616607666 0.6478524804115295 0.0869701241002527
1.1626219749450684 0.6495159864425659 0.0867230755409037
1.177163004875183 0.6507087349891663 0.08717275180524031
1.1917093992233276 0.6519779562950134 0.08778265010314602
1.206002950668335 0.6532264351844788 0.08774614224810569
1.2199233770370483 0.6544982194900513 0.08774611991128393
1.2342853546142578 0.6555237174034119 0.08676577936172226
1.2485047578811646 0.6568237543106079 0.08639458517271663
1.2626341581344604 0.6579380631446838 0.08589801151438786
1.281516671180725 0.6596344709396362 0.0854472098121298
1.2956924438476562 0.6607108116149902 0.08545723773191978
1.3103280067443848 0.6619110107421875 0.08545728239683838
1.3247590065002441 0.6630878448486328 0.08587712928004468
1.3545362949371338 0.665599524974823 0.08652346243752396
1.3633573055267334 0.666425347328186 0.08663481747684948
1.3841052055358887 0.6680164933204651 0.08599754736657415
1.3991031646728516 0.6691700220108032 0.08616613869300153
1.4145958423614502 0.6704970598220825 0.08597348140270025
1.4297767877578735 0.6716768145561218 0.08668043429507336
1.4442609548568726 0.6728712916374207 0.08644033246094332
1.4580457210540771 0.6741037368774414 0.08670697055916031
1.4718563556671143 0.6751564145088196 0.08703000174625079
1.4863828420639038 0.6764606833457947 0.08588118991217296
1.5054761171340942 0.6781437397003174 0.08625622561351115
1.5197352170944214 0.679377019405365 0.08652780280387454
1.534252405166626 0.680462658405304 0.08701705634504919
1.5486207008361816 0.6816930770874023 0.08736855606371227
1.5626940727233887 0.6829295754432678 0.08733900568185991
1.5770331621170044 0.6840008497238159 0.0880817408966173
1.5911191701889038 0.6853172183036804 0.08747112353929425
1.605602741241455 0.6865195035934448 0.08747114586460342
1.6201344728469849 0.6877174377441406 0.08779946050400296
1.6387357711791992 0.6893410086631775 0.08750499895519111
1.6533290147781372 0.6905063390731812 0.08791295689465492
1.6679929494857788 0.6916607022285461 0.08673371136930191
1.6823451519012451 0.6928836107254028 0.08675850244642531
1.6965714693069458 0.6941176056861877 0.08697713546101818
1.7107770442962646 0.6953085660934448 0.08616983886287913
1.7248402833938599 0.6963407397270203 0.08598006433092496
1.7437019348144531 0.6980717778205872 0.08569085276644131
1.7578495740890503 0.6991270184516907 0.08654155782926053
1.7726120948791504 0.7002771496772766 0.08654158016437566
1.787291407585144 0.7013542056083679 0.08929553087166858
1.8012683391571045 0.7026275992393494 0.09043783489971072
1.8157124519348145 0.7039347290992737 0.09080880077671331
1.8296090364456177 0.7051714062690735 0.09117381134309856
1.8440299034118652 0.7063733339309692 0.09062899888878277
1.8588650226593018 0.70777428150177 0.09073577897846724
1.8773658275604248 0.7093897461891174 0.09232178574434736
1.8919121026992798 0.7106814384460449 0.09231322241733737
1.9063658714294434 0.7119014263153076 0.09230222173433686
1.9200693368911743 0.7130864262580872 0.09305277091878489
1.934415340423584 0.714282214641571 0.09388171053645492
1.9487411975860596 0.7155283689498901 0.09418145940489014
1.963173747062683 0.7168917059898376 0.0947179017528584
1.9776378870010376 0.7182889580726624 0.09555667192300236
1.996350646018982 0.7199382185935974 0.09583132881025395
2.0109317302703857 0.7213559746742249 0.09603875626662135
2.025840997695923 0.72275710105896 0.09603874882514855
2.0402143001556396 0.7241366505622864 0.09648555732209205
2.054661750793457 0.7254884243011475 0.0965656886640112
2.06893253326416 0.7268624901771545 0.09602021697704491
2.0832669734954834 0.7282159924507141 0.09524489933487425
2.1023519039154053 0.7301236987113953 0.09263302153332074
2.116558074951172 0.7313367128372192 0.09194308935893801
2.1315455436706543 0.7327461838722229 0.09194311168629778
2.1462087631225586 0.734216034412384 0.0899713601397203
2.1603713035583496 0.7355903387069702 0.09045748908536341
2.1744678020477295 0.7367892861366272 0.09098652572880588
2.188906192779541 0.7382457852363586 0.09029227316791279
2.2032907009124756 0.7396014332771301 0.09026267185123549
2.218148946762085 0.7410668730735779 0.08916837799067995
2.23691987991333 0.7428511381149292 0.08916840032002282
2.2514150142669678 0.744231104850769 0.08916840032002282
2.266077995300293 0.7457338571548462 0.08881529960018106
2.280038595199585 0.7469793558120728 0.08815703533135096
2.294574022293091 0.748302698135376 0.08771958195178724
2.3088977336883545 0.7494762539863586 0.0874430152942855
2.323798894882202 0.7508493065834045 0.08602444037807132
2.342367172241211 0.7524117827415466 0.08440323533087633
2.3566792011260986 0.7536642551422119 0.08387206054618913
2.3713126182556152 0.7548560500144958 0.08300302741863785
2.3864657878875732 0.7560279965400696 0.08277578909039392
2.4007515907287598 0.757148027420044 0.08237048591644064
2.415135383605957 0.7583251595497131 0.08237048591644064
2.4293415546417236 0.7595077753067017 0.0818233407141082
2.4439444541931152 0.760596513748169 0.08154963551489301
2.458768129348755 0.7618675231933594 0.08138273624055695
2.4777848720550537 0.7633944153785706 0.08112477491929564
2.4928321838378906 0.7646883130073547 0.08173034874126368
2.5077950954437256 0.7659203410148621 0.08184284616114365
2.5221385955810547 0.7670885324478149 0.08158750788032507
2.5365116596221924 0.7683732509613037 0.0815987094224496
2.5508391857147217 0.769354522228241 0.08114619383796794
2.5654263496398926 0.7704859972000122 0.08062142558818952
2.5800886154174805 0.7716879844665527 0.07916038743750758
2.5990149974823 0.7730802297592163 0.07898772192763086
2.6135928630828857 0.7741546630859375 0.07852850506837644
2.628357172012329 0.7753763198852539 0.07820115495102507
2.6421782970428467 0.776305615901947 0.07888588100242071
2.6570992469787598 0.7774788737297058 0.07867701948093384
2.6714322566986084 0.7785614728927612 0.07807859101717121
2.6861884593963623 0.7796183824539185 0.07804589517372143
2.705082654953003 0.7809793949127197 0.0766134946654962
2.7192740440368652 0.7821707725524902 0.075918250667021
2.7335870265960693 0.7830989956855774 0.07599045873962727
2.748434066772461 0.7843450307846069 0.07597115839207635
2.762834072113037 0.785263180732727 0.07562280344986984
2.777198314666748 0.7863560914993286 0.07506989746383579
2.791661262512207 0.7872469425201416 0.0747237189076958
2.8055851459503174 0.7882162928581238 0.07310357177780581
2.820065975189209 0.7891988158226013 0.07201897832428195
2.839308023452759 0.7903727889060974 0.07191283745132
2.853523015975952 0.7912905216217041 0.07191281511404739
2.8675782680511475 0.7921576499938965 0.07162986855428345
2.881575584411621 0.7930612564086914 0.07190857547918723
2.895808219909668 0.7938814163208008 0.07295883805991807
2.9104809761047363 0.7947699427604675 0.07295886039645127
2.9246392250061035 0.7956452965736389 0.07378546960565248
2.9387998580932617 0.7965199947357178 0.0741492861714118
2.9579572677612305 0.7977905869483948 0.07312911532628738
2.9721906185150146 0.798636794090271 0.07312913766307065
2.9862773418426514 0.7994574904441833 0.07303229186893405
3.0004377365112305 0.8003250956535339 0.07303222486051429
3.0145840644836426 0.801119327545166 0.07265192468462299
3.0294201374053955 0.8021763563156128 0.07120161879280824
3.0434556007385254 0.8033384680747986 0.06971438515393837
3.057304620742798 0.8043637275695801 0.0695787218163841
3.0763847827911377 0.8057109713554382 0.0698143007385978
3.0906152725219727 0.8067101240158081 0.07046706618433639
3.1052863597869873 0.8078848123550415 0.07128964018016493
3.119490146636963 0.8089295029640198 0.07299431077438366
3.1339170932769775 0.8099082708358765 0.07330189782175686
3.148294448852539 0.8108086585998535 0.07291969364301391
3.1621148586273193 0.8120435476303101 0.07291967130546056
3.176393985748291 0.8130325675010681 0.0729196489685949
3.195784568786621 0.8143489956855774 0.07197930400347118
3.210191011428833 0.8154606819152832 0.07184359102748344
3.224436044692993 0.8165945410728455 0.07137700604249825
3.2383363246917725 0.8175604343414307 0.07008097202922796
3.252260684967041 0.8187534809112549 0.06958796021867086
3.266967535018921 0.8197871446609497 0.0695879536901328
3.2814409732818604 0.8208602070808411 0.0684118487996499
3.295464277267456 0.8218705058097839 0.06841187113849372
3.3147170543670654 0.8234203457832336 0.06768852460150707
3.3287737369537354 0.8244161009788513 0.06735232496218674
3.342547655105591 0.825391411781311 0.0677101994194897
3.3566765785217285 0.8263218998908997 0.06791928934136872
3.370772123336792 0.8272862434387207 0.06776933002950875
3.385406255722046 0.8283362984657288 0.0677693523684795
3.399378538131714 0.8292401432991028 0.06715921988882348
3.4130289554595947 0.8302416205406189 0.06583125012851372
3.432116746902466 0.8317745923995972 0.06421498665814114
3.4460952281951904 0.8328766822814941 0.064277239255515
3.459944009780884 0.8338839411735535 0.06437284325553932
3.4742648601531982 0.8346315622329712 0.06427990454295388
3.488227128982544 0.8356565237045288 0.06430444711711199
3.502849817276001 0.8365947008132935 0.06429706063380708
3.516575336456299 0.8374951481819153 0.064848987556883
3.5303585529327393 0.8384065628051758 0.06441078965240105
3.549516439437866 0.8397153615951538 0.06386862847966737
3.56396746635437 0.8406885862350464 0.06317842669204725
3.577765941619873 0.8416091799736023 0.06342444986877041
3.591735601425171 0.8424537181854248 0.0645469113592651
3.605642795562744 0.8433985710144043 0.0645469113592651
3.620062828063965 0.8441393971443176 0.0645469113592651
3.6340532302856445 0.8448156118392944 0.06295477131471607
3.647963523864746 0.8458042144775391 0.06172121523288434
3.667102336883545 0.8467639684677124 0.06167092876328247
3.6812617778778076 0.8478868007659912 0.06151882196028608
3.695059061050415 0.8485879898071289 0.061518840576933125
3.7089810371398926 0.8494061827659607 0.06157127949829128
3.7218992710113525 0.8502042889595032 0.06091828262964034
3.7339885234832764 0.8510826230049133 0.06116362632345125
3.7440664768218994 0.8515517115592957 0.06305277025005884
3.7530901432037354 0.8522395491600037 0.061962741569867384
3.767188549041748 0.8533409833908081 0.06009361965775729
['bump_front_center']
3.767582654953003 0.853219211101532 0.06082409828931573
3.767324924468994 0.8532140851020813 0.061716446453661734
3.7655787467956543 0.8531780242919922 0.06151330364447673
3.7629411220550537 0.8529036045074463 0.06243855965559628
3.7577016353607178 0.8525517582893372 0.06276519773218027
3.7500576972961426 0.8522051572799683 0.06229124711029161
3.7425570487976074 0.8516987562179565 0.062152284599826774
3.7330167293548584 0.8511509895324707 0.062271979335443324
3.72627329826355 0.8507338166236877 0.062132531027909964
3.7219066619873047 0.8505443930625916 0.06609727153161504
3.7189340591430664 0.8504297137260437 0.07986423998195223
3.716949701309204 0.8502783179283142 0.1046893102743737
3.715320110321045 0.8504654765129089 0.13739781146818641
3.7148399353027344 0.8503110408782959 0.1813527916682775
3.714986562728882 0.850334644317627 0.22827872165218915
3.715179681777954 0.850283145904541 0.29336972257103583
3.715178966522217 0.8500651121139526 0.34219565183623196
3.7151682376861572 0.8498565554618835 0.3876018889117551
3.7151520252227783 0.8496705889701843 0.43404154300436637
3.7151453495025635 0.849453330039978 0.4820525047781214
3.7151265144348145 0.849369466304779 0.5289933312118369
3.7148633003234863 0.8491830825805664 0.5774911409202862
3.714930295944214 0.8491269946098328 0.6234729528850944
3.7151198387145996 0.8491162061691284 0.6864784295339686
3.7151401042938232 0.849021315574646 0.7329524217146003
3.7149667739868164 0.8490644097328186 0.7807205911123407
3.715137243270874 0.8490235805511475 0.8291443072904906
3.7153189182281494 0.848991870880127 0.8763378392403709
3.715158700942993 0.848881721496582 0.9233445496538261
3.7151613235473633 0.8487675786018372 0.9709833910813024
3.7152271270751953 0.848738968372345 1.0198559473823114
3.715078592300415 0.8484995365142822 1.0814223197869077
3.7149996757507324 0.8483825325965881 1.127919942502598
3.7149791717529297 0.84824538230896 1.174085315187564
3.7150371074676514 0.8481874465942383 1.220251345306595
3.715087413787842 0.8480716347694397 1.2672174086914114
3.7149558067321777 0.8479233384132385 1.3152950064117765
3.714841365814209 0.8477357029914856 1.3635109998007164
3.7151529788970947 0.8478080034255981 1.4092326341474992
3.715195655822754 0.8485450148582458 1.4665562022459913
3.7153074741363525 0.85106360912323 1.5090572247943608
3.7156143188476562 0.8557272553443909 1.5442087596689191
3.7156288623809814 0.8620760440826416 1.5741194604014455
3.7155210971832275 0.8695307970046997 1.5977481767405586
3.7151176929473877 0.8791234493255615 1.6177523148902753
3.7141518592834473 0.8898271322250366 1.6325068987544422
3.7133054733276367 0.9017102718353271 1.6439855511199293
3.7114310264587402 0.919981062412262 1.6479440992767427
3.709670066833496 0.9344199299812317 1.6487594660351945
3.7084503173828125 0.9487380981445312 1.6491308004801108
3.706881046295166 0.9629324674606323 1.6502799847841663
3.70519757270813 0.9777575135231018 1.6514024693854388
3.7033984661102295 0.9920699596405029 1.6522202376665356
3.7015585899353027 1.0066866874694824 1.6546807805797195
3.700009822845459 1.0205061435699463 1.6551848081937204
3.69873046875 1.0343592166900635 1.6554902067664585
3.6961686611175537 1.0551369190216064 1.6559495037442802
3.6897199153900146 1.108607530593872 1.657959386978452
3.686241865158081 1.137088418006897 1.6577257947681816
3.6834723949432373 1.158031940460205 1.6588879838223933
3.6818015575408936 1.1723039150238037 1.6600212596343278
3.6799890995025635 1.1864135265350342 1.6609884134064097
3.6782805919647217 1.2006808519363403 1.6618794951841622
3.6765098571777344 1.2147704362869263 1.6624290024146806
3.6749284267425537 1.2292470932006836 1.6649120691029524
3.6732230186462402 1.2432353496551514 1.6654892043795777
3.671328544616699 1.2574751377105713 1.6664505866342776
3.668713331222534 1.2765690088272095 1.666450586619107
3.6668548583984375 1.2906062602996826 1.6663882753296226
3.6649274826049805 1.3045504093170166 1.6666437331205142
3.6630859375 1.3186354637145996 1.6666418034825783
3.6611924171447754 1.3329769372940063 1.6666418034825783
3.6593244075775146 1.3475923538208008 1.6677022171590756
3.657250165939331 1.3617409467697144 1.6690488541882056
3.655343532562256 1.3759925365447998 1.6700437773000576
3.652479887008667 1.394879937171936 1.6707396170323907
3.6510422229766846 1.4062564373016357 1.674967774046749
3.6496691703796387 1.4160969257354736 1.677551163196023
3.6483025550842285 1.425818920135498 1.6756994631962498
3.646909236907959 1.4363133907318115 1.6757412481083063
3.6451680660247803 1.4475886821746826 1.6761122029469255
3.64335036277771 1.4582356214523315 1.6761122029469255
3.6416969299316406 1.4688642024993896 1.6761122029469255
3.6396565437316895 1.483145833015442 1.6784093160601496
3.638078451156616 1.4936474561691284 1.6770186476763025
3.636335849761963 1.5042638778686523 1.6770183109489711
3.634758472442627 1.5145519971847534 1.6773040153130843
3.633129358291626 1.5251545906066895 1.6774433795545163
['bump_right']
3.6313798427581787 1.536109447479248 1.6778744526888976
['bump_front_right']
3.6305761337280273 1.5392335653305054 1.675502350465185
3.6305432319641113 1.5392500162124634 1.676511151005238
3.6307997703552246 1.5373550653457642 1.6777642912073372
3.6311044692993164 1.5336445569992065 1.6772084916801113
3.6316730976104736 1.5275113582611084 1.6769148166625774
3.6322925090789795 1.5198886394500732 1.6762748792864794
3.632819890975952 1.5130091905593872 1.6759540426172193
3.633495330810547 1.5042009353637695 1.67544820822954
3.633934259414673 1.499563455581665 1.67544820822954
3.634401321411133 1.4925005435943604 1.6741148029921489
3.6351211071014404 1.4835237264633179 1.6741766386281096
3.6356332302093506 1.476656198501587 1.6751001724461665
3.636133909225464 1.4696485996246338 1.675099835738465
3.6366703510284424 1.4631315469741821 1.6750994989944665
3.6373043060302734 1.4567185640335083 1.6750994989944665
3.637640953063965 1.451459288597107 1.6770176660478064
3.6378161907196045 1.4491723775863647 1.6879729370398047
3.637759208679199 1.4501047134399414 1.694701093176212
3.6377110481262207 1.450612187385559 1.7266525514337645
3.6374008655548096 1.4503257274627686 1.7743554420425327
3.6371142864227295 1.4501838684082031 1.826463696377012
3.6373040676116943 1.4506059885025024 1.8746392296333205
3.637279987335205 1.4506874084472656 1.9222604416179514
3.637183904647827 1.4504139423370361 1.9710748842769918
3.6372859477996826 1.4506062269210815 2.019311021368139
3.6372556686401367 1.4506431818008423 2.0663271980596374
3.6371910572052 1.4506796598434448 2.113191130395615
3.6370089054107666 1.4508122205734253 2.175689667632039
3.6370437145233154 1.450878620147705 2.2214207384265845
3.6369709968566895 1.4508386850357056 2.2683185528198497
3.636902093887329 1.450986623764038 2.316023044423842
3.6376285552978516 1.4596772193908691 2.3836540317284225
3.6372506618499756 1.4511666297912598 2.444250156434625
3.637225866317749 1.4520734548568726 2.533148743118243
3.6376309394836426 1.4488983154296875 2.6172394483585086
3.63794207572937 1.4477840662002563 2.7033319613285838
3.6377062797546387 1.4485139846801758 2.7252776841671116
3.6375555992126465 1.448137640953064 2.805810913241343
3.6370108127593994 1.449422001838684 2.8629531478386516
3.6382789611816406 1.4467222690582275 2.9497418442457155
3.6381936073303223 1.4470700025558472 3.0451900843922597
3.638373851776123 1.4470523595809937 3.1072256563565803
3.637917995452881 1.4473192691802979 -3.1281547536428107
3.636904716491699 1.4473661184310913 -3.082721467733035
3.632749319076538 1.4471153020858765 -3.029955143226154
3.6274890899658203 1.446466326713562 -2.99699497376348
3.6208324432373047 1.4454095363616943 -2.969775936522564
3.6129097938537598 1.444300651550293 -2.9474101093836746
3.6033132076263428 1.4424052238464355 -2.929603317316568
3.5924129486083984 1.43985915184021 -2.9151613603036957
3.580000400543213 1.437039852142334 -2.9058625712182122
3.5660321712493896 1.4334968328475952 -2.902197829151696
3.5511419773101807 1.4297765493392944 -2.902127985100822
3.5315322875976562 1.4251763820648193 -2.901705973185915
3.516885995864868 1.4216259717941284 -2.901387945281528
3.502948522567749 1.4182970523834229 -2.9020333213949643
3.4885194301605225 1.4147217273712158 -2.902225734093036
3.473966360092163 1.4114052057266235 -2.9013283108425525
3.459897518157959 1.4078468084335327 -2.8998470326556625
3.445241689682007 1.4040604829788208 -2.8969879240094762
3.431018829345703 1.4005544185638428 -2.8949966532819604
3.4116482734680176 1.3954201936721802 -2.8942184397725
3.3973371982574463 1.391878366470337 -2.8942358377479374
3.383535623550415 1.3884588479995728 -2.894157404935618
3.3691415786743164 1.3847992420196533 -2.89427900221809
3.3545572757720947 1.381109356880188 -2.893666971116866
3.340186595916748 1.3773226737976074 -2.891947518932962
3.3257880210876465 1.3735697269439697 -2.8905126970005224
3.306777000427246 1.368442416191101 -2.8897225571754444
3.2927157878875732 1.3646900653839111 -2.8897838576336596
3.278463125228882 1.360882043838501 -2.8899762487244023
3.264456033706665 1.3572449684143066 -2.88851834372384
3.250133991241455 1.3534128665924072 -2.88832353991268
3.2358012199401855 1.349527359008789 -2.887705086243126
3.222165822982788 1.3459056615829468 -2.887705086243126
3.2081780433654785 1.3422026634216309 -2.887705086243126
3.194465160369873 1.3383809328079224 -2.887705086243126
3.175478219985962 1.3330634832382202 -2.888974670030775
3.161557197570801 1.3292088508605957 -2.8889935171517536
3.1478559970855713 1.325546383857727 -2.8897769423566757
3.1339967250823975 1.3216785192489624 -2.8905813616319223
3.1197893619537354 1.317793369293213 -2.8903226809333926
3.1059303283691406 1.313942551612854 -2.8911912257254566
3.091569423675537 1.3099629878997803 -2.8904096644360724
3.0776989459991455 1.3060023784637451 -2.89029101533291
3.0592470169067383 1.300606369972229 -2.891330480042144
3.0454330444335938 1.2968823909759521 -2.891330480042144
3.031811237335205 1.2931263446807861 -2.892356646447209
3.017761707305908 1.289223551750183 -2.89193701982503
3.00380802154541 1.2851972579956055 -2.8917346016703713
2.9900410175323486 1.2812575101852417 -2.8916866825337
2.9761297702789307 1.2775828838348389 -2.890729924080296
2.962247133255005 1.2739869356155396 -2.890729924080296
2.944141149520874 1.2687568664550781 -2.8925912382039325
2.9303231239318848 1.2648637294769287 -2.895004505063146
2.920954465866089 1.2624176740646362 -2.895004505063146
2.9057912826538086 1.258253574371338 -2.89724563800124
2.8888955116271973 1.2535735368728638 -2.898252733805011
2.888284683227539 1.253449559211731 -2.898014530171388
2.8657946586608887 1.2475454807281494 -2.8980653327357166
2.8433003425598145 1.2415919303894043 -2.897093049720152
2.8424105644226074 1.2413979768753052 -2.8965887957032805
2.842653512954712 1.241495966911316 -2.8981540205083487
2.8429582118988037 1.2415740489959717 -2.8988001163853965
2.843946695327759 1.2416760921478271 -2.9002087213615058
2.8437271118164062 1.2416954040527344 -2.8996555867081266
2.843623638153076 1.2416563034057617 -2.8996555867081266
2.8439242839813232 1.241655707359314 -2.9002432794545006
2.8439242839813232 1.241655707359314 -2.9002432794545006
2.843914031982422 1.2416630983352661 -2.900162706034078
2.84391450881958 1.2416627407073975 -2.9001665253182263
2.8439178466796875 1.2416603565216064 -2.9001977545379014
2.843912363052368 1.2416642904281616 -2.9001467229849496
2.843912363052368 1.2416642904281616 -2.9001467229849496
2.8439080715179443 1.24166738986969 -2.9001064098643172
2.8439035415649414 1.2416706085205078 -2.9000653986037785
2.843904972076416 1.2416696548461914 -2.9000778022479947
2.843904972076416 1.2416696548461914 -2.9000778022479947
2.842360734939575 1.2413536310195923 -2.9001066609198425
2.838245391845703 1.2403740882873535 -2.900174373555409
2.830927610397339 1.2384544610977173 -2.9013700381231375
2.8250396251678467 1.2369133234024048 -2.9029774605565133
2.810429811477661 1.2332676649093628 -2.903864147883141
2.7981131076812744 1.230185866355896 -2.9061138823838806
2.783705234527588 1.2268611192703247 -2.9075689486989518
2.768824338912964 1.2233691215515137 -2.9077055342708853
2.7545173168182373 1.2199963331222534 -2.9084808634519157
2.7404356002807617 1.2167084217071533 -2.908758651547495
2.7266035079956055 1.2134454250335693 -2.908758651547495
2.7126047611236572 1.2099510431289673 -2.908758651547495
2.6942105293273926 1.205407977104187 -2.9088454212140356
2.680419921875 1.2023476362228394 -2.909111033004643
2.6660513877868652 1.198911428451538 -2.908734076986604
2.651620388031006 1.1953589916229248 -2.9082343728868736
2.637866497039795 1.1920500993728638 -2.9064717421798605
2.6237783432006836 1.1885308027267456 -2.9048824422354182
2.6100401878356934 1.1850905418395996 -2.9042277374524472
2.5957629680633545 1.1816574335098267 -2.903735639634092
2.576930284500122 1.1771126985549927 -2.9015345791495504
2.563091993331909 1.1736791133880615 -2.9003570123394553
2.548732280731201 1.1701841354370117 -2.899456501582783
2.534355640411377 1.1667276620864868 -2.8960816902511723
2.5204110145568848 1.1631840467453003 -2.8943061664790477
2.5062718391418457 1.1597375869750977 -2.893140302516357
2.4922890663146973 1.1562453508377075 -2.891584148217201
2.4778149127960205 1.152679204940796 -2.890267131385172
2.4594497680664062 1.1479098796844482 -2.8887267103525773
2.445720911026001 1.1442769765853882 -2.886524438927095
2.4312210083007812 1.1405223608016968 -2.884676898735504
2.4169938564300537 1.1366474628448486 -2.8823199437230747
2.403266429901123 1.13313889503479 -2.8793876023863016
2.389274835586548 1.1293554306030273 -2.8776667057345096
2.375746965408325 1.1255824565887451 -2.876982201881988
2.3613853454589844 1.1218411922454834 -2.8768241181312657
2.343085289001465 1.116889238357544 -2.8753781384166137
2.3295700550079346 1.1133164167404175 -2.875427265430765
2.315356969833374 1.1094483137130737 -2.874975670150828
2.3019936084747314 1.1059223413467407 -2.8747629921934905
2.2881765365600586 1.1021772623062134 -2.875196703083553
2.274792194366455 1.0984678268432617 -2.875302781161582
2.2606377601623535 1.0944637060165405 -2.8766105127646946
2.2467761039733887 1.0905689001083374 -2.8776807792048875
2.2290310859680176 1.0857175588607788 -2.8795683223200386
2.2149970531463623 1.0820558071136475 -2.8795683223200386
2.201094388961792 1.0783345699310303 -2.8802771560944853
2.187551975250244 1.0744903087615967 -2.88096713934564
2.17375111579895 1.0706523656845093 -2.881114491948196
2.159724235534668 1.0667425394058228 -2.8814284820078333
2.1458775997161865 1.0631217956542969 -2.882153287639806
2.13200306892395 1.0595189332962036 -2.883339157296868
2.114429473876953 1.054809808731079 -2.8851375525501766
2.099881649017334 1.0511236190795898 -2.8851375525501766
2.0861806869506836 1.0474401712417603 -2.8869562315038046
2.072643995285034 1.0438920259475708 -2.8876178029080797
2.058539867401123 1.0403259992599487 -2.8882992201190847
2.0451018810272217 1.0366770029067993 -2.889276985123557
2.0310187339782715 1.0329805612564087 -2.889276985123557
2.016674518585205 1.0292713642120361 -2.8907935886518685
2.0031204223632812 1.0256890058517456 -2.8928093717221137
1.9848432540893555 1.020918846130371 -2.893585413882485
1.9707776308059692 1.0173519849777222 -2.8944358805613235
1.9571141004562378 1.0138881206512451 -2.8946044399430924
1.9430334568023682 1.0103355646133423 -2.8946044399430924
1.9291620254516602 1.0069149732589722 -2.8955251913691153
1.9147627353668213 1.0032503604888916 -2.896407144370139
1.9010008573532104 0.9998376369476318 -2.898001908805431
1.8826725482940674 0.9951297044754028 -2.8987295629296814
1.8684803247451782 0.9915515184402466 -2.901070577066792
1.8540308475494385 0.9879114031791687 -2.901070577066792
1.8401341438293457 0.9845238924026489 -2.9016499566215566
1.8259329795837402 0.981107234954834 -2.9017445941962574
1.812011480331421 0.977679431438446 -2.9019105504687563
1.7977569103240967 0.9742397665977478 -2.9025204157024813
1.7834877967834473 0.9707093834877014 -2.90266988771012
1.7650489807128906 0.9663190841674805 -2.9034769405731713
1.7506086826324463 0.9626216888427734 -2.9035191478936406
1.7363321781158447 0.959161639213562 -2.9029574525995017
1.722610354423523 0.9557137489318848 -2.903318877390085
1.7084802389144897 0.9523309469223022 -2.9028909334481368
1.6941804885864258 0.9489210247993469 -2.902944074560671
1.6800214052200317 0.9455627202987671 -2.9043066518438643
1.665712594985962 0.9421385526657104 -2.9049239179808612
1.6519473791122437 0.9388411641120911 -2.90633273239635
1.6329296827316284 0.9343030452728271 -2.90704702680221
1.618835687637329 0.9310556054115295 -2.9070792327220993
1.6048475503921509 0.9275991320610046 -2.9073209864714076
1.590409278869629 0.9242286086082458 -2.906948331227059
1.5762938261032104 0.9207216501235962 -2.90784048675394
1.5620089769363403 0.9174953103065491 -2.9080019004462594
1.5475729703903198 0.9139759540557861 -2.908748632112451
1.5308339595794678 0.9099985957145691 -2.909177087767272
1.5163400173187256 0.9063780903816223 -2.910007948672342
1.5107089281082153 0.9050089716911316 -2.910662428748818
1.4837342500686646 0.8987758755683899 -2.910488613640584
1.472415566444397 0.8960604667663574 -2.910488613640584
1.4582970142364502 0.8927363157272339 -2.9109294539622157
1.4440311193466187 0.8894340395927429 -2.91153313701402
1.4296164512634277 0.8860740661621094 -2.9128789895789327
1.4110910892486572 0.88165283203125 -2.9149200958331245
1.3965685367584229 0.8783650994300842 -2.916177986905661
1.3821755647659302 0.8750017881393433 -2.915581948393292
1.3681862354278564 0.8718133568763733 -2.9156336835050856
1.3536412715911865 0.8685023188591003 -2.9162075415031543
1.3394451141357422 0.8650655150413513 -2.9162366290838513
1.324887752532959 0.8616389036178589 -2.9165580346645306
1.3104108572006226 0.8583492636680603 -2.917260651558191
1.2918384075164795 0.8541409373283386 -2.9175793981924825
1.2777113914489746 0.8511240482330322 -2.91762327605333
1.2630460262298584 0.847746729850769 -2.9180343362069086
1.2493259906768799 0.8444819450378418 -2.9179687572538904
1.234702229499817 0.8411909937858582 -2.917436127571845
1.2208242416381836 0.8379759192466736 -2.9189381658090805
1.2063571214675903 0.8346608281135559 -2.9195461405989276
1.1921135187149048 0.8313904404640198 -2.919633849365189
1.1781415939331055 0.8280455470085144 -2.9210943972406627
1.1590157747268677 0.823718786239624 -2.9214615647403153
1.144364356994629 0.8204829096794128 -2.9217133492953153
1.1305656433105469 0.8173190951347351 -2.921983257119023
1.1160125732421875 0.8140641450881958 -2.9221157999415026
1.1019707918167114 0.8108785152435303 -2.9216565985470093
1.087311029434204 0.8076217174530029 -2.921147815979899
1.0726022720336914 0.8043380379676819 -2.9222786428477017
1.0540642738342285 0.8001608848571777 -2.9224541318314703
1.0398917198181152 0.7971280217170715 -2.9228506087026243
1.0256915092468262 0.7939571142196655 -2.9227590509296357
1.0115092992782593 0.7907465100288391 -2.922038305486397
0.996978759765625 0.7873978018760681 -2.9220385499427097
0.982501208782196 0.7841140031814575 -2.9224827300888165
0.9683067798614502 0.7808660268783569 -2.9227127959153387
0.9533727765083313 0.7775189280509949 -2.9227127959153387
0.9395925402641296 0.7743576169013977 -2.9228391713282664
0.9203243255615234 0.7700456976890564 -2.9231464832393814
0.9059454202651978 0.7668880820274353 -2.9229345282361052
0.8916866183280945 0.7637194395065308 -2.922884938655582
0.8771011829376221 0.7604023814201355 -2.9225707212805543
0.862281084060669 0.7571036219596863 -2.9222262060481254
0.8482083082199097 0.7540166974067688 -2.9219302998548997
0.8336880207061768 0.750712513923645 -2.9216849700633136
0.8193830847740173 0.747387170791626 -2.9220759880604152
0.8002117872238159 0.7431143522262573 -2.9228904278642784
0.7859343886375427 0.7399833798408508 -2.923448543897256
0.7716766595840454 0.7367039322853088 -2.923673396572796
0.7567523121833801 0.7332997918128967 -2.9234802657780015
0.7418580651283264 0.7298791408538818 -2.9243149817730236
0.7276036143302917 0.7267132997512817 -2.9239463786979445
0.7129635810852051 0.7235338687896729 -2.924344571203039
0.6935103535652161 0.7193177938461304 -2.9252789094881746
0.6796032190322876 0.7161921262741089 -2.9261755775140994
0.6653057932853699 0.7131004929542542 -2.926475766656458
0.6507195234298706 0.7100281715393066 -2.926228281696476
0.6360352635383606 0.7070255279541016 -2.926127904466995
0.6217631101608276 0.7037729024887085 -2.926127904466995
0.6072909832000732 0.7008607387542725 -2.9252727110998715
0.5929147601127625 0.697645902633667 -2.926224711179964
0.5735346078872681 0.6934264898300171 -2.9263014681086292
0.5592735409736633 0.6904441714286804 -2.9269781033096955
0.5451622605323792 0.6873335838317871 -2.927460440839944
0.5311154127120972 0.6842938661575317 -2.927211774165991
0.5167741179466248 0.6811147332191467 -2.9269843120729746
0.5017058849334717 0.6779582500457764 -2.926543715054964
0.48708149790763855 0.67481929063797 -2.9268679655900622
0.47292575240135193 0.6718031167984009 -2.9268679655900622
0.4535277187824249 0.6676225662231445 -2.926845554678278
0.4393991231918335 0.6644043922424316 -2.9272978293868204
0.42524316906929016 0.6612886786460876 -2.926402556940825
0.4108578562736511 0.658239483833313 -2.926402556940825
0.39649641513824463 0.6551750898361206 -2.926517492798173
0.3813417851924896 0.6520963311195374 -2.92602276717252
0.36705052852630615 0.6488851308822632 -2.927495723788854
0.35286012291908264 0.6459227204322815 -2.928317783486759
0.33366289734840393 0.6416915059089661 -2.931074373164766
0.31920111179351807 0.6386770606040955 -2.931689968582376
0.30487728118896484 0.6357027292251587 -2.9322216575942455
0.29063040018081665 0.6326758861541748 -2.9321787142138294
0.27610909938812256 0.6297359466552734 -2.931592453650152
0.26105958223342896 0.6265870928764343 -2.932199964467317
0.24659474194049835 0.6235386729240417 -2.9328036275174143
0.23224785923957825 0.6205291152000427 -2.9341728730263648
0.21813029050827026 0.6176148653030396 -2.935828691234493
0.19843634963035583 0.6137228608131409 -2.9368326570845933
0.18445192277431488 0.6109142303466797 -2.9376778691458516
0.17032308876514435 0.6080329418182373 -2.937591072285431
0.15612468123435974 0.6051129698753357 -2.937189816935442
0.14108826220035553 0.60201096534729 -2.9376962144019796
0.12688033282756805 0.599259078502655 -2.93788695464326
0.11291446536779404 0.5963510274887085 -2.939146298394003
0.09366738796234131 0.592567503452301 -2.939146298394003
0.07937950640916824 0.5896550416946411 -2.940600637155946
0.06512579321861267 0.5869180560112 -2.939315789016681
0.060706593096256256 0.58603435754776 -2.939315789016681
0.029189176857471466 0.5797511339187622 -2.938258173112536
0.006687772460281849 0.5753461122512817 -2.937784422331607
-0.007396181114017963 0.5724024176597595 -2.9379215250989255
['cliff_front_right']
['cliff_front_left', 'cliff_front_right']
-0.02062194235622883 0.5696983337402344 -2.9381272895102035
-0.027439579367637634 0.5682936310768127 -2.938338276704316
-0.02809472382068634 0.5681493282318115 -2.938338276704316
-0.02631417103111744 0.5685325264930725 -2.9391708390421063
-0.020863721147179604 0.5696836709976196 -2.9402596797935985
['cliff_front_right']
-0.01288553699851036 0.5712044835090637 -2.940309993660741
-0.0046601081266999245 0.5728975534439087 -2.940071327929794
0.0029137057717889547 0.5744856595993042 -2.9395010473557597
0.010354744270443916 0.5759350061416626 -2.9394011393641577
0.021056458353996277 0.5781304240226746 -2.9394726919205234
0.028376895934343338 0.579547107219696 -2.938951732109012
0.0359654501080513 0.5811445713043213 -2.9386897109494377
0.041141070425510406 0.5822300314903259 -2.9386897109494377
0.056390181183815 0.5849809050559998 -2.93146706297361
0.061485081911087036 0.5857921242713928 -2.910024409228221
0.062338657677173615 0.5862717032432556 -2.8939390064454122
0.0633477196097374 0.5873499512672424 -2.850931670589905
0.0629865899682045 0.5872830748558044 -2.855605104917211
0.06313898414373398 0.5871831178665161 -2.8520290980625456
0.06306782364845276 0.5871219038963318 -2.8189003325075466
0.06344545632600784 0.5867021083831787 -2.766182889976606
0.06298201531171799 0.5867258310317993 -2.7124514308363756
0.06265594065189362 0.5867965221405029 -2.666007507485328
0.06247391179203987 0.5870371460914612 -2.6010281936519974
0.06250817328691483 0.5872595906257629 -2.553380734352194
0.06235181540250778 0.5873516798019409 -2.5067858750686405
0.062123920768499374 0.5875345468521118 -2.45971779912763
0.06186298653483391 0.5877866148948669 -2.4129720230993854
0.061840999871492386 0.5878652334213257 -2.3654342024557478
0.061819568276405334 0.5880661010742188 -2.318621398568795
0.061802707612514496 0.5881801843643188 -2.271630718710819
0.06122327968478203 0.5883044004440308 -2.223700529903964
0.06132765859365463 0.5884618759155273 -2.1612978399935057
0.06112818792462349 0.5886165499687195 -2.1155543854200403
0.06091282516717911 0.5886744856834412 -2.0684718391722874
0.06069670990109444 0.5886939764022827 -2.021008981589219
0.060643620789051056 0.5888464450836182 -1.972743208760664
0.060442566871643066 0.5889598727226257 -1.925858710515113
0.060291752219200134 0.5889716148376465 -1.8794633117626427
0.06020293012261391 0.5890646576881409 -1.8170229551930608
0.060076065361499786 0.5891919732093811 -1.768754481321971
0.05991027504205704 0.5892575979232788 -1.723261634290587
0.05981800705194473 0.5892847776412964 -1.676882329830498
0.059690993279218674 0.5892505645751953 -1.6294914440742627
0.05946273356676102 0.5882731080055237 -1.5821118038238828
0.05947645381093025 0.5858215689659119 -1.5412604106611791
0.059515029191970825 0.581497073173523 -1.5070766885317484
0.05979852005839348 0.5756756663322449 -1.4767876010914298
0.06084960326552391 0.5652500987052917 -1.4453169776949044
0.06188243627548218 0.5558999180793762 -1.4275310045030358
0.06341725587844849 0.5451947450637817 -1.414581955147143
0.06500675529241562 0.5329118967056274 -1.407901036169642
0.06737112998962402 0.5184742212295532 -1.40396670702283
0.06965523213148117 0.5042406916618347 -1.40396670702283
0.07148782908916473 0.49351152777671814 -1.4040153053756954
0.07931555062532425 0.4441080689430237 -1.4037448019913414
['bump_right']
0.08094374090433121 0.4346003830432892 -1.4052885595909292
['bump_front_right']
0.08241599798202515 0.4271118640899658 -1.4091831236040302
0.08237967640161514 0.4271988868713379 -1.4155449296300329
0.08138897269964218 0.42812100052833557 -1.40729846651935
0.08070887625217438 0.4312548339366913 -1.4053147631543519
0.07979492098093033 0.436047226190567 -1.405471887512525
0.07787089049816132 0.4452956020832062 -1.406985236517987
0.07661987096071243 0.45229843258857727 -1.406985236517987
0.07535847276449203 0.4591716229915619 -1.407409917854987
0.07407274842262268 0.46594473719596863 -1.4073118734260468
0.07276894897222519 0.47287309169769287 -1.4080019320697852
0.07148145139217377 0.4796367883682251 -1.4088830458695611
0.07041634619235992 0.48630496859550476 -1.4092164205390647
0.06912427395582199 0.49447643756866455 -1.4088766505198336
0.06864813715219498 0.4975016713142395 -1.406714019593828
0.06861276179552078 0.49768972396850586 -1.4062402938434724
0.06869829446077347 0.497266948223114 -1.4058783277466422
0.06872310489416122 0.4970944821834564 -1.4051127088860622
0.06872730702161789 0.4971770942211151 -1.4051127088860622
0.06872327625751495 0.4971456229686737 -1.4051127088860622
0.06873118132352829 0.49715739488601685 -1.4051127088860622
0.06866373121738434 0.4970770478248596 -1.4043213641263186
0.06866373121738434 0.4970770478248596 -1.4043208601141979
0.06866373121738434 0.4970770478248596 -1.4043206921109965
0.06866373121738434 0.4970770478248596 -1.4043206921109965
0.06866373121738434 0.4970770478248596 -1.4043206921109965
0.06866373121738434 0.4970770478248596 -1.4043206921109965
0.06866373121738434 0.4970770478248596 -1.4043206921109965
0.06866373121738434 0.4970770478248596 -1.4043206921109965
0.06866373121738434 0.4970770478248596 -1.4043206921109965
0.06866373121738434 0.4970770478248596 -1.4043206921109965
0.06866373121738434 0.4970770478248596 -1.4043206921109965
0.06866373121738434 0.4970770478248596 -1.4043206921109965
0.06866373121738434 0.4970770478248596 -1.4043206921109965
0.06866373121738434 0.4970770478248596 -1.4043206921109965
0.06866373121738434 0.4970770478248596 -1.4043206921109965
0.06866373121738434 0.4970770478248596 -1.4043206921109965
0.06866373121738434 0.4970770478248596 -1.4043206921109965
0.06866373121738434 0.4970770478248596 -1.4043206921109965
0.06866373121738434 0.4970770478248596 -1.4043206921109965
0.06866373121738434 0.4970770478248596 -1.4043206921109965
0.06866659224033356 0.4970804750919342 -1.4043543211637817
0.06866659224033356 0.4970804750919342 -1.4043543211637817
0.06866659224033356 0.4970804750919342 -1.4043543211637817
0.06866659224033356 0.4970804750919342 -1.4043543211637817
0.06866659224033356 0.4970804750919342 -1.4043543211637817
0.06866659224033356 0.4970804750919342 -1.4043543211637817
0.06866659224033356 0.4970804750919342 -1.4043543211637817
0.06866659224033356 0.4970804750919342 -1.4043543211637817
0.06866659224033356 0.4970804750919342 -1.4043543211637817
0.06866659224033356 0.4970804750919342 -1.4043543211637817
0.06866659224033356 0.4970804750919342 -1.4043543211637817
0.06866659224033356 0.4970804750919342 -1.4043543211637817
0.06866659224033356 0.4970804750919342 -1.4043543211637817
0.06866659224033356 0.4970804750919342 -1.4043543211637817
0.06866659224033356 0.4970804750919342 -1.4043543211637817
0.06866659224033356 0.4970804750919342 -1.4043543211637817
0.06866659224033356 0.4970804750919342 -1.4043543211637817
0.06866659224033356 0.4970804750919342 -1.4043543211637817
0.06866659224033356 0.4970804750919342 -1.4043543211637817
0.06866659224033356 0.4970804750919342 -1.4043543211637817
0.06866659224033356 0.4970804750919342 -1.4043543211637817
0.06866659224033356 0.4970804750919342 -1.4043543211637817
0.06866659224033356 0.4970804750919342 -1.4043543211637817
0.06866659224033356 0.4970804750919342 -1.4043543211637817
0.06866659224033356 0.4970804750919342 -1.4043543211637817
0.06866659224033356 0.4970804750919342 -1.4043543211637817
0.06866659224033356 0.4970804750919342 -1.4043543211637817
0.06866659224033356 0.4970804750919342 -1.4043543211637817
0.06866659224033356 0.4970804750919342 -1.4043543211637817
0.06866659224033356 0.4970804750919342 -1.4043543211637817
0.06866659224033356 0.4970804750919342 -1.4043543211637817
0.06866659224033356 0.4970804750919342 -1.4043543211637817
0.06866659224033356 0.4970804750919342 -1.4043543211637817
0.06866659224033356 0.4970804750919342 -1.4043543211637817
0.06866659224033356 0.4970804750919342 -1.4043543211637817
0.06866659224033356 0.4970804750919342 -1.4043543211637817
0.06866659224033356 0.4970804750919342 -1.4043543211637817
0.06866659224033356 0.4970804750919342 -1.4043543211637817
0.06866659224033356 0.4970804750919342 -1.4043543211637817
0.06866659224033356 0.4970804750919342 -1.4043543211637817
0.06866659224033356 0.4970804750919342 -1.4043543211637817
0.06866659224033356 0.4970804750919342 -1.4043543211637817
0.06866659224033356 0.4970804750919342 -1.4043543211637817
0.06866659224033356 0.4970804750919342 -1.4043543211637817
0.06866659224033356 0.4970804750919342 -1.4043543211637817
0.06866659224033356 0.4970804750919342 -1.4043543211637817
0.06866659224033356 0.4970804750919342 -1.4043543211637817
0.06866659224033356 0.4970804750919342 -1.4043543211637817
0.06866659224033356 0.4970804750919342 -1.4043543211637817
0.06866659224033356 0.4970804750919342 -1.4043543211637817
0.06866659224033356 0.4970804750919342 -1.4043543211637817
0.06853542476892471 0.4970057010650635 -1.4016072530530042
0.0685831606388092 0.4971490204334259 -1.3620127500463675
0.06845206022262573 0.49700024724006653 -1.311351303280074
0.06786257773637772 0.4966251850128174 -1.2584559426366302
0.06755099445581436 0.49639037251472473 -1.2091526008823044
0.06726695597171783 0.4962598383426666 -1.1790163632148185
0.06705323606729507 0.4959091246128082 -1.1171965697382065
0.06676343083381653 0.4954778850078583 -1.0699626468263692
0.06665158271789551 0.49546223878860474 -1.0385364686198846
0.06589462608098984 0.49498552083969116 -0.9585386388115293
0.06568634510040283 0.49478405714035034 -0.9279698636081027
0.06525346636772156 0.49358615279197693 -0.8820188597227734
0.06511611491441727 0.49429231882095337 -0.8237457091242195
0.06482516974210739 0.49360814690589905 -0.7707873742891634
0.06468106806278229 0.4932752251625061 -0.7243165291962228
0.0645090863108635 0.4929969906806946 -0.6763061150648466
0.06425020098686218 0.4925732910633087 -0.6274822154892962
0.06402654945850372 0.49227502942085266 -0.5635302275934146
0.06373979896306992 0.49183911085128784 -0.5170175794131541
0.06359744071960449 0.4913991093635559 -0.4698468830234133
0.06334582716226578 0.4910967946052551 -0.4227474774822194
0.06332604587078094 0.4907030165195465 -0.3744263858979609
0.06514875590801239 0.4858069121837616 -0.2862992337311391
0.0643516555428505 0.4863184094429016 -0.18851428878376375
0.06148127466440201 0.48938921093940735 -0.1232595705151964
0.061452679336071014 0.48901838064193726 -0.07681996537193025
0.06373222172260284 0.4858372211456299 0.007467852444722126
0.06472655385732651 0.4881063997745514 0.05566132104968951
0.06613918393850327 0.48800474405288696 0.06836969304059888
0.07655460387468338 0.48912495374679565 0.12212472777856784
0.0851253792643547 0.48946714401245117 0.14923915586917347
0.0941256731748581 0.49097102880477905 0.16727229475369657
0.10443247854709625 0.49276936054229736 0.1796341118752807
0.11645996570587158 0.49505218863487244 0.18650013240820193
0.13004925847053528 0.4976763129234314 0.18868964307567385
0.14459311962127686 0.5006217360496521 0.1895237605442635
0.1589169204235077 0.5035092830657959 0.18762630860973498
0.1728000044822693 0.5063127279281616 0.18589090299022368
0.19117149710655212 0.509891152381897 0.18531944458205363
0.20502810180187225 0.5125327706336975 0.184074891300434
0.2191416323184967 0.5152811408042908 0.18407480225605413
0.23317492008209229 0.5180934071540833 0.18450035291426958
0.24708299338817596 0.5207518935203552 0.1852339421529024
0.26095521450042725 0.5233820676803589 0.18535101460006592
0.27492567896842957 0.5260732769966125 0.18508993729837564
0.2886704206466675 0.5288181304931641 0.18508989277994928
0.30272814631462097 0.5315878987312317 0.1844889416856743
0.32165420055389404 0.5351704955101013 0.18466208153348984
0.33575698733329773 0.5377900004386902 0.18541024958980507
0.3498532474040985 0.5404224395751953 0.1859912749765877
0.3639088571071625 0.5430740118026733 0.18638319623940872
0.377797931432724 0.5457251667976379 0.18638319623940872
0.39179766178131104 0.5483403205871582 0.18626372050460036
0.4059302806854248 0.5511526465415955 0.18640028283309582
0.4243825674057007 0.5548041462898254 0.18635782835509201
0.4383544325828552 0.5573998093605042 0.1865803112289728
0.45225971937179565 0.5599092841148376 0.18652259320621778
0.4662664830684662 0.5625881552696228 0.18652259320621778
0.48045092821121216 0.5652779936790466 0.18719018305636848
0.49456626176834106 0.5679417848587036 0.18769864961612634
0.5085933804512024 0.570565938949585 0.18839311415578627
0.5227835178375244 0.5731319785118103 0.18867591598772526
0.5412819981575012 0.5767428874969482 0.18785337946417202
0.5554890036582947 0.5794479846954346 0.18893837136888805
0.5696641206741333 0.5821384787559509 0.18996650477095614
0.5837096571922302 0.5847620368003845 0.19062120003492145
0.5977140069007874 0.5874590873718262 0.19062111102998536
0.6117240190505981 0.5901719927787781 0.19193249361369888
0.6254504323005676 0.5928163528442383 0.19166191905978447
0.6390883326530457 0.5953953862190247 0.19091207219435125
0.6583603024482727 0.5990580320358276 0.1907208628018554
0.6724115610122681 0.6017361879348755 0.18989667038360716
0.6861833333969116 0.6043185591697693 0.19001088030226185
0.7003132700920105 0.6069607138633728 0.19014173469413062
0.7143298387527466 0.6097872257232666 0.18942214574180946
0.7283124923706055 0.6124645471572876 0.1894892119521657
0.7422321438789368 0.6152690052986145 0.18950592113461745
0.7565010786056519 0.6180222034454346 0.18926678716888398
0.7708083987236023 0.6207969188690186 0.18905148746783068
0.7888223528862 0.6244072914123535 0.18820289615736627
0.8030287027359009 0.627044677734375 0.18838008422765132
0.8172429203987122 0.6297357082366943 0.18794492738091287
0.8313214778900146 0.6323915123939514 0.18872169050196655
0.8452363014221191 0.6349570751190186 0.1886658517497066
0.8590941429138184 0.6377452611923218 0.18804164337606308
0.8777709603309631 0.6410365700721741 0.1887285789201218
0.8870611190795898 0.6429531574249268 0.1884250385025794
0.9055255055427551 0.6466789245605469 0.18835768840258832
0.9199081659317017 0.6493113040924072 0.18975966194541596
0.9341027736663818 0.6520552635192871 0.19033141476588086
0.9479722380638123 0.6546593308448792 0.1907014202901566
0.9618481397628784 0.6573041081428528 0.19053566689695375
0.9756628274917603 0.6598649621009827 0.19064376902208557
0.98990797996521 0.6625832319259644 0.19006642052269646
1.0086462497711182 0.6662928462028503 0.19006636120415413
1.0224127769470215 0.6689804196357727 0.19006636120415413
1.0366359949111938 0.6717613935470581 0.19048202191301866
1.050843358039856 0.6744092106819153 0.19048202191301866
1.0647120475769043 0.676998496055603 0.19081608566300542
1.0787943601608276 0.6797467470169067 0.19081604116950882
1.0930086374282837 0.6823697090148926 0.19010489232032401
1.1073306798934937 0.6852428913116455 0.19010489232421773
1.1256479024887085 0.6887077689170837 0.1911383824697545
1.1396514177322388 0.6915910243988037 0.19139789889026299
1.1542049646377563 0.6943878531455994 0.19245373515966965
1.1685569286346436 0.6972867846488953 0.1927367743738034
1.1825119256973267 0.7000641822814941 0.19334498543264725
1.1964421272277832 0.702720582485199 0.19369646759054374
1.2105562686920166 0.7055763006210327 0.19323584651861708
1.2249950170516968 0.7083418369293213 0.1923612537397964
1.2389566898345947 0.7110919952392578 0.1917590097551357
1.2573692798614502 0.7147732973098755 0.19154776575455867
1.2719143629074097 0.7176257371902466 0.1915441776283908
1.2854944467544556 0.7202808856964111 0.19176067208788436
1.299720048904419 0.7229662537574768 0.1920307760357026
1.3133866786956787 0.7253943085670471 0.19169860875877315
1.3277372121810913 0.7281537652015686 0.19169856426009182
1.3420168161392212 0.7307898998260498 0.1917484710391027
1.355840802192688 0.7334577441215515 0.1923244443678732
1.3746182918548584 0.7371756434440613 0.19322083040178256
1.3888603448867798 0.7400220036506653 0.19337682984464488
1.4028785228729248 0.7427026629447937 0.19396310179928275
1.4172714948654175 0.7456640005111694 0.19413879354045685
1.4312744140625 0.7484766840934753 0.19357044089050662
1.4455674886703491 0.7512287497520447 0.19359199898904633
1.4595921039581299 0.7541107535362244 0.19274066379965096
1.4731864929199219 0.7568425536155701 0.19260188487533403
1.491599202156067 0.7605211138725281 0.19226097090712307
1.506248116493225 0.7632980346679688 0.19231633668266487
1.5199673175811768 0.7658390402793884 0.19265939998247053
1.534027338027954 0.7684713006019592 0.19289972144737305
1.5477209091186523 0.7709236145019531 0.19294216639009096
1.5620118379592896 0.7736703753471375 0.19269424517953607
1.57659912109375 0.7764443159103394 0.19249734421241738
1.5905041694641113 0.7791259288787842 0.1924973442081334
1.6094759702682495 0.782986581325531 0.19208292480689598
1.6239097118377686 0.7858268618583679 0.19267335123081944
1.6378611326217651 0.7886369228363037 0.19223345464144112
1.6520429849624634 0.7913921475410461 0.19217918313119736
1.6658684015274048 0.7939690947532654 0.1921792424625297
1.6805866956710815 0.7967360615730286 0.19217933145306126
1.694857120513916 0.7995657324790955 0.190708576246953
1.7085449695587158 0.8021113872528076 0.19070853174716867
1.7273058891296387 0.8057357668876648 0.19070838339658855
1.7413572072982788 0.808337390422821 0.19053572740283142
1.755700945854187 0.8111185431480408 0.19064829912852224
1.7702343463897705 0.813908040523529 0.19155838503291753
1.7844369411468506 0.8166126608848572 0.19113141503072661
1.7984919548034668 0.819471001625061 0.1907075162451138
1.8173236846923828 0.8233176469802856 0.19126796045726047
1.8313461542129517 0.8261128664016724 0.19113708905267823
1.8457751274108887 0.8289328813552856 0.19113713355309192
1.8599843978881836 0.8317279815673828 0.19078672925573797
1.8740425109863281 0.8345169425010681 0.19021524948127577
1.8879400491714478 0.8370404243469238 0.18875680647507556
1.901816964149475 0.8397524952888489 0.18827546676010976
1.9163225889205933 0.8424537777900696 0.188275555772021
1.9306516647338867 0.8453050255775452 0.1863500593802049
1.944640040397644 0.8479618430137634 0.18620201107319054
1.9635138511657715 0.8513391017913818 0.18618866208900442
1.9779961109161377 0.8540586829185486 0.18645541740014265
1.9919503927230835 0.8565021753311157 0.18632192863502603
2.0063655376434326 0.8591591119766235 0.18563880370107322
2.0206315517425537 0.861778736114502 0.18563880370107322
2.0353760719299316 0.8647369146347046 0.18513358513102715
2.0498504638671875 0.86737060546875 0.18485155131485362
2.068504810333252 0.8708799481391907 0.18332561744352668
2.082939863204956 0.8735737800598145 0.18214095117106696
2.0973846912384033 0.8760764002799988 0.1813190870131366
2.111640691757202 0.8786171674728394 0.18102955018873795
2.1259989738464355 0.8811176419258118 0.1811180966770801
2.14003849029541 0.8837576508522034 0.18010131151845066
2.1543149948120117 0.8863332271575928 0.17822205333735577
2.1685407161712646 0.8888531923294067 0.17634258463458358
2.182312488555908 0.8912150263786316 0.17549258984115404
2.2017242908477783 0.8947613835334778 0.1745817869358177
2.216352701187134 0.8974003791809082 0.1740076295062178
2.230680465698242 0.9000829458236694 0.1743429826525337
2.245283365249634 0.9025929570198059 0.17435894254250686
2.2594950199127197 0.9049590229988098 0.1736467821612418
2.2741143703460693 0.9075422883033752 0.17259565802634794
2.2890374660491943 0.9099347591400146 0.17141143337188436
2.303449869155884 0.9124780893325806 0.17025127940107623
2.322791814804077 0.915867805480957 0.16949549306982098
2.337350606918335 0.9183374643325806 0.16856423288678457
2.351644992828369 0.9207417368888855 0.1683472859476861
2.365872859954834 0.9230373501777649 0.16793457663029981
2.3806393146514893 0.9255268573760986 0.16769968943344254
2.395493507385254 0.9278863072395325 0.16602600820833716
2.410067319869995 0.930354118347168 0.1648055826475467
2.4284110069274902 0.9332563877105713 0.16432317825095089
2.4433183670043945 0.9356985092163086 0.16348728259280085
2.458336114883423 0.9380418062210083 0.16360769869940378
2.472623109817505 0.9403316974639893 0.1637889037691391
2.48720121383667 0.9427201151847839 0.16389150168219818
2.501476287841797 0.9451277852058411 0.16383639557356805
2.5162901878356934 0.9474644660949707 0.16358678581259758
2.5302388668060303 0.9498967528343201 0.16227406756560994
2.544674873352051 0.9522532224655151 0.1610008966095212
2.5641112327575684 0.9554088115692139 0.1610008966095212
2.578460216522217 0.957676887512207 0.16103689510197972
2.592841386795044 0.9601117372512817 0.1609882655529766
2.6073105335235596 0.9624293446540833 0.1615905469628721
2.6217799186706543 0.9647912979125977 0.16060489287695062
2.6365158557891846 0.9672245383262634 0.160038445120056
2.650913953781128 0.969380259513855 0.16004364482923703
2.665088653564453 0.9717743396759033 0.15830730678362345
2.684166669845581 0.9748235940933228 0.15747165170178923
2.6984689235687256 0.9772760272026062 0.15677594004351822
2.7129223346710205 0.9794626235961914 0.15740131374933328
2.727595329284668 0.9817217588424683 0.15740136768660515
2.7422313690185547 0.9840429425239563 0.1569867356125428
2.7557625770568848 0.98638516664505 0.15731078985950106
2.7677791118621826 0.9881851077079773 0.16384097702685854
2.78210711479187 0.9898093342781067 0.1668592930373943
2.802370548248291 0.9931880235671997 0.1626879329229546
2.8169054985046387 0.9961534142494202 0.1550378873832873
2.8309051990509033 0.9980298280715942 0.15482481653589106
2.8455770015716553 1.0003801584243774 0.15647132919902804
2.8601021766662598 1.002801775932312 0.15473274781353114
2.873849630355835 1.0047473907470703 0.15349842236263084
2.8879237174987793 1.0071380138397217 0.15215898738545228
2.902273416519165 1.009310007095337 0.15215904681889403
2.9214086532592773 1.012208104133606 0.1501484166263099
2.9358229637145996 1.014341115951538 0.15036276595402845
2.9500584602355957 1.0164707899093628 0.15001703655855245
2.964505672454834 1.0185472965240479 0.1500169830476866
2.978684186935425 1.0206362009048462 0.1485526238149823
2.992732048034668 1.0225436687469482 0.1481819237519698
3.007037878036499 1.0244535207748413 0.14701105107904583
3.021143674850464 1.0264686346054077 0.14575476208700014
3.0399837493896484 1.0291551351547241 0.14551511819852586
3.0539357662200928 1.0310297012329102 0.1461276653666485
3.0679285526275635 1.0331313610076904 0.14612766536394403
3.0820651054382324 1.0352007150650024 0.1461972634285356
3.0969467163085938 1.0374008417129517 0.1454672120322605
3.111309289932251 1.0393787622451782 0.14500731704449227
3.125185966491699 1.041471242904663 0.14397805080871848
3.138937473297119 1.0433729887008667 0.1436101538481736
3.1582043170928955 1.0462971925735474 0.14253685612823694
3.172283887863159 1.048077940940857 0.14472242426326987
3.1863982677459717 1.0500555038452148 0.14530393683926696
3.200608015060425 1.0520631074905396 0.14538431920569567
3.2152047157287598 1.0541597604751587 0.14576843816445414
3.229113817214966 1.0561599731445312 0.14576843816445414
3.2428483963012695 1.0581164360046387 0.14530046611001818
3.2567660808563232 1.0599499940872192 0.1451829235788911
3.2758920192718506 1.062685251235962 0.14516961942681478
3.289705991744995 1.0646662712097168 0.1459363466607764
3.3032963275909424 1.0666987895965576 0.14765339012589138
3.3173437118530273 1.0687086582183838 0.14821325954709244
3.331920623779297 1.0710140466690063 0.14854730233487015
3.345947027206421 1.0729684829711914 0.14849604049529447
3.3598732948303223 1.0751116275787354 0.14850627450874854
3.373706817626953 1.0772498846054077 0.1486128827899936
3.3925654888153076 1.0804097652435303 0.14944544919588104
3.4062299728393555 1.0824708938598633 0.15076181383670556
3.419893264770508 1.0846625566482544 0.1514963922346228
3.433882474899292 1.0868407487869263 0.15219262460875888
3.4486453533172607 1.0890049934387207 0.15367722955502644
3.462449789047241 1.090986728668213 0.15367727412669363
3.476091146469116 1.093012809753418 0.1535402357718996
3.489382266998291 1.0951170921325684 0.1540115669391151
3.5083887577056885 1.097922444343567 0.1563985747024462
3.5220940113067627 1.0999246835708618 0.15778357925778044
3.5360093116760254 1.1020671129226685 0.1594208107289704
3.549821615219116 1.1043295860290527 0.16010865994666817
3.564622402191162 1.1066745519638062 0.16010865994666817
3.5785586833953857 1.1087894439697266 0.15939532752637797
3.5918796062469482 1.1108864545822144 0.15885269523843998
3.6057612895965576 1.1131902933120728 0.15732040895542848
3.6247549057006836 1.116074562072754 0.15790376436361234
3.638230562210083 1.1183336973190308 0.1593152130800528
3.652240753173828 1.120405673980713 0.1603414670931109
3.665773391723633 1.1226171255111694 0.16074110631510408
3.680185079574585 1.125046730041504 0.1606742890965129
3.6926116943359375 1.1270955801010132 0.16018858715511547
3.702665328979492 1.1287696361541748 0.15906111661613276
3.7120375633239746 1.1304153203964233 0.1593515430887077
3.7260279655456543 1.1326717138290405 0.1621255541905792
['bump_right']
['bump_front_center']
3.7349188327789307 1.134088158607483 0.1621255541905792
3.7345805168151855 1.1340879201889038 0.16026270401838152
3.7337992191314697 1.1339046955108643 0.15990815270505854
3.731743812561035 1.1335681676864624 0.15996450722663352
3.7277894020080566 1.1328487396240234 0.16049279942330946
3.7213871479034424 1.1319305896759033 0.16049275486313863
3.7139227390289307 1.1306736469268799 0.16117650087311336
3.7042579650878906 1.129135012626648 0.16117644146277085
3.6976840496063232 1.12809157371521 0.16188457255709565
3.6918816566467285 1.1271395683288574 0.1626231875747128
3.686924695968628 1.1263659000396729 0.16519023250452872
3.683499813079834 1.1259015798568726 0.18078280146073852
3.6813225746154785 1.1254550218582153 0.20438201182656984
3.679771661758423 1.1253963708877563 0.23788018563995875
3.6794464588165283 1.1251330375671387 0.28125242440101583
3.679753303527832 1.1252003908157349 0.34677279394963123
3.679751396179199 1.1251460313796997 0.3950164840119947
3.679659128189087 1.124966025352478 0.44314288193237616
3.679161548614502 1.1248494386672974 0.491013002646404
3.6794562339782715 1.124704360961914 0.5397272909243901
3.6793930530548096 1.1245198249816895 0.5862545944107233
3.6791012287139893 1.1244009733200073 0.6303734017663658
3.6792068481445312 1.1242866516113281 0.6765812720714204
3.678741693496704 1.1240640878677368 0.7396637039146357
3.6789300441741943 1.1240161657333374 0.7859775357870749
3.6789586544036865 1.1239064931869507 0.8336266061076617
3.6789112091064453 1.1237905025482178 0.8803213085381437
3.678896427154541 1.1235626935958862 0.9279705031606827
3.6787819862365723 1.1236180067062378 0.9752068975548317
3.6787281036376953 1.1235753297805786 1.0231809210090819
3.678928852081299 1.123478889465332 1.0706009278833948
3.6788153648376465 1.1232563257217407 1.1333821511511142
3.678887128829956 1.1231615543365479 1.181400537105434
3.6790244579315186 1.1232253313064575 1.2292696756009664
3.6789348125457764 1.1230661869049072 1.2771700687309757
3.6789467334747314 1.1229233741760254 1.3262121911014935
3.6788339614868164 1.1228121519088745 1.3720705614656397
3.678997755050659 1.1228758096694946 1.4180339246462808
3.6791279315948486 1.1228471994400024 1.465271552311398
3.679104804992676 1.122866153717041 1.527873708258971
3.679213285446167 1.1240289211273193 1.569634919892389
3.6791117191314697 1.1267173290252686 1.6089998604978633
3.6788816452026367 1.1314897537231445 1.6425313988217463
3.6782379150390625 1.1378867626190186 1.6708683891066416
3.6774368286132812 1.1450189352035522 1.6934526969671406
3.6760365962982178 1.153988242149353 1.7128721426059685
3.674283027648926 1.1646289825439453 1.7289116893029923
3.671161651611328 1.1807020902633667 1.7401508498396676
3.668168783187866 1.1944377422332764 1.742702529800231
3.665370225906372 1.2088303565979004 1.7436080594692553
3.662158966064453 1.2228062152862549 1.7417969169989513
3.6588454246520996 1.237517237663269 1.743102348084999
3.655837059020996 1.2514361143112183 1.745813300425544
3.6525752544403076 1.265288233757019 1.7477562035014824
3.6493337154388428 1.2796608209609985 1.7504716893497507
3.6449172496795654 1.2986464500427246 1.750791518427176
3.6421496868133545 1.3123672008514404 1.7508192210449125
3.6390767097473145 1.3261629343032837 1.7494676670366012
3.6355249881744385 1.3408104181289673 1.7495491738767928
3.6324613094329834 1.3552509546279907 1.7494927591531366
3.629523515701294 1.368791103363037 1.749385961558668
3.626469135284424 1.382453203201294 1.7513622096167678
3.6234586238861084 1.3960578441619873 1.7523144108663948
3.619503974914551 1.4143399000167847 1.7522568843423574
3.6169512271881104 1.425351858139038 1.7543844252773497
3.614396572113037 1.4352823495864868 1.7570829815987525
3.6121811866760254 1.4454959630966187 1.7557295309794945
3.6097218990325928 1.4560322761535645 1.7531183340361955
3.6072580814361572 1.4664430618286133 1.7536238642018318
3.604661464691162 1.4786063432693481 1.7569683603521247
3.600738525390625 1.4959385395050049 1.757493785619584
3.598612070083618 1.5052452087402344 1.7584083127997592
3.5949738025665283 1.5205832719802856 1.7590247164173305
3.5920255184173584 1.5332800149917603 1.7589270934452084
3.5894012451171875 1.5440661907196045 1.7584745317908808
3.586825132369995 1.5544178485870361 1.7581005499312097
['bump_front_center']
3.5851199626922607 1.5611441135406494 1.7567791051762125
3.5847949981689453 1.5628798007965088 1.7561790301054243
3.585371971130371 1.5613946914672852 1.7598091581344377
3.585714340209961 1.558417558670044 1.7590672881470801
3.58661150932312 1.5529446601867676 1.7590672881470801
3.587900400161743 1.5455669164657593 1.7602965901375125
3.5891029834747314 1.537916660308838 1.758789559637245
3.5901992321014404 1.531387209892273 1.7588922490466614
3.5913329124450684 1.5248178243637085 1.7603629920176067
3.592477798461914 1.5181540250778198 1.7607025817838116
3.5940096378326416 1.5088798999786377 1.7608728220097645
3.5952415466308594 1.5022910833358765 1.7605352467824191
3.59623122215271 1.4959752559661865 1.7605352467824191
3.5975160598754883 1.4890743494033813 1.7602573007389888
3.5985870361328125 1.4823349714279175 1.760257300718993
3.5993540287017822 1.477148413658142 1.7613052962499378
3.5999844074249268 1.4735018014907837 1.772841312566783
3.6003074645996094 1.4720723628997803 1.7908011231802505
3.600109577178955 1.4729974269866943 1.7986677894893808
3.600001096725464 1.4729530811309814 1.8284196616176016
3.599928379058838 1.472923755645752 1.8775857507937659
3.599931478500366 1.4728752374649048 1.9270858398127149
3.6000635623931885 1.4730892181396484 1.976107982988636
3.5999693870544434 1.4730896949768066 2.023663024491917
3.5998568534851074 1.4732106924057007 2.07144453973633
3.59991455078125 1.473344087600708 2.1170787824473902
3.6000027656555176 1.4733238220214844 2.179253966179414
3.6000077724456787 1.4734818935394287 2.226936060617405
3.6000983715057373 1.4735294580459595 2.2750310610472484
3.6000566482543945 1.4737101793289185 2.322446610056334
3.6000404357910156 1.4735873937606812 2.370060892003966
3.599931478500366 1.4724446535110474 2.414650409396058
3.599842071533203 1.4735107421875 2.4642095921769807
3.599740505218506 1.4737958908081055 2.51306600279892
3.5997562408447266 1.4737825393676758 2.57578847239154
3.5997228622436523 1.4738274812698364 2.6062097574257566
3.5999562740325928 1.4734125137329102 2.674219375563565
3.599806785583496 1.4739699363708496 2.7168991727182767
3.5997507572174072 1.4741830825805664 2.765150271166005
3.5995285511016846 1.4743233919143677 2.8111877634953224
3.5995748043060303 1.4743270874023438 2.858077973270254
3.5994842052459717 1.4743953943252563 2.904935835594759
3.599273920059204 1.4745206832885742 2.968633884665234
3.599189281463623 1.4745492935180664 3.0170965277814004
3.598858594894409 1.4747700691223145 3.0643484588425274
3.5986173152923584 1.474889874458313 3.1127710324081392
3.597529172897339 1.4750840663909912 -3.1255352508111978
3.5948309898376465 1.475046992301941 -3.0847802155194803
3.5902047157287598 1.4747029542922974 -3.0502407538854217
3.5841078758239746 1.4741140604019165 -3.020296573857251
3.5736985206604004 1.472833275794983 -2.987046465569971
3.5643112659454346 1.471394419670105 -2.967510460635247
3.553431987762451 1.4695956707000732 -2.954228887614081
3.541135787963867 1.4671460390090942 -2.946445942079976
3.5272955894470215 1.4640449285507202 -2.939702989090111
3.512399673461914 1.4606428146362305 -2.9349801511589764
3.497572422027588 1.4574408531188965 -2.9326078970536305
3.4782445430755615 1.4529485702514648 -2.9326078970536305
3.4639692306518555 1.4503087997436523 -2.9326078970536305
3.449941873550415 1.4472333192825317 -2.9341535482437724
3.435589075088501 1.444176197052002 -2.9330263240033654
3.4213314056396484 1.441140055656433 -2.9319951553213692
3.4069488048553467 1.4377011060714722 -2.931135420412279
3.3922767639160156 1.4345110654830933 -2.9286913950141087
3.3780815601348877 1.4312047958374023 -2.9273886629071333
3.3637208938598633 1.4279600381851196 -2.926743495959633
3.3444771766662598 1.423541784286499 -2.9271092435199897
3.3303394317626953 1.4202996492385864 -2.9273879642394323
3.315639019012451 1.4168740510940552 -2.9273140535625344
3.300750732421875 1.4132128953933716 -2.925931433937491
3.2868266105651855 1.4099622964859009 -2.9245743744039596
3.2726199626922607 1.4068002700805664 -2.9229652776332675
3.258728265762329 1.4035391807556152 -2.9219711049611585
3.2439846992492676 1.400024652481079 -2.9212765596355394
3.224902868270874 1.3954498767852783 -2.9208059248544997
3.211092948913574 1.392195463180542 -2.9227223575082917
3.1970114707946777 1.3888962268829346 -2.9235038729251155
3.1827473640441895 1.385502815246582 -2.9223577992968983
3.1689181327819824 1.382178783416748 -2.9214184597375104
3.154737710952759 1.378670334815979 -2.92078662549845
3.1403701305389404 1.3750977516174316 -2.91886877563497
3.1261372566223145 1.3715177774429321 -2.91886877563497
3.1074912548065186 1.3669171333312988 -2.9192993649573906
3.0936758518218994 1.3636863231658936 -2.920741564544616
3.0795650482177734 1.3599975109100342 -2.921958696497364
3.065063238143921 1.356390118598938 -2.9212703647369436
3.0511372089385986 1.3526461124420166 -2.920735836666306
3.0369534492492676 1.3491075038909912 -2.920824507238097
3.023287057876587 1.3458884954452515 -2.9210233568429547
3.0091793537139893 1.3423722982406616 -2.9213504621567505
2.9907643795013428 1.3377493619918823 -2.923092389377793
2.976670980453491 1.3342782258987427 -2.9237215464385553
2.962473154067993 1.3307594060897827 -2.9244406353694012
2.9484975337982178 1.3272944688796997 -2.924168099690294
2.9347620010375977 1.3239786624908447 -2.9238791392941015
2.9206957817077637 1.3205410242080688 -2.9238378852110336
2.90669322013855 1.3171964883804321 -2.9238464791109364
2.8924739360809326 1.313821792602539 -2.9231672446329924
2.8736624717712402 1.3091425895690918 -2.924939635044276
2.8596653938293457 1.305940866470337 -2.924939635044276
2.8459577560424805 1.3027092218399048 -2.9256968540793
2.832157850265503 1.299439549446106 -2.9267115261369137
2.8179948329925537 1.2962416410446167 -2.926830292555873
2.8039772510528564 1.2929964065551758 -2.928019064013462
2.7898871898651123 1.2895073890686035 -2.928019064013462
2.775864839553833 1.286689281463623 -2.9280917631689527
2.757319688796997 1.2823431491851807 -2.9289793956168166
2.743218183517456 1.279452919960022 -2.9288866484637266
2.7290873527526855 1.2762374877929688 -2.9300487049365707
2.7149288654327393 1.2730995416641235 -2.9296601024271336
2.700629472732544 1.270025610923767 -2.9291400884893046
2.6865956783294678 1.2669941186904907 -2.9293136786714506
2.6725454330444336 1.2639414072036743 -2.9281477797391684
2.6586735248565674 1.2608344554901123 -2.928069585352284
2.6395103931427 1.2566665410995483 -2.9276983581340486
2.6254286766052246 1.253433108329773 -2.9276983581340486
2.611403703689575 1.2503809928894043 -2.927676921485707
2.5971591472625732 1.2471792697906494 -2.927676921485707
2.5831854343414307 1.2441771030426025 -2.9263496483280873
2.5688958168029785 1.2412083148956299 -2.924102537862604
2.5545895099639893 1.237945318222046 -2.921774372833788
2.540322780609131 1.234663724899292 -2.920221803733574
2.5212795734405518 1.2302337884902954 -2.917510281460613
2.507236957550049 1.2269665002822876 -2.915855883310529
2.4931085109710693 1.2239320278167725 -2.9139173183190956
2.478968620300293 1.2206239700317383 -2.911861913842796
2.464414596557617 1.2172619104385376 -2.9083433159961594
2.450047016143799 1.2138210535049438 -2.906037313332834
2.435662031173706 1.2104310989379883 -2.9030940575608453
2.421609878540039 1.2069469690322876 -2.901318069321674
2.4029581546783447 1.2024509906768799 -2.90089774484676
2.3887887001037598 1.199070930480957 -2.899793164399948
2.3746144771575928 1.195750117301941 -2.899668692521279
2.360537052154541 1.1920922994613647 -2.898496409274881
2.3466529846191406 1.1887315511703491 -2.8971566957569923
2.3332183361053467 1.185246467590332 -2.8950746006131984
2.31899356842041 1.1816794872283936 -2.892154449072182
2.3003294467926025 1.1766217947006226 -2.8918502239141257
2.2865021228790283 1.17306649684906 -2.8910384116580485
2.27280330657959 1.1693896055221558 -2.8893823404871735
2.259409189224243 1.1657110452651978 -2.888470660649866
2.245807647705078 1.1619950532913208 -2.887328873130124
2.2319693565368652 1.1583757400512695 -2.8863184378204054
2.2183873653411865 1.1545380353927612 -2.8858432727582835
2.204314708709717 1.1505727767944336 -2.8854291366158953
2.190476179122925 1.1468464136123657 -2.8850238100351335
2.172696113586426 1.1421196460723877 -2.885812536165477
2.159050703048706 1.138543725013733 -2.8862156796840885
2.1451218128204346 1.1346206665039062 -2.8872446890908203
2.131442070007324 1.1309335231781006 -2.887718927829678
2.117894411087036 1.1273834705352783 -2.887282603112272
2.104015588760376 1.1235294342041016 -2.8863480178363594
2.090498685836792 1.1198643445968628 -2.8857677046383046
2.076467990875244 1.1161694526672363 -2.8847120062286282
2.0582265853881836 1.1114364862442017 -2.885112781660595
2.044058084487915 1.1075096130371094 -2.885176421325548
2.030118942260742 1.103733777999878 -2.8851442364980495
2.016526222229004 1.0998393297195435 -2.884605396024401
2.002593517303467 1.0962010622024536 -2.8842701788412577
1.9891188144683838 1.092676043510437 -2.884420389559216
1.9749516248703003 1.088902235031128 -2.884420389559216
1.9605616331100464 1.0851024389266968 -2.8846569160787063
1.9423973560333252 1.0801671743392944 -2.8852627295467754
1.9285273551940918 1.0764514207839966 -2.8852627295467754
1.914493203163147 1.0727607011795044 -2.8852627295467754
1.9007914066314697 1.0691272020339966 -2.884227268976752
1.8870712518692017 1.065503716468811 -2.88338565974687
1.8728338479995728 1.0615477561950684 -2.8830475950002166
1.8584861755371094 1.0577614307403564 -2.8811771697451625
1.8443841934204102 1.0539212226867676 -2.880509612735888
1.826432704925537 1.0490447282791138 -2.879338257354935
1.8119252920150757 1.044988989830017 -2.879300352623023
1.7980490922927856 1.0412074327468872 -2.8791580082966575
1.7841016054153442 1.037339448928833 -2.8786196650355467
1.770240068435669 1.0334519147872925 -2.877801903001205
1.7562334537506104 1.0297009944915771 -2.876754053703571
1.7417887449264526 1.0257573127746582 -2.876754053703571
1.7279417514801025 1.021767258644104 -2.876716874833513
1.7094091176986694 1.016585111618042 -2.8768665687222845
1.6951837539672852 1.0125123262405396 -2.876649161193522
1.6814079284667969 1.0086655616760254 -2.8762402461230905
1.6676018238067627 1.0048190355300903 -2.8754863713798127
1.653817057609558 1.0010685920715332 -2.8742313432841136
1.6395615339279175 0.9972110390663147 -2.8735876185768885
1.625232458114624 0.9930613040924072 -2.8728845102360197
1.6112312078475952 0.9890714287757874 -2.8715710232038925
1.5926268100738525 0.9836747646331787 -2.871128302099181
1.578514575958252 0.9795857071876526 -2.870601671388653
1.5648677349090576 0.9759169220924377 -2.870164161529042
1.551008701324463 0.9718549251556396 -2.8703504004333324
1.5369094610214233 0.9679725766181946 -2.87022373153699
1.5225856304168701 0.9639010429382324 -2.87022373153699
1.5083049535751343 0.9597323536872864 -2.8696482224305777
1.494486689567566 0.9558860659599304 -2.8693816410960684
1.4805752038955688 0.9517104029655457 -2.869885929520476
1.4618504047393799 0.946540117263794 -2.8698310715586497
1.4480838775634766 0.9426349997520447 -2.8698310715586497
1.4338306188583374 0.9386917352676392 -2.868929159322173
1.4199663400650024 0.9346963167190552 -2.867851028009567
1.4058094024658203 0.9306204319000244 -2.8665079891463665
1.3915128707885742 0.9264295697212219 -2.8660518778860262
1.3776271343231201 0.9225329160690308 -2.8652184203646685
1.3588731288909912 0.9171772599220276 -2.8662512251896524
1.3444976806640625 0.9130599498748779 -2.866841078311973
1.330951452255249 0.9090932607650757 -2.8675949387975073
1.3173394203186035 0.9054964184761047 -2.8677117781528354
1.3031413555145264 0.901462197303772 -2.8687004885326624
1.2891204357147217 0.8976085186004639 -2.8694672796071643
1.2749589681625366 0.8934065699577332 -2.8699116985505864
1.2607054710388184 0.8893910050392151 -2.869840161253553
1.2419873476028442 0.8841812014579773 -2.8699717510770872
1.2280138731002808 0.8802447319030762 -2.8697795778413426
1.21392023563385 0.8762032389640808 -2.870005369888932
1.2000138759613037 0.8723414540290833 -2.870005369888932
1.1858290433883667 0.8682255744934082 -2.870005369888932
1.171620488166809 0.8641863465309143 -2.870005369888932
1.1573824882507324 0.8600778579711914 -2.8688192311788736
1.1436209678649902 0.8561915159225464 -2.868590605880137
1.1252323389053345 0.8508028984069824 -2.8707862118436402
1.1109713315963745 0.8468138575553894 -2.8711993465726247
1.0972474813461304 0.8428075313568115 -2.872412452822365
1.0829992294311523 0.8387073278427124 -2.872332553360502
1.0693819522857666 0.8349278569221497 -2.8724334148500987
1.0551363229751587 0.8308631777763367 -2.8720273872927105
1.040893793106079 0.8267126083374023 -2.8713560392145894
1.0270435810089111 0.8229488134384155 -2.8699309982840995
1.0080657005310059 0.8175264596939087 -2.8698222596478744
0.9936820864677429 0.8136809468269348 -2.8689851924182066
0.9800025820732117 0.8096513152122498 -2.8694262264059023
0.96593177318573 0.8057783842086792 -2.8688256816195072
0.9520105123519897 0.8018500208854675 -2.868298553347335
0.9375742673873901 0.7977063655853271 -2.8679676053985106
0.9228806495666504 0.7935518026351929 -2.8670563737985946
0.9088703393936157 0.7895499467849731 -2.8670563737985946
0.8945793509483337 0.7856003642082214 -2.8667979353901214
0.8757017254829407 0.7802870273590088 -2.8679948018358665
0.8618335127830505 0.7763914465904236 -2.8687927519509944
0.8477854132652283 0.7723796367645264 -2.8691582998344387
0.8334517478942871 0.7683243155479431 -2.8684990174329745
0.8191039562225342 0.7643319368362427 -2.8679036829754883
0.8045447468757629 0.7601041197776794 -2.8674137605563166
0.7906345725059509 0.7563042640686035 -2.8667433478058597
0.7717653512954712 0.7508987188339233 -2.86708882927663
0.7573869824409485 0.7467740774154663 -2.8667616787590107
0.7430657744407654 0.7427592873573303 -2.866516620472148
0.7291478514671326 0.7388495802879333 -2.866337747434035
0.7151975035667419 0.7348134517669678 -2.865815876279875
0.7007518410682678 0.7308341264724731 -2.8654894775923347
0.6861652731895447 0.7266367077827454 -2.8652885109810255
0.6723812818527222 0.7227683663368225 -2.8651108793552025
0.6533343195915222 0.7172088623046875 -2.865522844403961
0.6389910578727722 0.7131824493408203 -2.8659505799154807
0.625217080116272 0.7092450857162476 -2.8665905033917216
0.6112189888954163 0.7053185105323792 -2.866144677206094
0.5974388122558594 0.701177179813385 -2.8654983424545644
0.5831464529037476 0.6970221996307373 -2.8649613699965086
0.5684834122657776 0.6928967237472534 -2.8637847843296282
0.5545612573623657 0.6889240145683289 -2.863578586500818
0.5358235836029053 0.6835489869117737 -2.8635056175729243
0.5212748050689697 0.6795121431350708 -2.8636021562789082
0.5077136158943176 0.675593912601471 -2.8643519756594946
0.49364936351776123 0.6715583205223083 -2.86421465416605
0.4791419804096222 0.6673585176467896 -2.8634701010114436
0.46529078483581543 0.6632822751998901 -2.863223809278764
0.4513709247112274 0.6594301462173462 -2.8628850146924467
0.4373534321784973 0.6554148197174072 -2.8628850146924467
0.4183844029903412 0.6498731970787048 -2.8630673914719296
0.40442484617233276 0.6458131670951843 -2.8632058902161033
0.3902677893638611 0.6417900323867798 -2.863505132601178
0.37629032135009766 0.6377353072166443 -2.8630916721255333
0.36210936307907104 0.6336784362792969 -2.8620276387647685
0.34834375977516174 0.6296761631965637 -2.8613434044368624
0.33418744802474976 0.6257079243659973 -2.860655075280572
0.3199683427810669 0.6215487718582153 -2.8603572769606083
0.3008054494857788 0.6161096096038818 -2.8608741974611243
0.28667646646499634 0.6120120286941528 -2.861232993576866
0.272580087184906 0.6080395579338074 -2.8619437105655123
0.25856900215148926 0.6040177941322327 -2.86248492215009
0.24396032094955444 0.5998401641845703 -2.86248492215009
0.22994619607925415 0.5958846211433411 -2.8635918877404616
0.21569037437438965 0.5918573141098022 -2.8635918877404616
0.20159511268138885 0.5879706740379333 -2.8650960847327522
0.1830417662858963 0.5827966928482056 -2.866660592256637
0.16916826367378235 0.5788848996162415 -2.867348923925714
0.15521995723247528 0.574878990650177 -2.8680429612711773
0.14085139334201813 0.5707893967628479 -2.8679545122409587
0.12635403871536255 0.5667334794998169 -2.8679545122409587
0.11239171773195267 0.5626721382141113 -2.8663589970511576
0.09841494262218475 0.5587837100028992 -2.865230327008586
0.08443321287631989 0.5549106597900391 -2.8648278554480746
0.06547827273607254 0.5496202707290649 -2.8645151021554303
0.051183562725782394 0.5454955101013184 -2.864679339985502
0.03729008138179779 0.5416111946105957 -2.8647661426363427
0.02337416633963585 0.5376362204551697 -2.864142643382484
0.009329406544566154 0.5337411761283875 -2.864508628316208
-0.004870373755693436 0.5296821594238281 -2.864305001018361
['cliff_front_right']
-0.018285606056451797 0.5258930921554565 -2.8633325103153906
['cliff_front_left', 'cliff_front_right']
-0.02484806813299656 0.5239841341972351 -2.864004106338498
-0.026481149718165398 0.5235947370529175 -2.8645903951963128
-0.024129558354616165 0.5241933465003967 -2.87001658247684
['cliff_front_right']
-0.0182841457426548 0.5259058475494385 -2.870580896983078
-0.011620631441473961 0.5276447534561157 -2.869865878276922
-0.0036880571860820055 0.5297966003417969 -2.8690135570533184
0.0041478415951132774 0.531980037689209 -2.868718837901476
0.011492334306240082 0.53392493724823 -2.869288215953189
0.018931305035948753 0.535870373249054 -2.8687699262856814
0.028958478942513466 0.5386922955513 -2.8687699262856814
0.0362883061170578 0.5407015681266785 -2.867341513748243
0.04350234940648079 0.5429704785346985 -2.8668413123019487
0.050063297152519226 0.544930636882782 -2.867870821584144
0.054808855056762695 0.5462155938148499 -2.865423413858994
0.057997915893793106 0.5471030473709106 -2.8511412442787147
0.060385216027498245 0.5477222800254822 -2.827995767841307
0.062301285564899445 0.5483942627906799 -2.8016009521988536
0.06232976168394089 0.548500657081604 -2.7838122723951337
0.061836328357458115 0.5485344529151917 -2.784140118294379
0.06215568631887436 0.5486119985580444 -2.752893460229908
0.06259183585643768 0.5485475063323975 -2.7035426913857403
0.0625467300415039 0.5488741397857666 -2.6534159709595357
0.06265588849782944 0.5489974617958069 -2.6043577831333757
0.06232713162899017 0.5491570830345154 -2.5560448763526384
0.06222964823246002 0.5493022799491882 -2.51004341859194
0.06231336295604706 0.549527645111084 -2.4645399837037276
0.06239570304751396 0.5497007369995117 -2.40105202110671
0.062068141996860504 0.5499037504196167 -2.3537938536532503
0.06200247257947922 0.5499297380447388 -2.306698340366164
0.062033288180828094 0.5501126646995544 -2.258092109754225
0.06185819208621979 0.5501434206962585 -2.2113881044191235
0.06181209534406662 0.550306499004364 -2.1645703483286574
0.06151948496699333 0.5504777431488037 -2.1170882781212748
0.06123529374599457 0.5505218505859375 -2.0703410263927515
0.06117992475628853 0.5507203936576843 -2.007916844292124
0.06090650334954262 0.5507317185401917 -1.961045787664479
0.06066618859767914 0.550837516784668 -1.914864672038234
0.06069151312112808 0.551063597202301 -1.8677303015563511
0.060495372861623764 0.5511255264282227 -1.8201902032124702
0.06058369576931 0.5513573288917542 -1.774361245526137
0.060347892343997955 0.5512816309928894 -1.7258610175977118
0.06012178584933281 0.5514206290245056 -1.6615986651101051
0.06010417267680168 0.5515755414962769 -1.615044994935994
0.059898149222135544 0.551537811756134 -1.5667040869406936
0.05966377258300781 0.5514939427375793 -1.5194203281226921
0.05974934622645378 0.5510397553443909 -1.4709431185942246
0.05993187054991722 0.5477039813995361 -1.4297256621255798
0.060533881187438965 0.5435202121734619 -1.396056007050443
0.061607763171195984 0.5376731157302856 -1.3658678106406115
0.06385074555873871 0.5270297527313232 -1.3343403357292691
0.06588079035282135 0.5179192423820496 -1.3174443440157324
0.06848334521055222 0.5074432492256165 -1.3058655202989384
0.07163055986166 0.4959423542022705 -1.2991039575933256
0.07563406974077225 0.48173195123672485 -1.2964408806222685
0.07967603206634521 0.4668620228767395 -1.2972938682346329
0.08359166979789734 0.45318013429641724 -1.2984774369624936
0.08720275014638901 0.4394524097442627 -1.2984086669753019
0.09092386066913605 0.42592743039131165 -1.298587500426869
0.09579959511756897 0.40917012095451355 -1.2966172356580918
0.09857255965471268 0.39877885580062866 -1.2937203370608086
0.10196401923894882 0.3869238793849945 -1.2972591546598342
['bump_right']
0.10590586066246033 0.3726293444633484 -1.3008375301753465
0.10770344734191895 0.3696909248828888 -1.3186857219716122
0.10635335743427277 0.3712303042411804 -1.3189890303499816
0.10559548437595367 0.3741334080696106 -1.31367900147285
0.10350426286458969 0.37790796160697937 -1.3082584510654323
0.10138939321041107 0.3863288462162018 -1.3109934044777194
0.09929082542657852 0.3930736482143402 -1.311118020046029
0.09717091172933578 0.39977338910102844 -1.3115207373460336
0.09536272287368774 0.4068179130554199 -1.3123026146784755
0.09355287253856659 0.4126907289028168 -1.3123650537513725
0.0923016369342804 0.41768282651901245 -1.311708693627582
0.09141524881124496 0.42121365666389465 -1.2988557723159515
0.09069046378135681 0.4236127734184265 -1.276150679950997
0.0899367555975914 0.4260554611682892 -1.2359144452366917
0.08990933746099472 0.4262232780456543 -1.1903725864012002
0.08985038846731186 0.42555418610572815 -1.140680227646196
0.09000437706708908 0.4256923794746399 -1.0894019746277939
0.089620441198349 0.4254370629787445 -1.0409504287705147
0.08946097642183304 0.4254719316959381 -0.9947820969827846
0.08941525220870972 0.4253869652748108 -0.9467309746430838
0.08920469135046005 0.4252229928970337 -0.8836580395523763
0.0890989899635315 0.4252607226371765 -0.8372972360288657
0.08884280920028687 0.42525243759155273 -0.7905224098086373
0.08871306478977203 0.4251982569694519 -0.7452707133252449
0.08845306932926178 0.4253375828266144 -0.6969902217687708
0.08829443901777267 0.42527055740356445 -0.6514453545888985
0.08804932236671448 0.42524033784866333 -0.6044164114458271
0.0878947526216507 0.4248722195625305 -0.5568629284399487
0.08767244964838028 0.4250154495239258 -0.49219230465422464
0.08750014007091522 0.4249177575111389 -0.443608356274928
0.08740898221731186 0.4247053861618042 -0.39609987479908504
0.08737490326166153 0.42470335960388184 -0.3490592878312133
0.08717171847820282 0.42469292879104614 -0.298263993153686
0.0871695876121521 0.42456498742103577 -0.25180196951202627
0.08685004711151123 0.42451751232147217 -0.20536822883319839
0.08671397715806961 0.4244438707828522 -0.1590283835489692
0.08654910326004028 0.42434489727020264 -0.11262090476148462
0.08622685819864273 0.42429646849632263 -0.05070385778025247
0.0863175019621849 0.424250066280365 -0.0030357339776643007
0.08699225634336472 0.424068421125412 0.043785784085482435
0.08971899747848511 0.4241223633289337 0.08228627554325518
0.09423139691352844 0.4244990944862366 0.11246847484583238
0.10015489906072617 0.4252491593360901 0.13960816584815774
0.10730183869600296 0.4263319969177246 0.1622009938240041
0.12007579207420349 0.4283941090106964 0.1861543658659335
0.1305459588766098 0.4304608404636383 0.19827457026864886
0.14273297786712646 0.4331173300743103 0.20733939974926932
0.15616418421268463 0.43593254685401917 0.21146556352635254
0.17085237801074982 0.4390389621257782 0.2096294076424664
0.1845705211162567 0.44227105379104614 0.2082810449579236
0.1986495703458786 0.4453393518924713 0.2096010128877081
0.21253636479377747 0.4482243061065674 0.2096010128877081
0.23161445558071136 0.4523484706878662 0.2096010128877081
0.24505698680877686 0.4552536904811859 0.20977516002028052
0.2586402893066406 0.4583255350589752 0.20977524893813357
0.2727915942668915 0.46144556999206543 0.2101547173485725
0.2870030403137207 0.46456241607666016 0.21086516838587424
0.3009853661060333 0.4676937758922577 0.21038528620426422
0.31487488746643066 0.4707065224647522 0.2099323847144656
0.328372985124588 0.473431259393692 0.21023929420011842
0.34728530049324036 0.47760146856307983 0.20963776522405256
0.360827773809433 0.4806782603263855 0.20989796295568167
0.37477853894233704 0.4837082326412201 0.21141564374864874
0.38931378722190857 0.48674899339675903 0.21338704449286247
0.4040064811706543 0.49027031660079956 0.21338704449534596
0.4175459146499634 0.4931117296218872 0.21352598861854763
0.4310198128223419 0.49614417552948 0.21357059734225745
0.44534263014793396 0.49902939796447754 0.21357059734225745
0.46403637528419495 0.5032610297203064 0.2123844740309644
0.47757378220558167 0.5060573220252991 0.2127352199875653
0.4917479455471039 0.5092192888259888 0.21300543895884055
0.5056670904159546 0.5123581886291504 0.21300549822623452
0.5199503302574158 0.5153397917747498 0.21354493752319945
0.5337982177734375 0.5184815526008606 0.21151723240840578
0.5474429130554199 0.5214012265205383 0.2116712678037054
0.5615151524543762 0.5242260098457336 0.21099703606090903
0.5801370739936829 0.5283913612365723 0.20975938093678004
0.5940173864364624 0.5312779545783997 0.21016770054307585
0.6079428195953369 0.5342565178871155 0.21063810305454347
0.6220764517784119 0.5372932553291321 0.21177299583123899
0.6364015340805054 0.5404964089393616 0.21259936377997649
0.6502970457077026 0.5436555743217468 0.21298735989474515
0.6641053557395935 0.546549379825592 0.21268054742055553
0.6778401732444763 0.5495359301567078 0.2119063509046454
0.6962064504623413 0.5533942580223083 0.21102468405741223
0.7104473114013672 0.55647873878479 0.21102039810895035
0.7243672609329224 0.5593567490577698 0.21149959711923438
0.7380802631378174 0.5624234080314636 0.21106522047795437
0.7520473003387451 0.5654581189155579 0.21133490095967594
0.766144335269928 0.5684118270874023 0.2122846002671041
0.7800817489624023 0.5713384747505188 0.21165427688353913
0.794197142124176 0.5744322538375854 0.21104995729754886
0.8129721283912659 0.5783695578575134 0.21082513617587517
0.8268027305603027 0.581400454044342 0.21105903640189655
0.8405956029891968 0.58415287733078 0.21186421607340591
0.8545220494270325 0.5873708128929138 0.2121827791342004
0.8685117363929749 0.5902417898178101 0.21404689554890086
0.8828363418579102 0.5934145450592041 0.2138167461571236
0.8966969847679138 0.5965015888214111 0.2133534591351696
0.9105384349822998 0.5994097590446472 0.213478606434272
0.9290558099746704 0.6032733917236328 0.21341499018083426
0.9427186250686646 0.6061080098152161 0.2133027198208649
0.9567668437957764 0.6090502142906189 0.21366210101082206
0.9708178639411926 0.6121639609336853 0.2138297323452889
0.9850402474403381 0.6151183843612671 0.21469579148738574
0.9992418885231018 0.6182546019554138 0.2146427855547122
1.0129650831222534 0.6211152672767639 0.214593398492199
1.0267375707626343 0.6240447759628296 0.2145934725648577
1.0457078218460083 0.6281747817993164 0.21505630307252163
1.0596973896026611 0.6311443448066711 0.21505630307252163
1.0738697052001953 0.6341277360916138 0.2161398847067042
1.0878732204437256 0.6370857357978821 0.2161398402415829
1.1021627187728882 0.6400803327560425 0.21704456711965317
1.1160682439804077 0.6431739926338196 0.21712894318687603
1.1301603317260742 0.6462463140487671 0.2165542343327869
1.1444419622421265 0.649394690990448 0.21612545281528445
1.1628797054290771 0.6533297896385193 0.21461783962269876
1.176836371421814 0.6564127206802368 0.21467933993007451
1.1908003091812134 0.6593744158744812 0.21495065257703172
1.2048048973083496 0.6624351739883423 0.21477471149469118
1.2190768718719482 0.6655657291412354 0.2159855618124643
1.233392357826233 0.6687778234481812 0.21660497506824264
1.2474780082702637 0.6719231009483337 0.21675754647195009
1.2612278461456299 0.6749910712242126 0.21698360279713927
1.2797467708587646 0.6789271831512451 0.21698369167755663
1.2938957214355469 0.6819255948066711 0.21707213946636467
1.308150291442871 0.6850383877754211 0.21775803851099196
1.322075605392456 0.6881421208381653 0.21831233275242945
1.3358291387557983 0.6911757588386536 0.21882599238909764
1.349936842918396 0.6941892504692078 0.21882611088396273
1.3637311458587646 0.6973254680633545 0.2186694955019897
1.3778321743011475 0.7004736661911011 0.21730227097781618
1.396653175354004 0.7046045064926147 0.21644712267721047
1.4104803800582886 0.7077860236167908 0.21681759167453812
1.424679160118103 0.7108027935028076 0.21681759167453812
1.4389747381210327 0.7140037417411804 0.21739715768222917
1.4527781009674072 0.7171728610992432 0.2181722558716777
1.4669747352600098 0.7202842831611633 0.21866053199280833
1.4810305833816528 0.7233240008354187 0.2189821849653098
1.4952033758163452 0.7264719605445862 0.21845365973429734
1.5138911008834839 0.7304793000221252 0.21845371898621677
1.5274847745895386 0.7334809303283691 0.21810804565289982
1.541657567024231 0.7365691661834717 0.21885580352899578
1.556215524673462 0.7398430705070496 0.21884896848011645
1.569985270500183 0.7428939342498779 0.21864878936429039
1.5839064121246338 0.7459899187088013 0.21817407879990078
1.5975347757339478 0.7490366101264954 0.2165568728729375
1.611719012260437 0.7521079778671265 0.21655693213252836
1.630237340927124 0.7562440037727356 0.21533994463385867
1.6444624662399292 0.7592552900314331 0.2156511252197259
1.6588126420974731 0.7623647451400757 0.2156511252197259
1.6732076406478882 0.7655589580535889 0.21605790535379055
1.6868153810501099 0.7684869170188904 0.21663079428930632
1.7009906768798828 0.7716464996337891 0.21678010921554625
1.7149616479873657 0.7746158838272095 0.21688641250396334
1.7293246984481812 0.7776721715927124 0.2165142285697477
1.7478833198547363 0.7817260026931763 0.21637016924625102
1.761417031288147 0.7848182320594788 0.21668087445895118
1.775496482849121 0.7880203127861023 0.21668091890499896
1.7895241975784302 0.7912197113037109 0.2167912864564929
1.8038277626037598 0.7942038774490356 0.21563136600012076
1.8181347846984863 0.7974014282226562 0.2145364698799706
1.8322513103485107 0.800275981426239 0.21438655472983126
1.8461527824401855 0.8034005761146545 0.21341640432757467
1.864791750907898 0.8073740601539612 0.21290186167905908
1.878966212272644 0.8106081485748291 0.21254181032180694
1.8931339979171753 0.8136768937110901 0.2122333044825459
1.9072901010513306 0.8166896104812622 0.2128333687408123
1.9214873313903809 0.8197841644287109 0.21366117714844443
1.9356520175933838 0.8227660059928894 0.21366117714844443
1.9496076107025146 0.8256650567054749 0.21279555747878254
1.9637880325317383 0.8287675380706787 0.21212345899139745
1.9826743602752686 0.8328010439872742 0.212140411308829
1.9969209432601929 0.8359010219573975 0.2115145553355232
2.011202812194824 0.8389712572097778 0.210979608968363
2.0254247188568115 0.8419684171676636 0.210979608968363
2.0394468307495117 0.8449374437332153 0.210979608968363
2.053805112838745 0.8479631543159485 0.20988292737229106
2.0683772563934326 0.8511518239974976 0.20934314127176318
2.082719087600708 0.854188859462738 0.2092997916522511
2.10154390335083 0.8582258224487305 0.207785525325536
2.1158275604248047 0.8612172603607178 0.20730728166828932
2.1300084590911865 0.8641444444656372 0.20725387408992066
2.1442558765411377 0.8672153949737549 0.20681901725427612
2.158792018890381 0.8701845407485962 0.20681901725427612
2.173121690750122 0.8730828762054443 0.2048160290421935
2.1870408058166504 0.8760165572166443 0.20414517072781133
2.201014280319214 0.8788699507713318 0.20220683202735878
2.2196455001831055 0.8826934099197388 0.2002940099290743
2.2340285778045654 0.8855589628219604 0.1988606639399259
2.248525619506836 0.8885871767997742 0.1969192046118586
2.2628679275512695 0.8913523554801941 0.19680529645081662
2.2773289680480957 0.8940901756286621 0.19680535576708388
2.291792631149292 0.8968720436096191 0.19598736468921876
2.305959939956665 0.899592936038971 0.19504055350848248
2.320269823074341 0.9023357033729553 0.19329935445177485
2.334904193878174 0.9052652716636658 0.19236479287653832
2.354041337966919 0.9088816046714783 0.19215027522065994
2.3683950901031494 0.9116455316543579 0.19207680923906809
2.3826286792755127 0.9144006967544556 0.19201631363747515
2.3970346450805664 0.9171043038368225 0.1914295886443732
2.411365270614624 0.919949471950531 0.1908175557277922
2.4261703491210938 0.9227448105812073 0.18937540735879255
2.4406003952026367 0.9255070686340332 0.1880340745886615
2.4548723697662354 0.9281127452850342 0.18588929099515644
2.4740025997161865 0.9317267537117004 0.1851513812611023
2.488490581512451 0.9342829585075378 0.18494897098514967
2.5030148029327393 0.9371570944786072 0.18393927600111118
2.5176970958709717 0.9398735761642456 0.18414456908800866
2.531949520111084 0.942413866519928 0.18295144152280662
2.5465283393859863 0.9451765418052673 0.1824269034601754
2.5611042976379395 0.9478611946105957 0.18227837437419767
2.579838514328003 0.951251745223999 0.18165418355629542
2.594602346420288 0.9541236758232117 0.18165425775426963
2.609083652496338 0.9566379189491272 0.18165430227333165
2.6234560012817383 0.9592520594596863 0.18194874521851492
2.6377100944519043 0.9616298079490662 0.18194874521851492
2.6517927646636963 0.9642739295959473 0.18000256179772536
2.666306734085083 0.9668749570846558 0.17928510886844026
2.680880069732666 0.9695629477500916 0.17683698973030126
2.699774980545044 0.9731658697128296 0.17564163782022105
2.7140069007873535 0.9756869673728943 0.17505387482350124
2.728591203689575 0.9784785509109497 0.17420779557499858
2.7425763607025146 0.9810331463813782 0.17308889210427628
2.756681442260742 0.9835184812545776 0.17262345201614832
2.7710721492767334 0.9860685467720032 0.17169818343000368
2.7857041358947754 0.9885927438735962 0.17174610012825633
2.8000757694244385 0.9910120368003845 0.17040927433798203
2.8138201236724854 0.9933895468711853 0.16918530186584838
2.83288311958313 0.9964329600334167 0.16807403345967384
2.8472416400909424 0.9987795948982239 0.1685968782203834
2.861494779586792 1.0011754035949707 0.16859678913085938
2.8755297660827637 1.0032943487167358 0.1681471659311705
2.889836072921753 1.0057226419448853 0.16777191629948304
2.903940439224243 1.008207082748413 0.1664711374056897
2.9183754920959473 1.0107148885726929 0.16587740052000544
2.9324965476989746 1.0129972696304321 0.16419388777241273
2.951606512069702 1.0163463354110718 0.16329523004396124
2.966498613357544 1.0186607837677002 0.16283766610404168
2.980523109436035 1.0211101770401 0.1621074341139916
2.9944937229156494 1.023388385772705 0.16251372734098155
3.0083670616149902 1.0256118774414062 0.1620088205568764
3.0229196548461914 1.0278968811035156 0.16146753891823673
3.037022352218628 1.0302029848098755 0.16133354182915927
3.0514414310455322 1.0326526165008545 0.16116020567210376
3.0701630115509033 1.035585880279541 0.16198272404417566
3.0840647220611572 1.0378931760787964 0.1622474108702467
3.098196268081665 1.0401790142059326 0.1629998810085315
3.1122066974639893 1.042288899421692 0.1633646731976036
3.1267447471618652 1.044651985168457 0.163058569421177
3.141279935836792 1.047122597694397 0.16368918480985398
3.1550424098968506 1.0495753288269043 0.16287824306135879
3.173980951309204 1.0526721477508545 0.16287818365418044
3.188204050064087 1.0549473762512207 0.16287813909801035
3.2019827365875244 1.0572999715805054 0.16287812424620554
3.2161333560943604 1.0596102476119995 0.16402854261283448
3.2305378913879395 1.0620142221450806 0.1644051950174446
3.24466872215271 1.0643091201782227 0.1639557793584301
3.2587392330169678 1.0667208433151245 0.1636701817319392
3.272416353225708 1.0690678358078003 0.16353881798117895
3.2909598350524902 1.072160243988037 0.16284502222328393
3.305192470550537 1.074702501296997 0.16284506677834618
3.319373607635498 1.0769561529159546 0.16410539147676767
3.3335306644439697 1.0793945789337158 0.16405444486540294
3.347508668899536 1.0816917419433594 0.1642222626842145
3.3613009452819824 1.083877444267273 0.16447622506147438
3.3756418228149414 1.0862524509429932 0.16403633714513985
3.389375925064087 1.0885199308395386 0.1647528070932431
3.4080960750579834 1.0916922092437744 0.16475289619771522
3.422316551208496 1.0940715074539185 0.16555231243361193
3.43613600730896 1.0964174270629883 0.16636269383258506
3.449902057647705 1.0988473892211914 0.16830649283177782
3.4638636112213135 1.1011402606964111 0.17005219153498047
3.4780588150024414 1.1037260293960571 0.17041217786447607
3.4921655654907227 1.1061546802520752 0.1706810728314726
3.50612735748291 1.1085999011993408 0.17085108139749836
3.524401903152466 1.1118464469909668 0.17056349110313582
3.5379602909088135 1.1144925355911255 0.17019727181782718
3.5517847537994385 1.1168869733810425 0.17019722727549583
3.56577467918396 1.119230031967163 0.1708211762479873
3.5803091526031494 1.1216747760772705 0.1721856888905335
3.5940654277801514 1.1242066621780396 0.17218571858187764
3.608100175857544 1.1266305446624756 0.17327223527039
3.6219139099121094 1.1290264129638672 0.17398008402479048
3.6357696056365967 1.1315687894821167 0.17516716126748097
3.6542351245880127 1.13478422164917 0.17641770968870488
3.668152332305908 1.1374419927597046 0.17824113092698396
3.6820197105407715 1.1398080587387085 0.18139802790775983
3.694634437561035 1.142343521118164 0.1816958046309724
3.7051103115081787 1.144249677658081 0.18240349347197007
3.714174509048462 1.1460040807724 0.1824158614468885
3.727351188659668 1.1486878395080566 0.182939358747161
['bump_front_center']
3.7333946228027344 1.1498912572860718 0.18344293364372674
3.7317728996276855 1.14984130859375 0.18246349944804993
3.73083758354187 1.1495535373687744 0.18328800660656017
3.7281696796417236 1.1489924192428589 0.18259299044646352
3.723297595977783 1.1479971408843994 0.18215110405210705
3.7160146236419678 1.1467058658599854 0.18253470819795892
3.7086050510406494 1.1453989744186401 0.18259673273744162
3.7018072605133057 1.144120454788208 0.18340927048844605
3.692868232727051 1.1425174474716187 0.18320277015762465
3.6868135929107666 1.1413137912750244 0.18751931772130148
3.6825690269470215 1.140767216682434 0.2027655814142391
3.6797008514404297 1.140275001525879 0.22964034476916015
3.6778459548950195 1.1397701501846313 0.2627361675782348
3.6767232418060303 1.139546513557434 0.3031035533529636
3.677006483078003 1.1394236087799072 0.35056130384871437
3.677018404006958 1.1394115686416626 0.39761349571377624
3.6770999431610107 1.1393448114395142 0.44389537899563425
3.676788091659546 1.1389843225479126 0.5075260324429612
3.6767799854278564 1.1387795209884644 0.5535587869132831
3.67684268951416 1.1387830972671509 0.6011824279899405
3.6766018867492676 1.1384538412094116 0.6485612783597225
3.676454782485962 1.138386845588684 0.69507133769195
3.676363706588745 1.1382006406784058 0.7432064604687114
3.6763901710510254 1.1380696296691895 0.7893571852238869
3.6763763427734375 1.1379752159118652 0.8355106596582775
3.676298141479492 1.1378791332244873 0.8994409288755733
3.6763041019439697 1.137870192527771 0.9459740609874076
3.6762595176696777 1.1377755403518677 0.9935048229166838
3.6763899326324463 1.137641191482544 1.040054330517643
3.6762404441833496 1.1375107765197754 1.0864632343997356
3.676222324371338 1.1373200416564941 1.1344941196488594
3.6763410568237305 1.1371675729751587 1.1805181243005147
3.6763906478881836 1.1369967460632324 1.2434815471079572
3.676450490951538 1.1369986534118652 1.2928598801276099
3.6763932704925537 1.1368558406829834 1.3382060665764683
3.6762914657592773 1.1366990804672241 1.3852224231409458
3.6764862537384033 1.13677978515625 1.4316513105581694
3.676391124725342 1.1365504264831543 1.4775642001940434
3.6762590408325195 1.1364485025405884 1.525493904340025
3.676330804824829 1.1373276710510254 1.5705908071786108
3.6762027740478516 1.1394933462142944 1.6114194492705138
3.675837993621826 1.1457425355911255 1.6552051770397374
3.6752126216888428 1.151984453201294 1.6821274832122644
3.6742477416992188 1.159536600112915 1.7051400297776906
3.672926664352417 1.1687800884246826 1.7242514225665269
3.6711251735687256 1.1794147491455078 1.737040485268389
3.6686336994171143 1.1919844150543213 1.7470921109630893
3.6660425662994385 1.2048789262771606 1.7516804927256484
3.6628081798553467 1.219374418258667 1.7508829532496863
3.658439874649048 1.2385849952697754 1.7510693745560602
3.6555676460266113 1.2523823976516724 1.751171062836041
3.6524128913879395 1.2663471698760986 1.751171062836041
3.649186849594116 1.2800055742263794 1.7518487703175163
3.6462817192077637 1.2937841415405273 1.7538672481870374
3.6430904865264893 1.3080627918243408 1.7552468043538565
3.639975070953369 1.3224948644638062 1.7576306754635784
3.6368143558502197 1.3366204500198364 1.7577339277757398
3.632638931274414 1.3550814390182495 1.7579387276635634
3.629528760910034 1.3690261840820312 1.7582048117873683
3.62618350982666 1.383238434791565 1.758478621598043
3.6232564449310303 1.397618293762207 1.7583163643457935
3.620093822479248 1.4113478660583496 1.7589638714036355
3.6168582439422607 1.425559639930725 1.7595510824522538
3.613704204559326 1.4394110441207886 1.7599162150354866
3.6098549365997314 1.456496000289917 1.7607257335856368
3.6073694229125977 1.467408537864685 1.7635727434296595
3.605137825012207 1.4773048162460327 1.7651711731851065
3.6026451587677 1.4873751401901245 1.7637104990872865
3.6001224517822266 1.4975637197494507 1.7633548846446934
3.597493886947632 1.5082060098648071 1.7636560855634387
3.594886541366577 1.5186278820037842 1.7649353059017054
3.5924179553985596 1.5291718244552612 1.7655927828956954
3.588937520980835 1.543347716331482 1.7665375818136158
3.5871896743774414 1.5502655506134033 1.7679935464687275
3.583759307861328 1.5640621185302734 1.7693070235089785
3.5811784267425537 1.5745798349380493 1.7692357581330438
3.578369140625 1.5858243703842163 1.7693714083941299
['bump_front_center']
3.575702428817749 1.5962276458740234 1.7695193582329662
3.5745177268981934 1.6010394096374512 1.767306405675334
3.5743603706359863 1.6017582416534424 1.7669886176526743
3.5746402740478516 1.600932240486145 1.7676531252254237
3.5753870010375977 1.5965030193328857 1.7671717949650236
3.5764100551605225 1.5905004739761353 1.7671717949650236
3.5776243209838867 1.5830892324447632 1.766431104015696
3.578935384750366 1.5757123231887817 1.766431104015696
3.5799765586853027 1.5690723657608032 1.766626264217631
3.5810184478759766 1.5627093315124512 1.767293606276687
3.581941843032837 1.5570414066314697 1.7687077893302285
3.5828094482421875 1.5527801513671875 1.7808555035508786
3.5832202434539795 1.5496025085449219 1.8125888926808416
3.5836009979248047 1.548187494277954 1.8468482857871025
3.5838558673858643 1.547462821006775 1.8889681522003197
3.5837042331695557 1.547723650932312 1.9388571888473056
3.583466053009033 1.5478585958480835 1.989323826020309
3.5834386348724365 1.548061728477478 2.0368920756023488
3.5833847522735596 1.5480180978775024 2.0836006324764162
3.5832858085632324 1.5480540990829468 2.131268453104466
3.5830631256103516 1.5481173992156982 2.195483211929248
3.5831124782562256 1.5480157136917114 2.243606535501684
3.5831432342529297 1.5482244491577148 2.2899690212333583
3.582963466644287 1.5481605529785156 2.3361654445887616
3.583061933517456 1.5480777025222778 2.3856553090501467
3.5830729007720947 1.5483176708221436 2.432773386242421
3.583101511001587 1.5484625101089478 2.4785968704985195
3.5831918716430664 1.548384666442871 2.525887973620164
3.582979917526245 1.5486364364624023 2.5882697249732045
3.582857131958008 1.548755407333374 2.6350236149663044
3.5828967094421387 1.5486887693405151 2.6821103345592388
3.582895517349243 1.5487618446350098 2.7308435006942413
3.582608938217163 1.5489403009414673 2.7784953387427302
3.5826642513275146 1.5487910509109497 2.8248653423859986
3.582674026489258 1.5489007234573364 2.872896648425737
3.5827138423919678 1.5491478443145752 2.9196288470027674
3.5826077461242676 1.5491104125976562 2.982822883037312
3.5823121070861816 1.5494681596755981 3.0291762253391714
3.5823256969451904 1.5495963096618652 3.0738506257775438
3.5820722579956055 1.5495059490203857 3.121528626839443
3.580984592437744 1.5496107339859009 -3.1156742555212342
3.578620672225952 1.5495411157608032 -3.078197951980899
3.5741934776306152 1.5492284297943115 -3.044621468564183
3.565714120864868 1.5481133460998535 -3.0050928645990225
3.5579562187194824 1.546949028968811 -2.981966972163769
3.548358678817749 1.5454696416854858 -2.962522982504271
3.5375916957855225 1.5433545112609863 -2.947726735472144
3.5244760513305664 1.5405426025390625 -2.9368722385520907
3.5103561878204346 1.537463665008545 -2.9316396678453542
3.4960529804229736 1.5341434478759766 -2.9301116297717287
3.481579542160034 1.5309635400772095 -2.931342125808768
3.462226390838623 1.5265952348709106 -2.930076109247244
3.447927951812744 1.5234119892120361 -2.929721353544697
3.4334115982055664 1.5202521085739136 -2.9283385424206214
3.4194090366363525 1.5169055461883545 -2.927478794887289
3.404634952545166 1.5135176181793213 -2.9261837104297026
3.3902177810668945 1.510054588317871 -2.924494002398895
3.376378059387207 1.5067625045776367 -2.9236474050024515
3.362093210220337 1.5033164024353027 -2.922826287028583
3.3473715782165527 1.4999886751174927 -2.9213690775978347
3.3281798362731934 1.4953242540359497 -2.92211365555004
3.3142049312591553 1.491970181465149 -2.921071284214018
3.299825668334961 1.48868989944458 -2.920484544726859
3.285292625427246 1.4852288961410522 -2.9188976300499747
3.270854949951172 1.481857419013977 -2.9170086349830324
3.256631374359131 1.478365421295166 -2.9170086349830324
3.242454767227173 1.4752802848815918 -2.9176962296943523
3.223716974258423 1.4709581136703491 -2.9188515989791495
3.2098426818847656 1.4676769971847534 -2.9188515989791495
3.1960251331329346 1.464275598526001 -2.919271233869835
3.181725025177002 1.46080482006073 -2.919414758989358
3.167074680328369 1.4570071697235107 -2.9188375310418055
3.1531171798706055 1.4536614418029785 -2.91863417723721
3.138967752456665 1.4504139423370361 -2.918178551556057
3.124871253967285 1.4469103813171387 -2.918178551556057
3.110819101333618 1.4433244466781616 -2.9190566457239284
3.0920464992523193 1.4387400150299072 -2.919143428267979
3.0780467987060547 1.4353041648864746 -2.917937990994267
3.063819408416748 1.4316990375518799 -2.91731665986991
3.0492992401123047 1.428188443183899 -2.917195780519886
3.0355653762817383 1.4249049425125122 -2.915456075299015
3.0217301845550537 1.4215282201766968 -2.9152782084005646
3.007826328277588 1.4179370403289795 -2.915704241204949
2.9935662746429443 1.4142190217971802 -2.915704241204949
2.974905490875244 1.4094618558883667 -2.917445672053531
2.9614980220794678 1.4060312509536743 -2.917867891704998
2.947329521179199 1.4026480913162231 -2.917777782321753
2.9330742359161377 1.3990967273712158 -2.918099876440593
2.918731927871704 1.395690679550171 -2.9176020598639485
2.905148506164551 1.392219066619873 -2.9179046355754767
2.8914356231689453 1.3886784315109253 -2.91842316561482
2.87275767326355 1.384243369102478 -2.918155931438425
2.858889579772949 1.380918264389038 -2.919802417551028
2.844665765762329 1.3776079416275024 -2.9197540434813036
2.8308708667755127 1.3742358684539795 -2.9201724454574163
2.8164498805999756 1.3707828521728516 -2.9201724454574163
2.802779197692871 1.367478609085083 -2.9201872375096087
2.789242744445801 1.3643617630004883 -2.921354295828232
2.7755379676818848 1.3610994815826416 -2.92217563583443
2.761528968811035 1.3579059839248657 -2.9233939691911677
2.7424938678741455 1.3537935018539429 -2.9238557903471354
2.7286741733551025 1.3506370782852173 -2.924127573906052
2.7146921157836914 1.3473190069198608 -2.9239664031738686
2.6997251510620117 1.3438693284988403 -2.922914985507856
2.686040163040161 1.3407299518585205 -2.922285544715513
2.6719374656677246 1.3373277187347412 -2.922285544715513
2.657865285873413 1.3341574668884277 -2.922119399198901
2.638848304748535 1.3297454118728638 -2.9212048043639043
2.625030994415283 1.3266081809997559 -2.9209752193255496
2.611173152923584 1.3233726024627686 -2.9198603524889797
2.5968286991119385 1.3201829195022583 -2.9182832160195047
2.5821423530578613 1.3169126510620117 -2.9169499879197454
2.568180561065674 1.3136595487594604 -2.915544997423411
2.5538763999938965 1.3105137348175049 -2.91507102175045
2.5400609970092773 1.3073995113372803 -2.91507102175045
2.5258991718292236 1.3041433095932007 -2.91507102175045
2.506561517715454 1.2997040748596191 -2.9139850135013687
2.492375612258911 1.2963250875473022 -2.911771534000388
2.477742910385132 1.2929131984710693 -2.9095828340674026
2.462869167327881 1.289597749710083 -2.907441132870773
2.44873309135437 1.2861603498458862 -2.905289191717874
2.43489670753479 1.2829302549362183 -2.904628263773747
2.4204230308532715 1.2793716192245483 -2.9026501349013967
2.40628981590271 1.2761261463165283 -2.9009256513285018
2.3873205184936523 1.2713791131973267 -2.9010741832306075
2.37355375289917 1.2680931091308594 -2.898658038809783
2.359483003616333 1.264524221420288 -2.8982114945622772
2.344614028930664 1.2609328031539917 -2.8955738505584483
2.3311591148376465 1.2577530145645142 -2.894376291339644
2.3168201446533203 1.2539387941360474 -2.894141667937415
2.3034653663635254 1.2506581544876099 -2.892697575711201
2.2844717502593994 1.2456623315811157 -2.8921754418869954
2.2705447673797607 1.242147445678711 -2.8915545946658634
2.256892681121826 1.2385811805725098 -2.88984441361802
2.2425832748413086 1.2350046634674072 -2.887752990266179
2.228478193283081 1.2314430475234985 -2.886749523708019
2.2146520614624023 1.2277370691299438 -2.8855943775595367
2.2008585929870605 1.2240912914276123 -2.884186004849787
2.1872050762176514 1.2202767133712769 -2.884186004849787
2.173367500305176 1.2166903018951416 -2.882957233706312
2.1546475887298584 1.2116183042526245 -2.882015250531226
2.140632152557373 1.2080600261688232 -2.881499299757952
2.127296209335327 1.2043671607971191 -2.8812434283623016
2.113225221633911 1.2007890939712524 -2.8801503012705645
2.0990371704101562 1.1969863176345825 -2.8789941989129453
2.085878610610962 1.1934105157852173 -2.8786635342459417
2.0721099376678467 1.1897270679473877 -2.8784129899418343
2.0580899715423584 1.1860305070877075 -2.8777608941957706
2.0397355556488037 1.1810939311981201 -2.8774292616515003
2.0258424282073975 1.177285075187683 -2.8758032395802426
2.0118110179901123 1.1734052896499634 -2.875119681533415
1.99759042263031 1.1695067882537842 -2.873161558450912
1.9835929870605469 1.1656982898712158 -2.8700001324289452
1.9700454473495483 1.1617517471313477 -2.869234097394468
1.9561692476272583 1.157909870147705 -2.8695316331516847
1.937720537185669 1.1528924703598022 -2.8694627339022056
1.9239667654037476 1.148992896080017 -2.86938927873786
1.9098570346832275 1.1451297998428345 -2.868617078966645
1.8960574865341187 1.1412277221679688 -2.868617078966645
1.8820542097091675 1.137381672859192 -2.867325094344127
1.8682554960250854 1.1335760354995728 -2.867325094344127
1.8542847633361816 1.1296298503875732 -2.8665361218317877
1.8399913311004639 1.125675916671753 -2.8661232292540366
1.8257652521133423 1.121681809425354 -2.8657371901025903
1.8070552349090576 1.1164358854293823 -2.8657371901025903
1.7933205366134644 1.1124041080474854 -2.865546233234235
1.779484510421753 1.1082806587219238 -2.8649499211007883
1.7651499509811401 1.1043781042099 -2.8643837119669193
1.7508033514022827 1.1002904176712036 -2.863493458518634
1.7369756698608398 1.0964783430099487 -2.8626854477627743
1.7232564687728882 1.0925670862197876 -2.8636033700121075
1.7090823650360107 1.0885447263717651 -2.8636033700121075
1.6906938552856445 1.0832445621490479 -2.8648164375552336
1.6765347719192505 1.0791033506393433 -2.864915596133055
1.6627010107040405 1.0751307010650635 -2.8644116224915877
1.648596167564392 1.0710684061050415 -2.8642139606097023
1.6343235969543457 1.067060112953186 -2.86385845286713
1.620591640472412 1.0630708932876587 -2.864705561555141
1.6064434051513672 1.0591379404067993 -2.8653220844703955
1.5920944213867188 1.0549546480178833 -2.8653824148682085
1.5735082626342773 1.049717664718628 -2.8656344525055544
1.5595959424972534 1.0455671548843384 -2.8656344525055544
1.5452980995178223 1.0415058135986328 -2.8656344525055544
1.5315595865249634 1.0375045537948608 -2.8656344525055544
1.5174589157104492 1.0336277484893799 -2.8642228054024406
1.5032567977905273 1.0296268463134766 -2.864219946951442
1.4892266988754272 1.0256462097167969 -2.864452150670277
1.4751447439193726 1.0217077732086182 -2.86520339793689
1.4566006660461426 1.0164443254470825 -2.865841651565587
1.4428282976150513 1.0123611688613892 -2.8666019207793885
1.42829167842865 1.0082277059555054 -2.8667316688006754
1.4142934083938599 1.0041414499282837 -2.8660943821252802
1.4001573324203491 1.000001311302185 -2.8660943821252802
1.3863054513931274 0.9961032271385193 -2.8652837214760822
1.372165560722351 0.9919990301132202 -2.865614634030672
1.3532410860061646 0.9867764115333557 -2.8663766256474927
1.3391351699829102 0.9828773140907288 -2.866626258400422
1.324828863143921 0.9787193536758423 -2.866781238674255
1.3102785348892212 0.9745194315910339 -2.866157979464138
1.2963593006134033 0.9707149863243103 -2.866117206708519
1.2822957038879395 0.9666538834571838 -2.86578723513059
1.2684426307678223 0.9626823663711548 -2.8657837053828
1.2540513277053833 0.9586650729179382 -2.8664352722068402
1.2397595643997192 0.954508364200592 -2.867361543328546
1.2215690612792969 0.9494641423225403 -2.8688492765067743
1.2072687149047852 0.9453964233398438 -2.8687829810496104
1.1931276321411133 0.9414381980895996 -2.868401049890889
1.179288625717163 0.9373464584350586 -2.868358850059968
1.1648873090744019 0.9333345890045166 -2.867094516238855
1.1508963108062744 0.9294314980506897 -2.8674319058678455
1.1368060111999512 0.9253118634223938 -2.868021964442503
1.1181079149246216 0.9199938178062439 -2.868843550328125
1.1041760444641113 0.916135847568512 -2.8703674971214324
1.0899428129196167 0.9121612310409546 -2.870428560124912
1.0761052370071411 0.9084104895591736 -2.870640717813738
1.0619821548461914 0.904495894908905 -2.87049171706966
1.047818660736084 0.9006777405738831 -2.8705832814321304
1.0338927507400513 0.896772563457489 -2.871646640183492
1.0197064876556396 0.892833948135376 -2.8721303973399146
1.0007784366607666 0.8876113891601562 -2.872318754516799
0.9865337610244751 0.8835662007331848 -2.8728332505001166
0.9724308848381042 0.8796613812446594 -2.8735365947374
0.9584118723869324 0.8758332133293152 -2.8725757740743614
0.944072425365448 0.8718604445457458 -2.8726096284146294
0.9298004508018494 0.8678248524665833 -2.872595566070745
0.9155299663543701 0.8639686703681946 -2.8719029413261117
0.9012627005577087 0.8601392507553101 -2.872308518308075
0.8871152997016907 0.8563433885574341 -2.8730032189562107
0.868493914604187 0.8513281345367432 -2.8729694004222868
0.8544689416885376 0.8473997712135315 -2.873756395087084
0.840151846408844 0.8434160947799683 -2.873762632821498
0.8256862759590149 0.8396081328392029 -2.873762632821498
0.8114954233169556 0.8358151912689209 -2.8737163420379335
0.7972777485847473 0.8319334387779236 -2.8741307152339752
0.7830034494400024 0.8280501365661621 -2.8750867903782624
0.7688068747520447 0.8242969512939453 -2.87461998980883
0.7495109438896179 0.8189989924430847 -2.8759396099399392
0.7353991866111755 0.8151836395263672 -2.8752596016738923
0.7209390997886658 0.8113265037536621 -2.875128956010208
0.7068156599998474 0.80743408203125 -2.875128956010208
0.6927172541618347 0.8035282492637634 -2.875128956010208
0.678422749042511 0.7996467351913452 -2.875128956010208
0.6642028093338013 0.7957642674446106 -2.8759806253843423
0.6502575278282166 0.7919530272483826 -2.876983368151131
0.6311989426612854 0.7869472503662109 -2.877195576934714
0.6170958280563354 0.7830808162689209 -2.877859825417776
0.6028888821601868 0.779299259185791 -2.877859825417776
0.5885924696922302 0.7754514217376709 -2.878163790850699
0.5743162035942078 0.7715485692024231 -2.878266573735084
0.5598156452178955 0.7676032185554504 -2.8788876478924346
0.5456008315086365 0.7639018297195435 -2.879177128671113
0.5314568281173706 0.760201632976532 -2.8801674792792546
0.5125337243080139 0.7551382184028625 -2.881691956216594
0.4981286823749542 0.7513296604156494 -2.8824195693566903
0.4838053584098816 0.7475075125694275 -2.8823578428344674
0.4696478247642517 0.7437615990638733 -2.8818182732536073
0.455482542514801 0.7401162385940552 -2.8806934627826135
0.4412311613559723 0.7364612817764282 -2.8803551221791497
0.4271520674228668 0.7326908111572266 -2.88161014498064
0.4128219783306122 0.729064404964447 -2.8808252793319653
0.3941461741924286 0.7240613102912903 -2.881807798636466
0.379998117685318 0.7204720973968506 -2.882023543902455
0.36586248874664307 0.7166191935539246 -2.880879414279763
0.3516867160797119 0.7127950191497803 -2.87938119709968
0.3374725580215454 0.7090312838554382 -2.878262984537798
0.3229016661643982 0.705238401889801 -2.878484972607774
0.30853840708732605 0.7014048099517822 -2.8786695074586857
0.2943470776081085 0.6977144479751587 -2.8778283373153704
0.2758811414241791 0.6927807927131653 -2.8793091650904743
0.2610224187374115 0.6889322996139526 -2.877841466119549
0.2470058649778366 0.685258150100708 -2.8776438103860826
0.23287604749202728 0.6813843846321106 -2.8777389603915426
0.2188807874917984 0.6779002547264099 -2.8767612005609577
0.20460201799869537 0.6741104125976562 -2.876774072879572
0.19026653468608856 0.6702567338943481 -2.8779628020625707
0.17644108831882477 0.6667118072509766 -2.878853067886612
0.157540962100029 0.6615980863571167 -2.8793177732880735
0.1433274894952774 0.6578998565673828 -2.8794279003000227
0.12942689657211304 0.654231071472168 -2.8792634269629813
0.11531753838062286 0.650513768196106 -2.878822812526661
0.10132057219743729 0.6468856334686279 -2.878899806789342
0.08705370873212814 0.6430169939994812 -2.879020945885516
0.07258127629756927 0.6391004920005798 -2.879020945885516
0.05859348550438881 0.6354072093963623 -2.8788611979745986
0.03949092701077461 0.6304231286048889 -2.8784260872480085
0.024928780272603035 0.6265162825584412 -2.8782775265294154
0.010842048563063145 0.6228206157684326 -2.8766200363096597
-0.003557408694177866 0.6189488172531128 -2.876545914197408
-0.01771506853401661 0.6151490807533264 -2.875644659772464
['cliff_front_right']
['cliff_front_left', 'cliff_front_right']
-0.03159360587596893 0.6114867925643921 -2.8752915722459687
-0.03765802085399628 0.6096696853637695 -2.8781432957990334
-0.03920188546180725 0.6090219020843506 -2.879080762630643
-0.038316402584314346 0.6094372868537903 -2.8825380550045243
-0.03321608528494835 0.6106049418449402 -2.884624492782653
['cliff_front_right']
-0.026212673634290695 0.612481415271759 -2.8830463769964543
-0.017943184822797775 0.6145395040512085 -2.882174017243574
-0.009739486500620842 0.616707444190979 -2.8819909077853345
-0.0025720014236867428 0.6186835765838623 -2.882593385769115
0.004796386230736971 0.6206529140472412 -2.882593385769115
0.012326331809163094 0.6224944591522217 -2.8822088040208382
0.022199589759111404 0.6251930594444275 -2.8812465580215374
0.029444102197885513 0.62714022397995 -2.8804609753300827
0.03596518188714981 0.6287763118743896 -2.8785915697324578
0.04114118963479996 0.6301741003990173 -2.876083136726334
0.044522032141685486 0.6309277415275574 -2.865607283135415
0.04702204093337059 0.6316460371017456 -2.8436581892987975
0.048593610525131226 0.6318954229354858 -2.8111851295736656
0.048937391489744186 0.6321770548820496 -2.7704224658638203
0.048367083072662354 0.6320039629936218 -2.704905511028
0.048144612461328506 0.631894588470459 -2.6549973522486465
0.048001885414123535 0.6319975256919861 -2.6057520106567438
0.04773237183690071 0.6321713328361511 -2.5574164069625174
0.047652050852775574 0.6322691440582275 -2.5116024295003934
0.04750124737620354 0.6323490142822266 -2.465299572714883
0.04734940826892853 0.6323447823524475 -2.4173199907372376
0.04712880775332451 0.632605254650116 -2.3535520867905735
0.04691927880048752 0.6326032876968384 -2.305029321584399
0.04681527987122536 0.6327159404754639 -2.258584219988506
0.04667242243885994 0.6327685117721558 -2.210533892505447
0.04659440740942955 0.6330700516700745 -2.1636834360165036
0.04660654440522194 0.6331985592842102 -2.1181583522843375
0.046490248292684555 0.6334484219551086 -2.070164700673732
0.04640577360987663 0.6335588693618774 -2.0238788530868743
0.0461018830537796 0.6337061524391174 -1.9764149058827387
0.045913901180028915 0.6338613033294678 -1.912021126374826
0.04556017369031906 0.6338717937469482 -1.866742029123626
0.04548497870564461 0.6339802742004395 -1.8196380202271427
0.04528004676103592 0.634067714214325 -1.7716761268015326
0.0450887605547905 0.6340431571006775 -1.7231448804335043
0.04487103596329689 0.6340091824531555 -1.6754172441131108
0.04463315010070801 0.6340169906616211 -1.6269658914506262
0.04447907581925392 0.6340398788452148 -1.5784656963354105
0.044099293649196625 0.6338549852371216 -1.5153118886125418
0.044058702886104584 0.6327557563781738 -1.4696221773030866
0.044238705188035965 0.6297395825386047 -1.429584921640064
0.04484324902296066 0.6251475214958191 -1.3963821061640127
0.04597827419638634 0.6189550757408142 -1.3662081600967515
0.04735063016414642 0.6112510561943054 -1.3422920457394454
0.049399059265851974 0.6021398901939392 -1.3240780561801735
0.052015163004398346 0.5916506052017212 -1.3098613609419913
0.05616284906864166 0.5751639604568481 -1.2996545599975349
0.05971866101026535 0.5617360472679138 -1.2970756878157077
0.06352269649505615 0.547454833984375 -1.2972110019148166
0.06726156175136566 0.5333147048950195 -1.2983484390097302
0.07107147574424744 0.5193318724632263 -1.2977819602929088
0.07489576935768127 0.5050839185714722 -1.2972605411836928
0.07867562770843506 0.49113017320632935 -1.2972605411836928
0.08241933584213257 0.47712957859039307 -1.2978141537895056
0.08759506791830063 0.45852428674697876 -1.2990088310646795
0.09135396778583527 0.4447225332260132 -1.3005728882735583
0.09494582563638687 0.4311226010322571 -1.3008172803630311
0.09869846701622009 0.4172094762325287 -1.3003916270329974
0.1024777963757515 0.4026640057563782 -1.3000877265323363
0.1061299592256546 0.38876965641975403 -1.2989149165841656
0.10972638428211212 0.3763539791107178 -1.2965972023191012
0.11260109394788742 0.3657011389732361 -1.2965972023191012
0.1168702021241188 0.35031330585479736 -1.2988821619105388
['bump_right']
0.12046956270933151 0.33676669001579285 -1.3008004875438068
0.12219623476266861 0.3323379456996918 -1.3138378708970215
0.12097311019897461 0.3337371349334717 -1.3206850825254701
0.120267853140831 0.3370133936405182 -1.3173444031232375
0.11810742318630219 0.3413538634777069 -1.3110500348306098
0.11649695783853531 0.34732022881507874 -1.310787054973276
0.11490707844495773 0.3541487753391266 -1.3115890843665252
0.11214301735162735 0.3632071912288666 -1.3115890843665252
0.11035584658384323 0.36992889642715454 -1.311712474758434
0.10849975049495697 0.37620237469673157 -1.3116071945109196
0.10688776522874832 0.3825168311595917 -1.3104166933593644
0.10573059320449829 0.38691964745521545 -1.303477944357315
0.10508274286985397 0.38912972807884216 -1.2877343290064276
0.10457684844732285 0.39089643955230713 -1.2691510817327585
0.10429351031780243 0.39228540658950806 -1.2345996579588527
0.10404899716377258 0.3922467827796936 -1.1711687490086493
0.10409137606620789 0.39218780398368835 -1.1225237344827865
0.10396679490804672 0.392118901014328 -1.0746103903310606
0.10364584624767303 0.3919365704059601 -1.0278104271080764
0.10357525199651718 0.3920214772224426 -0.9797983671380831
0.10339883714914322 0.39181771874427795 -0.9307179602762364
0.1032295972108841 0.39187124371528625 -0.8856887901141781
0.10306090116500854 0.3918549716472626 -0.8530940622582536
0.10275241732597351 0.3925710618495941 -0.7979996464373693
0.10234329104423523 0.3917415738105774 -0.7190160892310123
0.1022900715470314 0.3918358385562897 -0.7099727138860256
0.10203451663255692 0.39171627163887024 -0.6514063653250218
0.10188467055559158 0.39198294281959534 -0.5934118032424509
0.10183368623256683 0.39148011803627014 -0.5386778947230301
0.10154498368501663 0.39154520630836487 -0.4899628292008696
0.10122282058000565 0.39155036211013794 -0.44282569191057713
0.10115978121757507 0.3912501335144043 -0.3789031720740763
0.10107003152370453 0.39128410816192627 -0.3313308153972922
0.10104154795408249 0.3911636173725128 -0.2835935680515958
0.10104408860206604 0.391056090593338 -0.23683172488438692
0.10068713873624802 0.39099302887916565 -0.18964023762319682
0.10051912069320679 0.3908228278160095 -0.14320910607602033
0.10033150017261505 0.3907332420349121 -0.09612147416974764
0.10027262568473816 0.39073169231414795 -0.04820054357224911
0.10031914710998535 0.3904748857021332 0.015098116946564634
0.10106965899467468 0.3904532492160797 0.060420438072867816
0.10375933349132538 0.3906412124633789 0.10079429499980515
0.10798940807580948 0.39106592535972595 0.13486818457230149
0.1139627993106842 0.3918992578983307 0.16355034386740835
0.12145581841468811 0.39314380288124084 0.18606556206635763
0.13040156662464142 0.3948121964931488 0.20516655587462315
0.14050066471099854 0.39695557951927185 0.2192355360058351
0.15639960765838623 0.40068334341049194 0.23169947085019313
0.16963627934455872 0.40400978922843933 0.23414697212782468
0.18401919305324554 0.40748846530914307 0.23204477002783233
0.19866375625133514 0.41115182638168335 0.23054476388593761
0.21241366863250732 0.4144476056098938 0.23102603072786612
0.22606487572193146 0.4178253710269928 0.22940802409763103
0.23976528644561768 0.42091187834739685 0.22928364331706583
0.2535460591316223 0.4241807460784912 0.22908553989482028
0.2720434367656708 0.42877814173698425 0.22953517025368358
0.2859625518321991 0.43236982822418213 0.23048477117458074
0.29980191588401794 0.43579739332199097 0.23048485998872476
0.3136633336544037 0.4390784502029419 0.23065209658456012
0.3276309669017792 0.442314475774765 0.23106688136089695
0.3413512706756592 0.44555607438087463 0.23103701181901345
0.3552071452140808 0.44884899258613586 0.23237806060945237
0.369128555059433 0.4523133635520935 0.23295525465592679
0.38794398307800293 0.45682424306869507 0.2350000490338952
0.40187662839889526 0.46021896600723267 0.2349999750426457
0.4155682325363159 0.4636521637439728 0.23401082234402196
0.42955994606018066 0.4669918417930603 0.23332419917559266
0.44389334321022034 0.47039350867271423 0.23197881872952514
0.4576239287853241 0.4737755060195923 0.23153231646411251
0.47153499722480774 0.47700461745262146 0.23198721686908175
0.4851079285144806 0.4801607131958008 0.2321450103253307
0.5036889910697937 0.4847319722175598 0.2321450103253307
0.5176196694374084 0.4878391921520233 0.23316656281347153
0.5318295359611511 0.4911191761493683 0.23301988382455785
0.5463387966156006 0.49464815855026245 0.232903097893802
0.5602156519889832 0.4978329837322235 0.23329724443248304
0.5737882852554321 0.5010159015655518 0.23232424813776084
0.5875556468963623 0.5043267607688904 0.2323242037341369
0.6010671257972717 0.5074557065963745 0.23252638209044083
0.6200835108757019 0.511989176273346 0.23288113864857796
0.6341368556022644 0.5152632594108582 0.2336726199361886
0.6475781798362732 0.5186249017715454 0.23281507059281564
0.6619330644607544 0.5219131708145142 0.23281510019255078
0.6756253242492676 0.525253415107727 0.23119339442192122
0.6891623139381409 0.528325617313385 0.23080571654960258
0.7031534314155579 0.5317010879516602 0.23084092551578014
0.716925323009491 0.5348741412162781 0.23108075461433866
0.7355376482009888 0.5391306281089783 0.2326488547486762
0.7494531273841858 0.5424955487251282 0.23381341695175628
0.7631575465202332 0.5456753969192505 0.23423781750671993
0.7775923013687134 0.5493123531341553 0.2341930915534442
0.7917921543121338 0.5525467991828918 0.2341439554537175
0.8052399754524231 0.5558213591575623 0.23369143595270347
0.8190556764602661 0.5590490102767944 0.2341074570227656
0.8378824591636658 0.5636569857597351 0.23429127917173898
0.8513970971107483 0.5667221546173096 0.23468257990182423
0.8653812408447266 0.5701584219932556 0.23529174322177424
0.8795900344848633 0.5734831094741821 0.23502312457128974
0.8937087655067444 0.5769180059432983 0.23502315416679476
0.9073941111564636 0.5799683928489685 0.23469932737333593
0.9207527041435242 0.5831328630447388 0.23468262779056467
0.9348476529121399 0.5863029360771179 0.23575292351888383
0.9484626054763794 0.5895904898643494 0.2360867663804193
0.9674827456474304 0.5939805507659912 0.23844861812271823
0.9813554286956787 0.5973496437072754 0.23853017984799138
0.994905412197113 0.6005612015724182 0.23859200019574808
1.0093821287155151 0.6041872501373291 0.23902049007016593
1.023577094078064 0.6075823307037354 0.23857410427975373
1.037200689315796 0.6108734607696533 0.2379393330896853
1.0512311458587646 0.6143383979797363 0.23823952515497526
1.0648174285888672 0.6174923181533813 0.2383081817212915
1.0837081670761108 0.6219660043716431 0.23822873181330464
1.0976247787475586 0.6252890825271606 0.23843571557431045
1.1113332509994507 0.6286336779594421 0.23750213017745253
1.1257246732711792 0.6321699023246765 0.23750213017745253
1.1403430700302124 0.6356743574142456 0.23750213017745253
1.1535568237304688 0.6388639211654663 0.2368537638342433
1.1672478914260864 0.642288327217102 0.23657756563925378
1.181539535522461 0.6457793712615967 0.237329126250801
1.200193166732788 0.6501535177230835 0.23815579844531126
1.2141821384429932 0.6536151766777039 0.23854163370401243
1.2282193899154663 0.6570208072662354 0.2388260365061079
1.2425435781478882 0.6604952812194824 0.23903271725193376
1.2565819025039673 0.6638868451118469 0.23818789121873835
1.2697668075561523 0.6671767830848694 0.23785824250622403
1.2837803363800049 0.6704721450805664 0.238231634359915
1.2978787422180176 0.6738747954368591 0.2383577457641624
1.3161382675170898 0.6785632967948914 0.23835104285506734
1.3298194408416748 0.6817935109138489 0.23911776191644016
1.3438862562179565 0.6852120161056519 0.23892388758496982
1.3585622310638428 0.6889018416404724 0.2386939969373381
1.3721462488174438 0.692245602607727 0.2386939821421511
1.3861103057861328 0.6955693364143372 0.23857701747361698
1.4050087928771973 0.7002842426300049 0.23870553725353957
1.4137227535247803 0.7024199366569519 0.23870553725353957
1.4324533939361572 0.7070043683052063 0.23972502768408877
1.4465186595916748 0.7105115056037903 0.23967093629460387
1.4610663652420044 0.7140272259712219 0.2390894585364434
1.475290298461914 0.7174594402313232 0.2383567485353207
1.4885621070861816 0.7206602096557617 0.23766839026626546
1.5024192333221436 0.7238871455192566 0.23722577692469496
1.5161992311477661 0.7271174192428589 0.2372257473350906
1.5304750204086304 0.7305693626403809 0.23728823522199313
1.5492192506790161 0.7350078821182251 0.23790414611580124
1.5628479719161987 0.738592803478241 0.23799573473066465
1.5770965814590454 0.7419432997703552 0.23777998176359774
1.5915096998214722 0.7453261613845825 0.2376446553703962
1.6053377389907837 0.7486510872840881 0.23741501803125759
1.6191802024841309 0.751865029335022 0.23724764021982098
1.6329032182693481 0.7552077174186707 0.23742814519848462
1.6518430709838867 0.7596381902694702 0.2381170651684128
1.6657748222351074 0.7631517648696899 0.2381170651684128
1.6798266172409058 0.7665956020355225 0.2383222727190268
1.6942912340164185 0.7700231671333313 0.23795964203572414
1.7087293863296509 0.7735152840614319 0.23713541430857793
1.7223838567733765 0.776699423789978 0.23614234390403568
1.7357438802719116 0.7800067067146301 0.23466020235624177
1.7496817111968994 0.7833052277565002 0.2353955790751638
1.7636009454727173 0.7866471409797668 0.2353232105222652
1.7825971841812134 0.7913318872451782 0.23591394814522795
1.7968096733093262 0.794688880443573 0.2362692691969541
1.810920000076294 0.7980881929397583 0.23533158177288901
1.8250471353530884 0.801446795463562 0.23446589284243852
1.8389692306518555 0.8048052787780762 0.23339039430851655
1.852687954902649 0.8081995844841003 0.23248037910809133
1.8669862747192383 0.8115819096565247 0.23248037910809133
1.881238579750061 0.8150229454040527 0.23260916943010423
1.8999691009521484 0.8193175792694092 0.23264642717299902
1.9140814542770386 0.8225641846656799 0.23259657082242519
1.9281032085418701 0.8258863687515259 0.23185009309520366
1.9424370527267456 0.8292514085769653 0.23040531189530208
1.956606149673462 0.8325284123420715 0.22955386614723794
1.9703630208969116 0.8357998132705688 0.22920315335409086
1.9892605543136597 0.8401076793670654 0.22907322685599868
1.9984616041183472 0.8421993255615234 0.22907322685599868
2.017526865005493 0.8466827273368835 0.22914052981069122
2.0315439701080322 0.8499901294708252 0.2292711895890273
2.0459089279174805 0.8531969785690308 0.22915696186342835
2.060290575027466 0.8566073179244995 0.2287779113587597
2.0739996433258057 0.8597994446754456 0.22847661425023702
2.08829665184021 0.8631649017333984 0.22721732954501803
2.1019153594970703 0.8663226366043091 0.2269744177781273
2.1166937351226807 0.8697368502616882 0.22676914219500174
2.1358091831207275 0.8742990493774414 0.22598293746520712
2.1496238708496094 0.8773624300956726 0.225447256882268
2.163924217224121 0.8807041645050049 0.22248421387015038
2.178495168685913 0.8839491605758667 0.22082720547542595
2.1921536922454834 0.8869227170944214 0.219561193795888
2.206197738647461 0.8899937272071838 0.21838294449102122
2.220259189605713 0.8929992914199829 0.21818153844159172
2.234602928161621 0.8962386846542358 0.21725550434303723
2.253657341003418 0.9003558158874512 0.21690582461318197
2.2676751613616943 0.9034538865089417 0.21659608598651198
2.282142400741577 0.9065937399864197 0.21610398247711465
2.297609567642212 0.9099297523498535 0.21482626240820302
2.3115525245666504 0.9129252433776855 0.21359986554550656
2.325676918029785 0.9160367250442505 0.21169539288007214
2.339752674102783 0.9190059304237366 0.210994048897525
2.3540749549865723 0.9220508337020874 0.21013503505063627
2.3733773231506348 0.9260725378990173 0.20908404582367635
2.387775421142578 0.9290635585784912 0.20800764395007398
2.402007579803467 0.9321193695068359 0.20626344799252525
2.416186571121216 0.9350113868713379 0.2052549474885271
2.430633544921875 0.9380736351013184 0.20460049099264166
2.4448819160461426 0.9409610033035278 0.20427647173128513
2.4593639373779297 0.9439546465873718 0.20360823711058662
2.473832368850708 0.9469413161277771 0.20360828158227207
2.493203639984131 0.9508184790611267 0.2036106345187915
2.507599115371704 0.9536333680152893 0.20361059004666263
2.5220587253570557 0.9565375447273254 0.20279449385858295
2.5363404750823975 0.9593521952629089 0.20219132702486378
2.550963878631592 0.9623889327049255 0.2012540869127943
2.5652337074279785 0.9653021693229675 0.19958638780887183
2.579200506210327 0.9681218862533569 0.19918806380356863
2.5933196544647217 0.9711841940879822 0.19809853430913063
2.612293243408203 0.975090742111206 0.19706239779891455
2.6266839504241943 0.9781067967414856 0.19746605935983613
2.6410257816314697 0.9808272123336792 0.19746607419136092
2.6553494930267334 0.9837967157363892 0.19527486933778618
2.6701202392578125 0.9865896105766296 0.19508105243283683
2.6835973262786865 0.9895183444023132 0.19371304100838482
2.697932004928589 0.9924656748771667 0.19353015695985762
2.712244749069214 0.99527508020401 0.19308635912629046
2.7315194606781006 0.9991040825843811 0.19250609201840577
2.745866298675537 1.0018267631530762 0.1923594767890012
2.7601747512817383 1.0046709775924683 0.19099638388058984
2.7744195461273193 1.00748872756958 0.18954636833573743
2.7885782718658447 1.0102308988571167 0.18750334364824597
2.8023223876953125 1.0128653049468994 0.18490673157577134
2.8164894580841064 1.0156663656234741 0.18385412748966742
2.8309922218322754 1.018211007118225 0.18392942723747968
2.8493239879608154 1.0216679573059082 0.18307202694754543
2.8633193969726562 1.0243206024169922 0.18360987835464068
2.8777852058410645 1.0268162488937378 0.18264641582377864
2.8918445110321045 1.0293422937393188 0.1813306952859328
2.9063448905944824 1.0319916009902954 0.1814135856572071
2.920402765274048 1.034459114074707 0.1811495947474215
2.934556245803833 1.0370993614196777 0.18063402601923548
2.948951244354248 1.0397008657455444 0.18105192157615274
2.9675309658050537 1.042984962463379 0.18052598140476733
2.9819648265838623 1.045548439025879 0.18058413068284676
2.99652099609375 1.0480010509490967 0.17938871644807508
3.010606050491333 1.0504624843597412 0.1784746334954497
3.02482533454895 1.0528875589370728 0.17676711044365073
3.038440227508545 1.055365800857544 0.17519783171540698
3.052131414413452 1.0577865839004517 0.17548226953196794
3.0664563179016113 1.060111165046692 0.17635030314111613
3.08090877532959 1.0626541376113892 0.17684053197721156
3.099888563156128 1.0659658908843994 0.1782169472550448
3.1140427589416504 1.0684324502944946 0.17813295035420873
3.1278316974639893 1.070963978767395 0.17813295035420873
3.142167806625366 1.0735238790512085 0.1786100321203194
3.156297206878662 1.0760788917541504 0.1782083213885908
3.1702377796173096 1.0787279605865479 0.17678703056682377
3.1849071979522705 1.081581711769104 0.1768477430447182
3.1988134384155273 1.084054946899414 0.17820884130139547
3.2173728942871094 1.0872104167938232 0.1794263713685207
3.2315003871917725 1.089790940284729 0.17942631200326156
3.2450947761535645 1.092214822769165 0.17915650075979092
3.259042739868164 1.094682216644287 0.17833230927475763
3.2728610038757324 1.0971957445144653 0.17839192367592008
3.286912441253662 1.099607229232788 0.17876857964935028
3.301163911819458 1.1022273302078247 0.17924037088122574
3.31903076171875 1.1054009199142456 0.18055608240541438
3.3334145545959473 1.1080193519592285 0.18184519088539605
3.347719192504883 1.110434889793396 0.18145469577637982
3.3616442680358887 1.113306999206543 0.18148286437319164
3.3757357597351074 1.115735411643982 0.18295462183808653
3.3894660472869873 1.118342638015747 0.18327744793605877
3.4033727645874023 1.1209607124328613 0.18340996538748344
3.4177205562591553 1.1237314939498901 0.18404489397018217
3.4315242767333984 1.1264309883117676 0.18485930846488502
3.4505088329315186 1.1298892498016357 0.18635160610415502
3.464665412902832 1.1325879096984863 0.18635154675806498
3.478083610534668 1.135332703590393 0.18515731961825643
3.4919190406799316 1.1378518342971802 0.18515731961825643
3.505626678466797 1.1404869556427002 0.18515731961825643
3.5195038318634033 1.1432496309280396 0.1850626401940174
3.5334248542785645 1.1459633111953735 0.1851177711998044
3.5518455505371094 1.1493440866470337 0.18679093535960598
3.5657474994659424 1.1519134044647217 0.18756836826874812
3.579594135284424 1.1544137001037598 0.18847384606665823
3.593400001525879 1.1571071147918701 0.18879567630445918
3.607161521911621 1.1596404314041138 0.1883028683010282
3.6215267181396484 1.1622822284698486 0.18806351432380325
3.635279655456543 1.1648991107940674 0.18877497195071868
3.6491219997406006 1.1674872636795044 0.19081552506908359
3.6676838397979736 1.1710973978042603 0.19191915201179136
3.680847644805908 1.1736090183258057 0.19325955845242218
3.693033456802368 1.1758277416229248 0.19488695040013232
3.703457832336426 1.1780052185058594 0.19553183797508775
3.7128005027770996 1.1798200607299805 0.1957958126311437
['bump_front_center']
3.7224717140197754 1.181962490081787 0.19487718982412208
3.7276504039764404 1.1830742359161377 0.19482093559477548
3.7270712852478027 1.1830445528030396 0.19337980047794043
3.7249512672424316 1.1825861930847168 0.1944406522846059
3.7218945026397705 1.1818604469299316 0.19551043526762965
3.716477394104004 1.180876612663269 0.19547825917561798
3.708461046218872 1.1794140338897705 0.19553996771869345
3.701230049133301 1.177907109260559 0.1957638820085364
3.6946299076080322 1.176653504371643 0.19694664622308655
3.688023567199707 1.1752958297729492 0.1972968781466567
3.6810944080352783 1.1738481521606445 0.19796686770155794
3.672147512435913 1.1721912622451782 0.1983157364996448
3.6654834747314453 1.1708043813705444 0.1981548822284927
3.658644676208496 1.1694496870040894 0.19856833937136886
3.651822805404663 1.1681121587753296 0.1991061859734379
3.6452081203460693 1.1668376922607422 0.1991061859734379
3.6398606300354004 1.165802001953125 0.20048423718352215
3.6373648643493652 1.165233850479126 0.21096346266474963
3.6375160217285156 1.1651908159255981 0.21405239117291783
3.637953042984009 1.1652494668960571 0.22969116906442638
3.637317419052124 1.1653386354446411 0.28950396897463115
3.6370575428009033 1.1651569604873657 0.3408390151926011
3.637360095977783 1.1649469137191772 0.38933035132086363
3.637220621109009 1.1647933721542358 0.4365158718808026
3.6371817588806152 1.1646114587783813 0.48346237760470506
3.637167453765869 1.1642322540283203 0.5296100890109342
3.637298345565796 1.1640658378601074 0.5759376787057577
3.637084722518921 1.1640076637268066 0.6253257907570626
3.637035369873047 1.1636850833892822 0.6900830083989276
3.637113094329834 1.1635370254516602 0.7360403385619495
3.6369452476501465 1.1632280349731445 0.7838519857354964
3.6369271278381348 1.1631327867507935 0.8303930080842973
3.6368532180786133 1.1630302667617798 0.8769189308329606
3.6367387771606445 1.162946105003357 0.9244073164494646
3.636728286743164 1.162974238395691 0.9742223026960456
3.63661789894104 1.1626579761505127 1.036651592748074
3.6367106437683105 1.1626518964767456 1.0828468185107425
3.6366817951202393 1.1624634265899658 1.1295123502560573
3.636798858642578 1.1624102592468262 1.177112637844033
3.6370654106140137 1.1624709367752075 1.2242393274506924
3.636800527572632 1.1622860431671143 1.2707800757802696
3.637000560760498 1.1623672246932983 1.321055471550845
3.6371548175811768 1.162310242652893 1.3672086446851615
3.637122631072998 1.1621750593185425 1.4143092682076575
3.637263774871826 1.1621696949005127 1.4773407258889872
3.6373918056488037 1.1623010635375977 1.524487437701247
3.637397050857544 1.1624590158462524 1.5727262016715042
3.637420892715454 1.1633403301239014 1.6175575861351987
3.637174606323242 1.1657708883285522 1.6594840137384796
3.6367387771606445 1.1702256202697754 1.6951751304001252
3.6359121799468994 1.1757429838180542 1.7245170196260649
3.634125232696533 1.185776948928833 1.755018469160512
3.632315158843994 1.1950907707214355 1.7724420689516849
3.6298367977142334 1.205383062362671 1.786354929382365
3.6267900466918945 1.2175029516220093 1.7952523164403245
3.6233956813812256 1.2308381795883179 1.7982265569095437
3.619331121444702 1.2455486059188843 1.7982460101052873
3.6151485443115234 1.2600651979446411 1.7992624366782592
3.611689805984497 1.273665189743042 1.799597398028953
3.6079816818237305 1.2872792482376099 1.800376685046282
3.602933883666992 1.3059837818145752 1.8022080070908717
3.5992074012756348 1.3199764490127563 1.803584988599349
3.59543776512146 1.3341010808944702 1.804700533329572
3.591569423675537 1.3478056192398071 1.8065532389225882
3.5875403881073 1.3620837926864624 1.8078509790313877
3.583512306213379 1.3758615255355835 1.8081622970783047
3.5795576572418213 1.3896318674087524 1.8083986962458596
3.5744903087615967 1.4082506895065308 1.807969497814652
3.5704457759857178 1.421751856803894 1.8077781764268754
3.566542387008667 1.4359047412872314 1.8086702353793038
3.5625267028808594 1.4494078159332275 1.8088982281863961
3.558830976486206 1.4619100093841553 1.808687212271944
3.5555012226104736 1.473001480102539 1.8091642824856065
3.5526740550994873 1.4827406406402588 1.8102190679437677
3.549769639968872 1.4930365085601807 1.810375013276283
3.5457024574279785 1.5072007179260254 1.8105978124515454
3.542628526687622 1.5174784660339355 1.8113284311014217
3.5397090911865234 1.5277024507522583 1.8117863990392251
3.5366647243499756 1.5381227731704712 1.811786231638107
3.5336103439331055 1.5483530759811401 1.811786231638107
3.530507802963257 1.558817744255066 1.8116408895701244
3.527332305908203 1.5688843727111816 1.8119437651744839
3.5232598781585693 1.5829253196716309 1.8124468076852416
3.5200157165527344 1.5936508178710938 1.8130052431353783
3.516777276992798 1.6036320924758911 1.8130052431353783
3.5136301517486572 1.6140214204788208 1.8134599287133113
3.5106794834136963 1.6239991188049316 1.8134595001177187
['bump_front_center']
3.507749557495117 1.6341078281402588 1.8143083093604737
3.507004976272583 1.637107014656067 1.8119874760967274
3.506995916366577 1.6369681358337402 1.812616358098202
3.5075812339782715 1.635581135749817 1.8155309958546748
3.5085933208465576 1.6311495304107666 1.813164869517755
3.5101158618927 1.6247841119766235 1.8125638205634502
3.511625289916992 1.6173852682113647 1.8105174472628522
3.512986421585083 1.6105239391326904 1.8101010444144845
3.514509677886963 1.603798508644104 1.8108643991705218
3.5159225463867188 1.5971533060073853 1.8108643991705218
3.517237424850464 1.5911304950714111 1.8138121622128571
3.5183427333831787 1.5861151218414307 1.824304026875879
3.5189597606658936 1.5831382274627686 1.8460294169079934
3.519371509552002 1.5807843208312988 1.8890301650309056
3.5195975303649902 1.5801914930343628 1.930618871038587
3.5194485187530518 1.5806503295898438 1.9790847146601156
3.519166946411133 1.5808199644088745 2.0282577992130606
3.519120216369629 1.5810725688934326 2.0752006730935424
3.5191946029663086 1.5809261798858643 2.121269188151869
3.51916766166687 1.5806955099105835 2.1691262873943926
3.519094705581665 1.5807697772979736 2.216212544603427
3.5188844203948975 1.5806884765625 2.2794928531673726
3.518845319747925 1.580735206604004 2.327621217951175
3.5188353061676025 1.5806454420089722 2.3744940276416115
3.5188703536987305 1.5807995796203613 2.419442179295466
3.5189225673675537 1.5807563066482544 2.4655694715259266
3.518763303756714 1.5807462930679321 2.513247969098216
3.5188257694244385 1.5807781219482422 2.5617041565130476
3.5187175273895264 1.5809342861175537 2.6269793393457666
3.5186333656311035 1.581013560295105 2.674024073811979
3.5184261798858643 1.5811936855316162 2.7217094824578525
3.5183820724487305 1.5813134908676147 2.7691573925598623
3.5183238983154297 1.581369400024414 2.816223585505034
3.5181920528411865 1.5814313888549805 2.865126841983327
3.5180959701538086 1.5813069343566895 2.9115247743849015
3.5179831981658936 1.581443190574646 2.9603235816484297
3.517756223678589 1.5816197395324707 3.0079579216672263
3.517390012741089 1.581791639328003 3.068984028801531
3.5174248218536377 1.5817463397979736 3.115265368789559
3.5171821117401123 1.5818660259246826 -3.1206572053985435
3.516334295272827 1.5817692279815674 -3.0745847201057233
3.51371431350708 1.5814701318740845 -3.0324888264219427
3.509078025817871 1.5809303522109985 -2.99871207085091
3.5031893253326416 1.580033302307129 -2.9688463125497164
3.492844343185425 1.578079342842102 -2.9366362192084408
3.4835915565490723 1.5761606693267822 -2.9181306330557075
3.472867727279663 1.5735105276107788 -2.902806289460505
3.460845947265625 1.5704683065414429 -2.8936491062573695
3.446913719177246 1.5669965744018555 -2.8887748370362822
3.432323694229126 1.5631892681121826 -2.8882174721480314
3.4178547859191895 1.5594133138656616 -2.8866407721384006
3.4031693935394287 1.5555704832077026 -2.88740586725473
3.3840951919555664 1.5505504608154297 -2.887223243678444
3.370084047317505 1.5466766357421875 -2.887223243678444
3.3560478687286377 1.5428880453109741 -2.8867363834269657
3.3419644832611084 1.5392249822616577 -2.8854086209159644
3.3274827003479004 1.5356066226959229 -2.883387346483751
3.3124234676361084 1.5315009355545044 -2.8816113365612916
3.2986347675323486 1.5277076959609985 -2.8807191760636073
3.284536361694336 1.523772120475769 -2.8807191760636073
3.2658729553222656 1.5186134576797485 -2.8807191760636073
3.2520179748535156 1.5147398710250854 -2.8807191760636073
3.2379086017608643 1.510928750038147 -2.880056869990065
3.223856210708618 1.5070394277572632 -2.8800249063248273
3.2096569538116455 1.5028786659240723 -2.879780543167987
3.1956770420074463 1.4988394975662231 -2.8791103564342957
3.1817069053649902 1.494928240776062 -2.8791103564342957
3.167973041534424 1.4910508394241333 -2.8808612827918285
3.1494317054748535 1.486086130142212 -2.8822205077492384
3.1351091861724854 1.4819223880767822 -2.882103662314381
3.1208271980285645 1.4778892993927002 -2.880978553830985
3.10683274269104 1.4735702276229858 -2.880256203293244
3.093367338180542 1.46943199634552 -2.8802263732052187
3.0796661376953125 1.465230107307434 -2.879792214015028
3.0655059814453125 1.461248755455017 -2.8784494511181813
3.0513479709625244 1.4570653438568115 -2.878000727712789
3.032947540283203 1.4518322944641113 -2.876697515178286
3.0192275047302246 1.4478867053985596 -2.876697515178286
3.0054819583892822 1.443682312965393 -2.876713536658591
2.9915273189544678 1.4397822618484497 -2.87659479969728
2.977356195449829 1.4356703758239746 -2.8768651272605124
2.9635612964630127 1.4315896034240723 -2.876753097481369
2.9498085975646973 1.427582025527954 -2.877982136007379
2.9359078407287598 1.423540472984314 -2.879196171451761
2.9224166870117188 1.4194819927215576 -2.87940193855676
2.9038712978363037 1.414367437362671 -2.8807115351179866
2.8899059295654297 1.410115361213684 -2.8809399368935873
2.8760757446289062 1.4063878059387207 -2.8793361219411646
2.862366199493408 1.4023915529251099 -2.878564804502107
2.8486979007720947 1.3984466791152954 -2.877844809489043
2.8348913192749023 1.3943703174591064 -2.878932954102162
2.821077823638916 1.390506625175476 -2.879827056590041
2.8025636672973633 1.385377049446106 -2.881668823088403
2.789055585861206 1.381607174873352 -2.8827724549166476
2.774972438812256 1.377718210220337 -2.882986561160849
2.760993242263794 1.3740510940551758 -2.882986561160849
2.747424364089966 1.3703346252441406 -2.883568783042769
2.7332401275634766 1.3666257858276367 -2.8833549066644535
2.7191550731658936 1.3627769947052002 -2.8834509930896597
2.705139398574829 1.3589881658554077 -2.883585911666405
2.691385269165039 1.3553022146224976 -2.883585911666405
2.672672986984253 1.3502541780471802 -2.8826909186090215
2.6588313579559326 1.3464877605438232 -2.8816599676829706
2.644559383392334 1.3426445722579956 -2.8796324661064565
2.6304993629455566 1.3388340473175049 -2.8782398646504563
2.616621255874634 1.334982991218567 -2.8772359213603464
2.6027932167053223 1.3311591148376465 -2.876058106049052
2.589221715927124 1.3274481296539307 -2.876058106049052
2.5703604221343994 1.3222233057022095 -2.8762514771736116
2.556227922439575 1.3184797763824463 -2.875830174776526
2.5425078868865967 1.3147112131118774 -2.8751218090726
2.52809739112854 1.3107960224151611 -2.873321058554125
2.5138347148895264 1.3069134950637817 -2.872624658442542
2.499999523162842 1.303132176399231 -2.87033156267212
2.485980749130249 1.2993419170379639 -2.8696460726608706
2.4720401763916016 1.2956037521362305 -2.868600378748236
2.452857494354248 1.290297031402588 -2.866547585277446
2.4391567707061768 1.2864158153533936 -2.866547585277446
2.4251227378845215 1.2826260328292847 -2.863787435527157
2.4107227325439453 1.278481125831604 -2.8620717456471634
2.3966434001922607 1.274403691291809 -2.860546102332712
2.38261342048645 1.2704952955245972 -2.8570828038457026
2.3686699867248535 1.266329288482666 -2.856326346339977
2.35502552986145 1.2623211145401 -2.8559548710356504
2.3362913131713867 1.2568384408950806 -2.8558325579681787
2.3224916458129883 1.2527015209197998 -2.8550157387979023
2.3088855743408203 1.2488116025924683 -2.853483434737065
2.294720411300659 1.2445497512817383 -2.852256047963555
2.2807509899139404 1.2403355836868286 -2.850679141126774
2.2673287391662598 1.2362236976623535 -2.84958888084432
2.2538022994995117 1.232177734375 -2.848409424659016
2.2403616905212402 1.2280352115631104 -2.8470034360862053
2.22177791595459 1.222244143486023 -2.8447143957923204
2.2082090377807617 1.217960000038147 -2.8436043284362365
2.19496750831604 1.2138104438781738 -2.841926827634947
2.181001901626587 1.2093372344970703 -2.839564782389149
2.167114734649658 1.205004334449768 -2.8384120272522324
2.1537551879882812 1.2006840705871582 -2.8373978002375364
2.1398868560791016 1.1963164806365967 -2.836334682949769
2.126478433609009 1.1921329498291016 -2.8372452341824763
2.1083531379699707 1.186541199684143 -2.837996002585086
2.094879150390625 1.182335615158081 -2.838667870784552
2.0813663005828857 1.1780165433883667 -2.8394150684328587
2.0670394897460938 1.17336905002594 -2.8378274445598146
2.053041934967041 1.1688830852508545 -2.836762459434125
2.039890766143799 1.1646538972854614 -2.8354697413898484
2.026383399963379 1.1602131128311157 -2.834969528146802
2.0131397247314453 1.1559417247772217 -2.833795073334412
1.998793125152588 1.1513521671295166 -2.832597254163755
1.9807124137878418 1.145558476448059 -2.832850953139513
1.9671891927719116 1.1412099599838257 -2.8319453904178293
1.9532471895217896 1.1366157531738281 -2.8319453904178293
1.9391553401947021 1.1321141719818115 -2.8312215692503573
1.9259884357452393 1.1279609203338623 -2.8308024419585016
1.9122473001480103 1.123450756072998 -2.830163469244965
1.898554801940918 1.1191725730895996 -2.830163469244965
1.8800239562988281 1.1132047176361084 -2.831018702566679
1.866350531578064 1.1087794303894043 -2.831722986162282
1.8530387878417969 1.104513168334961 -2.8314962570256155
1.8391696214675903 1.1000382900238037 -2.831117886181387
1.8245285749435425 1.095110535621643 -2.829344526716729
1.811295747756958 1.0907381772994995 -2.828397267874012
1.7975587844848633 1.086161732673645 -2.828397267874012
1.7836480140686035 1.0817151069641113 -2.828397267874012
1.7653440237045288 1.0757594108581543 -2.828397267874012
1.7519176006317139 1.0714589357376099 -2.8284428148696676
1.7377558946609497 1.0669245719909668 -2.8287468216659635
1.7232556343078613 1.062244176864624 -2.8287262912451623
1.7094348669052124 1.0578079223632812 -2.828342430720479
1.6963250637054443 1.053294062614441 -2.828342430720479
1.6824073791503906 1.0489492416381836 -2.8278346127620657
1.6686301231384277 1.0445529222488403 -2.8284683250002876
1.650155782699585 1.0385360717773438 -2.8287084206813193
1.6362160444259644 1.0338976383209229 -2.8290572290802056
1.6224993467330933 1.029513955116272 -2.8286142404002828
1.6083585023880005 1.0248026847839355 -2.8272356740404194
1.5944026708602905 1.0203900337219238 -2.825794946738117
1.5808225870132446 1.015790581703186 -2.8253190789598577
1.566959261894226 1.0112894773483276 -2.8245742529616127
1.5530064105987549 1.006597876548767 -2.8245742529616127
1.5385063886642456 1.0018994808197021 -2.8241488727940665
1.5208204984664917 0.9960262179374695 -2.8241488727940665
1.5068063735961914 0.9912819266319275 -2.823966051277508
1.4921966791152954 0.986482560634613 -2.8239393453765786
1.4785670042037964 0.9819295406341553 -2.8239393453765786
1.4649544954299927 0.9774789214134216 -2.8238272632947794
1.4513009786605835 0.9729624390602112 -2.8243069685624214
1.4372202157974243 0.9682772159576416 -2.824931140734219
1.418700933456421 0.9622101187705994 -2.825320946201412
1.4049632549285889 0.9576927423477173 -2.825320946201412
1.3908300399780273 0.953058660030365 -2.8261597318473717
1.3764338493347168 0.9483562111854553 -2.8250751598764894
1.362837791442871 0.9440056085586548 -2.8248298148812956
1.3491336107254028 0.9394820928573608 -2.8248298148812956
1.3354309797286987 0.9350413680076599 -2.824461224708171
1.3214621543884277 0.9304453730583191 -2.824791411766527
1.302595853805542 0.9243122339248657 -2.8258151809681227
1.2887794971466064 0.9196877479553223 -2.8264234044739402
1.2752747535705566 0.9151562452316284 -2.8273134271969176
1.260931134223938 0.9103338718414307 -2.8275384882772885
1.2465890645980835 0.9057497382164001 -2.827775462095697
1.2330000400543213 0.9011825919151306 -2.8270814454858164
1.2190788984298706 0.8968064785003662 -2.8267793446267038
1.2053247690200806 0.8923132419586182 -2.826810593774743
1.1865754127502441 0.8860613107681274 -2.826494916261516
1.1727875471115112 0.8816255331039429 -2.8267400231416007
1.1590062379837036 0.87709641456604 -2.827039726662125
1.1445561647415161 0.8722801208496094 -2.8266882958268513
1.130839467048645 0.8675820231437683 -2.826556455521024
1.1172566413879395 0.8631799817085266 -2.826363314898793
1.1034207344055176 0.8585795164108276 -2.826363314898793
1.0896015167236328 0.854040801525116 -2.8274021053946297
1.0709997415542603 0.848022997379303 -2.8293311499202036
1.0571906566619873 0.8433263301849365 -2.830201622949073
1.0436209440231323 0.8388793468475342 -2.830201622949073
1.0293877124786377 0.8342604041099548 -2.8303132081390516
1.0152634382247925 0.8295605778694153 -2.830368251131688
1.0013020038604736 0.8250736594200134 -2.8295066449688275
0.9875122904777527 0.8205793499946594 -2.829718103050846
0.9732578992843628 0.8159217238426208 -2.8295531374317644
0.9590144157409668 0.8114114999771118 -2.8293791035801528
0.9408200979232788 0.8054887652397156 -2.830255268439265
0.9270178079605103 0.8011288642883301 -2.8296482594395407
0.9121447205543518 0.7963637709617615 -2.8283114669117655
0.8983440399169922 0.7919647693634033 -2.827455996304432
0.8845928907394409 0.787574291229248 -2.8273184317755815
0.8709237575531006 0.7832509279251099 -2.8274183288476844
0.8570022583007812 0.7788782715797424 -2.8286790958977144
0.8419982194900513 0.7740837931632996 -2.8298342196732045
0.8243000507354736 0.7684698104858398 -2.830569755551093
0.8101532459259033 0.7639429569244385 -2.830681088645863
0.7951658964157104 0.7592686414718628 -2.830681088645863
0.7813808917999268 0.7548146843910217 -2.8296392043663143
0.7676217555999756 0.7504165768623352 -2.8286399988111657
0.7538078427314758 0.7460712194442749 -2.8284387588872657
0.7396165132522583 0.7415516376495361 -2.828807086378985
0.7209394574165344 0.735473096370697 -2.829488033156955
0.7113144397735596 0.7322912216186523 -2.8301656170745635
0.6933059692382812 0.7263471484184265 -2.8305110627336894
0.6785325407981873 0.7215695977210999 -2.830355384135462
0.6647407412528992 0.7170274257659912 -2.830566132027585
0.6508526802062988 0.7127166390419006 -2.8295261860483887
0.6370028257369995 0.7082877159118652 -2.8295261860483887
0.6233096718788147 0.7038826942443848 -2.8310300969690028
0.6046088337898254 0.6978195309638977 -2.8324310814466624
0.5905237197875977 0.6931987404823303 -2.8333210797133597
0.5766463875770569 0.6888307332992554 -2.8331134561857856
0.5625223517417908 0.684388279914856 -2.8329408201814563
0.5482802987098694 0.6799189448356628 -2.83192511044596
0.5341463685035706 0.6757376790046692 -2.8314823880783626
0.5207319259643555 0.6713451743125916 -2.8313684472095413
0.5067782998085022 0.6668803095817566 -2.8309943701231766
0.4922499358654022 0.6623260378837585 -2.8306188812382747
0.4740237295627594 0.6564800143241882 -2.8309018549920704
0.46054399013519287 0.652048647403717 -2.830849659008044
0.4461948573589325 0.6472345590591431 -2.830263620228733
0.4320070445537567 0.6426488161087036 -2.8300132834324123
0.41834503412246704 0.6382817625999451 -2.8296096538999467
0.4042288661003113 0.6337624788284302 -2.8294713298105267
0.39020875096321106 0.6294103860855103 -2.830011153236762
0.3760434091091156 0.624695360660553 -2.8304636653845057
0.3579614758491516 0.6190463900566101 -2.830289583879909
0.3437137007713318 0.6143935918807983 -2.83017756282014
0.32952266931533813 0.6098647713661194 -2.828914401934438
0.31530654430389404 0.6053006052970886 -2.8278384415198006
0.30179429054260254 0.60080885887146 -2.8273155765162867
0.2877167761325836 0.5961793661117554 -2.8273155765162867
0.27373766899108887 0.5916831493377686 -2.826679481040809
0.2594677805900574 0.5871520638465881 -2.8267206931227022
0.24101191759109497 0.5813009142875671 -2.8276939441481117
0.2270868718624115 0.5766626000404358 -2.8281893761511303
0.21319060027599335 0.5722513198852539 -2.8284792746058978
0.19945605099201202 0.5677767395973206 -2.8292639425511807
0.18551838397979736 0.5633391737937927 -2.829224364050049
0.17140790820121765 0.5587943196296692 -2.830531087410829
0.15742558240890503 0.554386556148529 -2.831062095526979
0.14313018321990967 0.5499200224876404 -2.831062095526979
0.12499667704105377 0.54392409324646 -2.831357971764426
0.11091887205839157 0.5394985675811768 -2.8313352775259704
0.09660053253173828 0.5350260734558105 -2.830210202159554
0.0825498178601265 0.5305827856063843 -2.8289916303948552
0.0690138041973114 0.5262761116027832 -2.8278870381729595
0.054862745106220245 0.5217780470848083 -2.826767224061706
0.04082062467932701 0.5173606872558594 -2.8266108035597206
0.026430096477270126 0.5128536224365234 -2.826607268240721
0.0081821009516716 0.5070725679397583 -2.8277032407871316
['cliff_front_right']
-0.0059927296824753284 0.5025309920310974 -2.827093597348533
['cliff_front_left', 'cliff_front_right']
-0.014844903722405434 0.4997022747993469 -2.8275644688445203
-0.017077622935175896 0.49896734952926636 -2.827985049891193
-0.016845136880874634 0.4991562068462372 -2.825953001666681
['cliff_front_right']
-0.013295406475663185 0.5003739595413208 -2.8227493624294664
-0.007486239075660706 0.5022868514060974 -2.8244202086563623
-0.00041160592809319496 0.5046496987342834 -2.82436081708824
0.010180932469666004 0.5081827044487 -2.8242220929543165
0.01764003559947014 0.5106623768806458 -2.8234200462325547
0.02499031275510788 0.5131871700286865 -2.8232560060810235
0.03236009180545807 0.5156762599945068 -2.82292341841369
0.039405155926942825 0.5180414915084839 -2.8222723234184612
0.04682452604174614 0.5204880237579346 -2.8215987749371796
0.05392932519316673 0.5229726433753967 -2.8211450450801614
0.05952223390340805 0.5249888896942139 -2.820619375800911
0.06501651555299759 0.5265800356864929 -2.8017363441868945
0.06741110980510712 0.5274567008018494 -2.7744841682092805
0.06927576661109924 0.5280324220657349 -2.7465231371026517
0.06879741698503494 0.528163492679596 -2.7324299983356943
0.06834935396909714 0.5281673073768616 -2.7309465134805566
0.06873981654644012 0.5281162858009338 -2.7054455129347676
0.06907634437084198 0.5279633402824402 -2.6533286763172876
0.06844574958086014 0.5279697179794312 -2.6014182079712707
0.06806986778974533 0.5280664563179016 -2.5377752647396785
0.06800130754709244 0.5284281373023987 -2.492229970139758
0.06823617219924927 0.5284473896026611 -2.4478123187995497
0.06828777492046356 0.5286159515380859 -2.399169925640546
0.06787309795618057 0.5287363529205322 -2.352548131224475
0.06780872493982315 0.5289382338523865 -2.3042362079126577
0.06762120872735977 0.5291211009025574 -2.2562504165081196
0.06737592816352844 0.5291061997413635 -2.2097163051807063
0.06726247072219849 0.5292922854423523 -2.1473920062970513
0.06700845807790756 0.5292680859565735 -2.098752044636951
0.06688904762268066 0.5293674468994141 -2.052591866610351
0.06678645312786102 0.5295394062995911 -2.004729741244807
0.06658271700143814 0.5295612812042236 -1.9579493852962462
0.0663600042462349 0.5295739769935608 -1.9095295211678565
0.06617151945829391 0.5296618342399597 -1.8628440445625347
0.06593666970729828 0.5296364426612854 -1.8160038958296927
0.06582322716712952 0.5298406481742859 -1.7514703768555788
0.06558901816606522 0.5297620296478271 -1.7029840806707044
0.06542263180017471 0.529841423034668 -1.655266942513833
0.06523329764604568 0.5298803448677063 -1.6082353553026876
0.06512359529733658 0.5298805832862854 -1.5607315433798215
0.06495820730924606 0.5299064517021179 -1.5139777093978932
0.06469836831092834 0.5298169255256653 -1.465820083357443
0.064690500497818 0.5294299125671387 -1.4192632038857207
0.06499963998794556 0.526076078414917 -1.3645574789181232
0.06587450951337814 0.5217633247375488 -1.3279840929118907
0.0674145370721817 0.5158290266990662 -1.2970166538356365
0.06948172301054001 0.5081843137741089 -1.2731918654867422
0.07208623737096786 0.4993108808994293 -1.2542834128025562
0.07544193416833878 0.48897311091423035 -1.2394893069122412
0.07939057052135468 0.4774574935436249 -1.229746003035214
0.08381740748882294 0.464517205953598 -1.226000566762809
0.09050878137350082 0.44585394859313965 -1.2276328062988562
0.0952954888343811 0.43202975392341614 -1.228693493114866
0.10007715225219727 0.41851603984832764 -1.2295105456713342
0.1049739196896553 0.4049251973628998 -1.2307664642092206
0.10968063026666641 0.3912709355354309 -1.2308058299384237
0.11436780542135239 0.3774908185005188 -1.2300023432899678
0.1190810576081276 0.36374571919441223 -1.2290030675753665
0.1238207072019577 0.35034406185150146 -1.2286063159388056
0.130088672041893 0.3321610987186432 -1.22804480041049
0.13463884592056274 0.31848278641700745 -1.2288737741161193
['bump_right']
0.13947643339633942 0.3046903610229492 -1.2304230356592052
0.14392417669296265 0.2967167794704437 -1.2366125098264735
0.14367878437042236 0.297808438539505 -1.244975208964833
0.1427685022354126 0.2996290922164917 -1.244093400832133
0.1408713459968567 0.3037277162075043 -1.2414232210361216
0.1386222094297409 0.30944380164146423 -1.2412076453888992
0.1353532075881958 0.31798967719078064 -1.2433810385078654
0.13296329975128174 0.3246573805809021 -1.2434996178137447
0.13050943613052368 0.3313947021961212 -1.243465157969535
0.12827810645103455 0.337586373090744 -1.2437062700179387
0.12597861886024475 0.3438938558101654 -1.244090544890188
0.12356646358966827 0.35056713223457336 -1.2443660850012856
0.12134076654911041 0.35680368542671204 -1.244366015524567
0.11894890666007996 0.3631801903247833 -1.2445880298098266
0.11581788212060928 0.3719504773616791 -1.2458181483378512
0.11326616257429123 0.3785477578639984 -1.2458181483437591
0.11126762628555298 0.38437753915786743 -1.246681710117272
0.11036483198404312 0.3873150646686554 -1.2450983487245428
0.11038831621408463 0.3871931731700897 -1.2451937639172652
0.1106153205037117 0.3871222734451294 -1.226148794272396
0.11070649325847626 0.38732755184173584 -1.1780097411270374
0.11063704639673233 0.3874336779117584 -1.1260729041800583
0.11038240045309067 0.3872392475605011 -1.0609106961512011
0.11037671566009521 0.3870910704135895 -1.0117967888086346
0.11021213978528976 0.3869816064834595 -0.9650189147663165
0.10994628816843033 0.38677066564559937 -0.9165637806158744
0.10976193100214005 0.3868284225463867 -0.8703882757334562
0.10956787317991257 0.38677075505256653 -0.8210328133830672
0.1094357818365097 0.38674095273017883 -0.7748614385985388
0.109254390001297 0.3867452144622803 -0.7263205197695733
0.10903546214103699 0.3867281675338745 -0.6623607303406566
0.10884607583284378 0.38676565885543823 -0.6158489224995898
0.10868696868419647 0.386617511510849 -0.5678656519306952
0.10859755426645279 0.3864501118659973 -0.519679548846887
0.10836907476186752 0.3863947093486786 -0.47235531283987275
0.10817032307386398 0.3863433301448822 -0.4231179966740025
0.10809710621833801 0.3861684203147888 -0.37670663553366684
0.10788725316524506 0.3859979212284088 -0.3303972417258801
0.1076698750257492 0.38593974709510803 -0.26635063359846267
0.1075863316655159 0.38583651185035706 -0.2196440424902006
0.10738265514373779 0.3856950104236603 -0.17348841786033548
0.10723226517438889 0.385626882314682 -0.12620524361456154
0.10705406963825226 0.38560324907302856 -0.07863506594542066
0.10697221755981445 0.3853631615638733 -0.03210234008975078
0.10680950433015823 0.38533496856689453 0.014090226991304347
0.10678038746118546 0.38521313667297363 0.07769557438223654
0.10766792297363281 0.3852391242980957 0.12298136638850048
0.11044470220804214 0.3855806589126587 0.16189349293882155
0.11473006755113602 0.38634976744651794 0.19531432770600574
0.1206500232219696 0.38757503032684326 0.22489037493116057
