num_particles,robot_radius_m,square_size_m,selection_strategy,weight_strategy,clear_x_y_noise,clear_theta_noise,collide_x_y_noise,collide_theta_noise
2000,0.2032,0.1,Weighted,MinPose,0.0007,0.0002°,0.032,0.6200°

succeeds,num_iterations,transcript_length,duration,mean_iteration_time,max_iteration_time,closest_particle_rank,closest_particle_to_actual,best_particle_to_actual,farthest_particle_to_actual,odometry_to_actual,open_frontier,all_frontier,all_space,num_obstacles,map_area
0,3820,3931,5.5588093,1.455566719036397,4.290699999999999
0,3656,3931,9.2432622,2.5289363064295487,2.5289363064295487
0,3275,3931,9.0946471,2.777839676237019,4.2518
0,3342,3931,9.522727,2.8502624962586047,3.1338
0,3805,3931,11.5368058,3.032809095688749,3.1094999999999997
0,3820,3931,11.2151368,2.936668447237497,4.0812
0,3342,3931,9.1403689,2.735818287937743,2.9027
0,3275,3931,8.9554954,2.7353376298106293,3.8009
1,3931,3931,12.1720398,3.097211145038168,3.097211145038168,3,0.48332115677785004,0.6009060480013774,0.6444260526285807,0.6033167791713976,59,108,640,31,11.500000000000002
0,3275,3931,8.6898956,2.6542136835675016,2.65473282396088
1,3931,3931,11.3352712,2.8842929262086514,3.6149,1679,1.0107820765031623,1.3372600863457953,1.3375874489918862,0.6033167791713976,66,109,705,30,11.760000000000002
1,3931,3931,11.1349618,2.833323613231552,2.833559200814457,953,1.0183314613741794,1.1965833646042672,1.3039328281013802,0.6033167791713976,50,99,688,29,10.250000000000002
0,3656,3931,9.8093717,2.6838226265389875,3.9185000000000003
0,3820,3931,10.7570497,2.816718957842367,2.816718957842367
0,3805,3931,9.9488738,2.6153716614090428,3.4981999999999998
0,3816,3931,10.4736786,2.745394128440367,3.3747
0,3656,3931,9.0626128,2.4795110259917923,2.4795110259917923
0,3902,3931,9.9037397,2.538769469366829,2.538769469366829
0,3809,3931,9.6110434,2.5239084558823532,3.5128999999999997
0,3342,3931,7.6863238,2.3006057467824004,5.2787
0,3275,3931,7.7163872,2.3568684178375077,2.357418954448181
0,3809,3931,9.965829,2.617076943277311,2.857
0,3275,3931,7.8032665,2.3834045510079416,2.4874
1,3931,3931,11.7443699,2.9883892875318065,2.9886047109752987,1997,0.3598699318875617,0.6380228112366366,0.6380228112366366,0.6033167791713976,57,96,643,28,10.5
1,3931,3931,10.4038582,2.647292162849873,4.408399999999999,67,1.250701005794581,1.3431703187454427,1.4685040847189355,0.6033167791713976,65,112,654,27,10.920000000000002
0,3656,3931,9.9249094,2.715433488372093,2.7889
0,3656,3931,10.3023568,2.818702270861833,3.6944999999999997
1,3931,3931,11.4631803,2.9168397709923664,3.2783,1,0.9388363766467341,0.9388363766467341,1.1651299088450768,0.6033167791713976,61,105,687,29,11.18
0,3275,3931,9.0338683,2.7592755956017103,2.9456
0,3342,3931,9.453469,2.829532774618378,2.8372205308114706
1,3931,3931,12.2623465,3.1201899491094145,3.9328000000000003,1895,0.39852465492522055,0.51470984081943,0.6102392687921996,0.6033167791713976,63,107,629,29,10.8
0,3342,3931,9.5754478,2.86604244238252,5.8914
0,3275,3931,8.6938616,2.6554250458155164,4.3745
0,3656,3931,9.7985348,2.680857674418605,3.522
0,3421,3931,9.099692,2.66072865497076,2.665625359976491
0,3275,3931,10.2665298,3.1357757483200976,3.2148
0,3275,3931,16.9660757,5.182063439218083,5.8908
0,3275,3931,10.7462622,3.2823036652412956,6.5173000000000005
0,3656,3931,10.0032005,2.7368537619699045,3.6909
1,3931,3931,10.4374821,2.65584786259542,2.6588408962868115,1888,0.8952074820201352,1.228304486261374,1.228304486261374,0.6033167791713976,57,104,682,28,11.070000000000002
0,3656,3931,9.2595962,2.533405253077975,4.3715
1,3931,3931,10.5120288,2.6748164885496184,3.8727,2,0.8345664524690175,0.8411080831515473,1.1370703313508244,0.6033167791713976,61,107,651,28,10.080000000000002
0,3275,3931,8.0090855,2.4462692425167987,3.2098999999999998
0,3272,3931,8.4463361,2.582187740752064,2.582187740752064
1,3931,3931,11.3810396,2.8959388295165396,3.7845,546,0.47948238267486964,0.5151120946815726,0.8117155396053186,0.6033167791713976,64,107,635,31,10.5
0,3275,3931,8.5881065,2.623123549175321,2.6239501681442987
0,3902,3931,11.0971855,2.844702768520892,3.6803
0,3820,3931,11.2962703,2.9579131448023044,3.8017
1,3931,3931,12.6027877,3.2068162086513996,3.3244,1,0.8024107574992272,0.8024107574992272,1.1159116722921099,0.6033167791713976,83,126,661,28,11.500000000000002
0,3342,3931,9.5265986,2.851421310984735,3.3124000000000002
0,3273,3931,9.0138503,2.7548442237163813,3.4224
0,3275,3931,9.0700905,2.770339187538179,3.6679
0,3275,3931,4.3770097,1.336899725106903,2.7966
0,3275,3931,4.9439937,1.5100774893097129,2.0039
0,3820,3931,10.4544398,2.7374809636030375,2.7374809636030375
1,3931,3931,12.2856954,3.126131145038168,3.127191441670912,1691,0.7909618655882292,1.0469391504089727,1.0469391504089727,0.6033167791713976,68,115,638,29,11.25
0,3820,3931,11.6209638,3.0429336999214454,3.1641999999999997
0,3820,3931,10.7227868,2.807747263681592,2.807957752750131
0,3656,3931,9.9408924,2.719806402188782,2.719806402188782
1,3931,3931,10.9352073,2.782495496183206,2.7856360030706244,1398,0.3479415409619459,0.6100461014305144,0.6540008187637452,0.6033167791713976,63,105,622,31,10.32
0,3270,3931,8.5345891,2.6107644845518503,3.0938
0,3275,3931,8.2995364,2.534983628588882,2.534983628588882
0,3820,3931,10.2143486,2.6746134066509555,3.1648
0,3809,3931,10.4528864,2.744980672268908,3.3057
0,3806,3931,10.9685172,2.8826589224704335,2.8826589224704335
1,3931,3931,10.6221453,2.7028359541984734,2.7034623790117167,178,0.7048320248564293,0.9098857892813735,0.9343286933795374,0.6033167791713976,65,109,678,31,10.75
0,3656,3931,9.3669829,2.5627860191518472,3.0431999999999997
1,3931,3931,10.2321945,2.6036118320610684,3.1592000000000002,1983,0.2894880740676649,0.492148662747786,0.5396565737279092,0.6033167791713976,61,109,620,31,11
0,3810,3931,10.8492943,2.848331399317406,2.848331399317406
0,3658,3931,10.0108613,2.7374518184304075,2.8119
0,3817,3931,10.2286375,2.6804605607966456,2.9099
1,3931,3931,10.9941908,2.797504020356234,2.798791964285714,1,0.34228309449482414,0.34228309449482414,0.5952017199105916,0.6033167791713976,64,107,611,28,10.080000000000002
0,3656,3931,10.1421082,2.7748586046511625,4.3438
0,3421,3931,9.41113,2.7517923976608185,3.6441999999999997
0,3809,3931,11.6402667,3.056792725840336,3.056792725840336
1,3931,3931,12.2599726,3.119585903307888,3.1203885714285717,1998,1.235143016017173,1.4569735130550765,1.4658655195414383,0.6033167791713976,65,106,695,31,11.070000000000002
1,3931,3931,12.2202767,3.1094851653944016,3.1119911247130836,523,0.19440450156994263,0.4081319788101605,0.4220499353663264,0.6033167791713976,65,107,643,29,10.8
0,3656,3931,10.6126109,2.9035871135430917,2.9035871135430917
0,3656,3931,10.653241,2.91470341997264,2.91470341997264
0,3656,3931,5.6319957,1.5409016963064297,2.9705999999999997
1,3931,3931,8.4819909,2.1582674045801524,2.1583002038735986,52,1.131191292157475,1.4000137802362742,1.4033839573404263,0.6033167791713976,70,120,699,28,11.760000000000002
1,3931,3931,11.2392001,2.859847353689567,4.0706,1870,0.26829977574219976,0.5925552658577642,0.5925552658577642,0.6033167791713976,59,98,634,29,10.080000000000002
0,3275,3931,8.592903,2.6245885766646304,2.6245885766646304
0,3275,3931,8.0819719,2.4685314294441048,2.4685314294441048
0,3656,3931,9.4609928,2.588506922024624,2.588506922024624
1,3931,3931,10.8414128,2.7586292111959287,2.759841840897501,99,0.6869904012955987,0.8162171797358729,1.006931124400471,0.6033167791713976,56,102,613,29,10.32
0,3656,3931,9.1653667,2.507624268125855,2.507624268125855
0,3342,3931,8.4779694,2.5375544447770126,2.5551285845027456
0,3656,3931,9.7844879,2.6770144733242134,3.3246
0,3656,3931,10.1144626,2.7672948290013677,2.7672948290013677
1,3931,3931,10.1721429,2.5883315267175573,2.5930709526288394,1958,0.7548821809704231,1.0983685050838952,1.1001771634814603,0.6033167791713976,53,100,667,29,11.480000000000002
0,3657,3931,9.135993,2.498903993435448,2.9859
1,3931,3931,10.5260118,2.6783745038167934,2.6816032778489114,1948,0.3993872081811373,0.7541437643209539,0.7541437643209539,0.6033167791713976,60,99,638,29,10.080000000000002
0,3275,3931,8.2156647,2.509366127061698,3.4934
0,3820,3931,10.6531648,2.78951683686829,2.8598999999999997
0,3820,3931,10.3107734,2.699862110500131,2.699862110500131
0,3275,3931,8.494871700000001,2.5946462125839957,2.9570999999999996
0,3275,3931,8.6799775,2.6511843310934635,3.3495999999999997
0,3820,3931,12.022684,3.1481235925634983,4.207
0,3820,3931,11.6698972,3.0557468447237497,3.3289
0,3275,3931,9.2393722,2.8220440439828955,4.5996
0,3810,3931,11.746714,3.0839364662641113,3.7527
0,3822,3931,11.0858643,2.901299214865219,2.901299214865219
0,3275,3931,8.9347004,2.7289860720830785,2.7289860720830785
0,3656,3931,10.002752,2.7367310533515727,3.0127
0,3656,3931,10.0988645,2.763027222982216,3.7529
0,3342,3931,8.9090443,2.666580155642023,2.666580155642023
0,3275,3931,8.420459,2.5719178375076357,2.5719178375076357
0,3656,3931,9.8945966,2.707139972640219,2.707139972640219
0,3811,3931,10.759026800000001,2.8238915485564307,2.8238915485564307
0,3342,3931,8.2492782,2.469104519604908,2.5633
0,3275,3931,7.9923454,2.4411562003665237,2.7601999999999998
0,3275,3931,7.9913263,2.4408449297495416,2.8076
0,3658,3931,9.1587961,2.504456138911676,2.5644
0,3342,3931,7.8470544,2.348714277162526,2.4558
0,3820,3931,9.5406546,2.4982075412411624,2.5507
1,3931,3931,10.3342411,2.6295778880407124,2.6312206790911414,1996,0.7944382997043463,1.0353224649978496,1.0353224649978496,0.6033167791713976,67,107,644,32,10.32
1,3931,3931,10.4580604,2.6610840712468193,2.662664471669219,3,0.3623077169654667,0.36424844752362934,0.7007815529931538,0.6033167791713976,58,100,650,29,10.75
0,3820,3931,5.8612065,1.5347490180675567,2.599
1,3931,3931,5.6609989,1.440457735368957,1.86,3,0.8239597045076097,0.99681240617409,1.0532246956573603,0.6033167791713976,66,116,637,29,12.22
1,3931,3931,5.4767409,1.3935727480916031,2.219,1499,0.3292323204179714,0.6453980050254475,0.6453980050254475,0.6033167791713976,64,105,652,27,10.920000000000002
0,3900,3931,5.4256435,1.3915474480636059,2.0257
0,3656,3931,4.9591857,1.3568223529411765,1.8295
0,3275,3931,4.3666476,1.3337347587049482,1.8042
0,3275,3931,4.3179787,1.318869486866219,1.9298
1,3931,3931,5.6482398,1.4372111450381677,1.8485,21,1.0471498674791018,1.1379693987211632,1.3109072447623493,0.6033167791713976,60,104,669,33,10.75
0,3342,3931,4.4457295,1.3306583358275963,1.8436
1,3931,3931,5.458286,1.388876844783715,1.7959,2,0.3232060911836687,0.33499581179241156,0.5840593195356844,0.6033167791713976,60,102,638,29,10.5
0,3656,3931,4.8627464,1.3304367715458276,1.9848000000000001
0,3810,3931,5.3892318,1.4148678918351274,1.8673
0,3656,3931,4.9191005,1.3458551299589603,1.8163
0,3820,3931,5.4074683,1.4159382822728461,1.8166
1,3931,3931,5.5038751999999995,1.4004771501272264,2.1766,4,0.8734703234779003,1.237143346889656,1.237143346889656,0.6033167791713976,53,101,660,31,10.5
0,3820,3931,5.3550327,1.4022080911233306,2.1732
0,3275,3931,4.280903,1.307545204642639,1.8512
1,3931,3931,5.5610117,1.415015699745547,2.2639,45,1.1403368763660522,1.3154350458987774,1.4367947107790775,0.6033167791713976,82,129,694,29,11.760000000000002
0,3656,3931,4.9343779,1.3500349931600548,1.8887
0,3656,3931,4.8529695,1.3277618331053351,1.8348
0,3820,3931,5.4300296,1.4218459282534694,2.1451000000000002
1,3931,3931,5.6081793,1.4270176335877862,1.8561,1895,0.18427572873516404,0.4276592555030188,0.4276592555030188,0.6033167791713976,60,103,643,29,10.560000000000002
1,3931,3931,5.4007012,1.3742242239185751,1.8319,42,0.3459595772228927,0.46147303119186717,0.8212015296518372,0.6033167791713976,63,105,623,28,10.5
0,3342,3931,4.2448035,1.2705188566297516,1.8919
0,3900,3931,5.403052,1.3857532700692485,1.9204999999999999
0,3820,3931,5.2195395,1.3667293794186959,1.907
1,3931,3931,5.3816634,1.3693799999999998,2.3319,1236,0.3471840296462223,0.6719699050810441,0.6719699050810441,0.6033167791713976,60,103,628,29,10.080000000000002
0,3275,3931,4.2859469,1.3090857971899816,2.2217000000000002
1,3931,3931,5.5973861,1.424271272264631,2.176,585,1.1807858265041402,1.3986224336512905,1.4464003389642504,0.6033167791713976,59,105,691,29,10.660000000000002
1,3931,3931,5.7229611,1.4562241984732827,2.0465,1952,0.4057954898618333,0.6168101181134541,0.6168101181134541,0.6033167791713976,62,109,637,28,10.8
0,3820,3931,5.3932969,1.4122275202932706,1.7742
0,3342,3931,4.4849789,1.3424061358874588,1.9018
0,3656,3931,5.0291916,1.3759758139534883,1.7976999999999999
0,3342,3931,4.3731860000000005,1.3089452259802457,3.4199
0,3273,3931,4.3558463,1.3312488691931539,2.0006
0,3275,3931,4.3491746,1.3283978619425776,1.856
1,3931,3931,5.7263095,1.4570762086513995,1.7749000000000001,1920,0.48672158289687645,0.7127635821236736,0.7127635821236736,0.6033167791713976,69,108,644,30,11.040000000000003
1,3931,3931,5.4547319,1.3879724936386768,1.8755,75,0.310150057480857,0.6859202864854976,0.6914733490313462,0.6033167791713976,57,103,646,29,9.840000000000003
1,3931,3931,5.4743282,1.3929588295165396,2.2882000000000002,5,1.299677000295324,1.5781791513392613,1.6558506420350612,0.6033167791713976,84,132,693,30,11.340000000000002
1,3931,3931,5.5032527,1.4003187531806616,2.3339,1,0.8044614446462554,0.8044614446462554,1.1353097523667148,0.6033167791713976,50,97,647,30,10.75
0,3275,3931,4.267389,1.3034175320708612,1.8452
1,3931,3931,5.4971732,1.3987718066157762,1.7428000000000001,4,0.7857674472713976,0.7904123815856484,1.126952054009314,0.6033167791713976,51,94,637,28,10.75
0,3656,3931,4.8613651,1.330058850889193,1.8656
1,3931,3931,5.5507013,1.4123921882951653,1.8841999999999999,1871,0.7154617079186982,1.00457787310213,1.0184893112295055,0.6033167791713976,56,104,629,30,10
0,3656,3931,4.9285388,1.3484374281805747,2.8084
1,3931,3931,5.4869925,1.3961812977099237,1.7378,54,0.7775122591836398,0.9336651708550481,1.0470636718906325,0.6033167791713976,53,95,646,30,10.080000000000002
0,3656,3931,4.9108749,1.3436046238030095,1.8703999999999998
0,3342,3931,4.2723206000000005,1.2787550434001798,1.8573000000000002
0,3275,3931,4.4106526,1.3471755039706779,1.9356
0,3656,3931,4.9420036,1.352121367989056,1.83
0,3656,3931,4.9679727,1.3592264569083445,1.8542999999999998
0,3275,3931,4.3219571,1.320084636530238,1.8188
0,3656,3931,4.9503430999999996,1.3544030369357043,2.9901
1,3931,3931,5.5885348,1.4220190330788802,2.5649,6,0.41695975548004127,0.45570550274171506,0.6509271917861669,0.6033167791713976,65,107,610,32,10.560000000000002
0,3656,3931,5.0177407,1.3728428727770179,2.4889
0,3275,3931,4.3732328,1.3357461209529629,1.8291
1,3931,3931,5.6691858,1.4425409160305345,2.0157,1014,0.18959204180576264,0.45499447384868097,0.8056433922218056,0.6033167791713976,69,113,639,29,11.500000000000002
0,3342,3931,4.3477438,1.3013300808141275,2.265
0,3272,3931,4.2436027,1.297341088352186,1.8749
1,3931,3931,5.2706938,1.3411434605597965,1.8126,607,0.33140987470149086,0.671768019141798,0.6725197286532917,0.6033167791713976,69,107,626,26,9.840000000000003
0,3656,3931,4.9221742,1.3466960875512994,1.7807000000000002
0,3902,3931,5.4044033,1.3853892078954113,1.7865
0,3810,3931,5.4929052,1.442085901811499,2.0644
0,3275,3931,4.3403679,1.3257079718998168,1.9051
0,3275,3931,4.5445276,1.3880658521686011,1.8201999999999998
0,3275,3931,4.2221935,1.2896131643249849,2.0409
0,3275,3931,4.2513346,1.2985139279169213,1.8787
0,3275,3931,4.214031,1.287120036652413,1.8082
0,3820,3931,5.0702629,1.3276415030112596,1.8065
1,3931,3931,5.5436195999999995,1.4105902290076335,1.8994000000000002,42,0.40472210100940753,0.42409199106084955,0.6174446386649788,0.6033167791713976,66,108,625,30,10.560000000000002
0,3820,3931,5.2192602,1.3666562450903377,9.6865
1,3931,3931,5.5699941,1.4173012977099237,1.7895,2,0.7683291319360882,0.7899100269536696,1.0756228414176028,0.6033167791713976,55,98,645,29,10.5
0,3656,3931,4.8712809,1.3327717920656637,1.8283
0,3270,3931,4.2327774,1.2948233098806974,1.8201999999999998
0,3275,3931,4.2694885,1.304058796579108,1.8286
1,3931,3931,5.4133924,1.3774535368956744,2.0343,5,1.0045240537004476,1.1329310358239757,1.2221880354604724,0.6033167791713976,57,99,660,32,10.250000000000002
0,3275,3931,4.2970171,1.312467043372022,1.8672
0,3342,3931,4.2949064,1.285515234959593,2.1784999999999997
1,3931,3931,5.5015114,1.3998756743002545,4.3652,16,0.32150697940881773,0.47923781405435106,0.8345729119263884,0.6033167791713976,64,102,626,30,10.5
0,3275,3931,4.3115553,1.3169075442883322,1.8113000000000001
0,3656,3931,5.0068035,1.3698504787961696,1.8684
1,3931,3931,5.4625896,1.3899719083969466,1.7868000000000002,528,0.9037164973974967,1.1389187568256964,1.1818794847837133,0.6033167791713976,59,107,669,27,10.920000000000002
0,3275,3931,4.3271342,1.3216659132559558,2.0019
0,3820,3931,5.3757365,1.4076293532338309,2.2535
1,3931,3931,5.6399797,1.4351093384223919,2.1668,285,0.09065841897201252,0.2954924459663915,0.3636124954963032,0.6033167791713976,49,95,614,31,10.560000000000002
0,3342,3931,4.3542894,1.3032892547141572,1.7986
0,3497,3931,4.7871614000000005,1.3693253432494281,2.1296
0,3272,3931,4.3088773,1.3172966371140324,1.9311
0,3274,3931,4.251111,1.2988423464711274,3.3621
0,3342,3931,4.2725889,1.2788353486979946,1.9776
1,3931,3931,5.4509233,1.3870033842239187,2.3964,2,0.6501662666898717,0.6553043888754765,0.9003326259283325,0.6033167791713976,49,94,654,33,10.080000000000002
0,3342,3931,4.3186796,1.292630829093086,1.8381
1,3931,3931,5.4544929,1.387911679389313,1.8816,1999,0.6556464336324479,0.9746345426461316,0.9746345426461316,0.6033167791713976,50,97,650,33,9.840000000000003
0,3656,3931,4.9031001,1.3414774555403557,1.8592000000000002
0,3656,3931,4.8498094,1.3268972366621068,1.8267
0,3275,3931,4.2253837,1.2905875687232744,1.7765000000000002
1,3931,3931,5.455301,1.3881173027989824,1.8957,1,0.5451670220875465,0.5451670220875465,0.7268076233030717,0.6033167791713976,64,107,648,31,10.5
1,3931,3931,5.4969142,1.3987059033078881,1.812,404,0.24739679897364794,0.3776909843260841,1.005639317759647,0.6033167791713976,51,96,643,32,10.8
0,3820,3931,5.3723981,1.4067551976957318,1.8872
1,3931,3931,5.5293,1.4069465648854962,1.8565999999999998,1983,0.41765491435885205,0.7010069873419948,0.7010069873419948,0.6033167791713976,63,106,635,30,10.8
0,3342,3931,4.3328108,1.2968604609398384,1.8276
0,3421,3931,4.5980209,1.3444505555555555,1.865
0,3805,3931,5.3501566,1.4064554679284964,1.874
1,3931,3931,5.6327666,1.4332739440203561,1.8312000000000002,1577,0.4991316790656135,0.7276623582786195,0.7276623582786195,0.6033167791713976,64,110,626,31,10.8
1,3931,3931,5.5163041,1.4036397201017812,1.8988,931,0.8258416545608736,0.9208233949876911,0.9809294273302088,0.6033167791713976,64,105,648,31,10.080000000000002
1,3931,3931,5.6078546,1.4269350127226463,1.8639999999999999,149,0.3332019978886142,1.07919690731688,1.07919690731688,0.6033167791713976,62,99,642,29,10.32
0,3275,3931,4.3884681,1.3403995418448382,2.1169000000000002
0,3275,3931,4.3216933,1.320004062309102,1.8003
0,3275,3931,4.2322758,1.29269266951741,1.8404
0,3275,3931,4.2648176,1.3026321319486864,2.0547999999999997
0,3820,3931,5.2931615,1.3860072008379156,1.7715
0,3656,3931,5.3281548,1.4577714911080712,1.8722999999999999
0,3275,3931,4.8208927,1.4724779169211974,1.8561999999999999
0,3820,3931,5.444812,1.4257166797590992,1.924
0,3275,3931,4.1509141,1.267841814294441,1.8951
0,3820,3931,5.2537384,1.3756843152657763,1.8252
1,3931,3931,5.4199137,1.3791129007633587,1.8245,1562,0.33037442678351836,0.6802124249687812,0.6802124249687812,0.6033167791713976,64,104,644,28,10.32
0,3275,3931,4.1804797,1.27687223579719,1.8659
0,3275,3931,4.1154484,1.2570092852779475,1.8225
0,3656,3931,4.8323715,1.3221262653898769,1.8102
0,3275,3931,4.1444578,1.2658698228466705,1.9537
0,3421,3931,4.2872985,1.2535960526315792,2.048
0,3656,3931,4.8418127,1.3247093570451438,2.4881
0,3656,3931,4.9655176,1.3585547469220247,1.8961
0,3342,3931,4.3217451,1.2935483687518707,1.7292
0,3275,3931,4.2356989,1.293738210140501,1.9361000000000002
0,3342,3931,4.3018804,1.2876026339419335,1.9401
0,3275,3931,4.3028119,1.3142369883934024,2.553
0,3820,3931,5.2972976,1.3870902330452999,1.7493999999999998
0,3656,3931,4.9860144,1.3641626265389877,1.8086
0,3820,3931,5.2637112,1.3782956794972507,1.9688
0,3656,3931,4.8591145000000004,1.3294430916552669,1.784
0,3901,3931,5.5898218,1.4332876410256412,1.8338
1,3931,3931,5.4421403999999995,1.3847685496183204,1.8539999999999999,579,0.689807304583101,0.8826662583914573,0.9365140324605742,0.6033167791713976,55,103,622,33,9.840000000000003
0,3656,3931,4.9669205,1.3589385772913816,2.3012
0,3656,3931,5.0738695,1.388199589603283,2.1753
0,3275,3931,4.2970625,1.3124809102015882,2.6256
0,3818,3931,5.3690103,1.406604741943935,2.0477
0,3275,3931,4.224062,1.2901838729383017,2.4265
0,3656,3931,4.8089981,1.3157313543091655,2.1028000000000002
0,3656,3931,4.8500581,1.3269652804377565,1.8844
0,3421,3931,4.5466755,1.3294372807017545,2.0167
1,3931,3931,5.3969327,1.3732653180661576,1.8489,735,0.4429538417116549,0.7149922537858701,0.7149922537858701,0.6033167791713976,51,99,635,30,10
1,3931,3931,5.5556928,1.4136622900763358,1.7915999999999999,1991,0.7220328588683694,0.8941725354023441,0.8941725354023441,0.6033167791713976,52,96,619,31,10.5
1,3931,3931,5.5348514,1.4083591348600508,1.8323,1104,0.8442511217269804,1.2146719973339344,1.2146719973339344,0.6033167791713976,63,104,667,31,10.660000000000002
0,3820,3931,5.3709445,1.4063745744959415,3.8945
0,3820,3931,5.1989356,1.3613342759884788,1.8362
0,3275,3931,4.2052362,1.2844337813072695,1.774
0,3820,3931,5.0975555,1.3347880335166276,2.1940000000000004
0,3656,3931,4.9167049,1.3451996990424075,1.9053
0,3275,3931,4.188447,1.2793057422113623,1.7867
0,3656,3931,4.9022696,1.3412502325581397,2.6364
0,3820,3931,5.4125157,1.4172599371563237,1.8944
0,3656,3931,5.0762306,1.3888455813953489,2.0368
1,3931,3931,5.4037469,1.3749992111959288,2.2439,702,0.33400137442333355,0.723855233893468,0.723855233893468,0.6033167791713976,59,100,623,27,10.080000000000002
0,3275,3931,4.3518514,1.3292154551007942,2.0353
1,3931,3931,5.4288222,1.3813796946564885,1.8261,2,0.36968925399263186,0.3808296238750088,0.6251759474410356,0.6033167791713976,55,100,619,30,10.32
1,3931,3931,5.3846954,1.3701515012722645,1.8967,1,1.1554275548740485,1.1554275548740485,1.4603139614675593,0.6033167791713976,71,117,703,30,11.760000000000002
0,3656,3931,5.0057815,1.3695708618331053,1.8067
1,3931,3931,5.3947066,1.3726988804071247,4.4809,1,0.9269216188113895,0.9269216188113895,1.2080170177560112,0.6033167791713976,58,101,637,29,10.32
0,3656,3931,4.8707738,1.332633050615595,1.9135
0,3656,3931,4.8453211,1.325669247606019,1.8555
0,3808,3931,5.3922506,1.4164041502495401,1.9664000000000001
0,3275,3931,4.2544449,1.2994639279169213,1.7976999999999999
1,3931,3931,5.5294629,1.4069880152671757,2.1521,1735,0.08515407127804724,0.3598151007739708,0.3598151007739708,0.6033167791713976,60,109,631,31,10.8
0,3820,3931,5.4037955,1.4149765645456926,1.8131
0,3272,3931,4.295912,1.313332925710792,1.7991000000000001
1,3931,3931,5.382581,1.369613486005089,1.8550000000000002,412,0.9312366086631056,1.2536405395176808,1.2536405395176808,0.6033167791713976,51,99,634,30,10.080000000000002
1,3931,3931,5.5089716,1.4017739440203563,2.5644,1994,1.0771147691699825,1.305219039708057,1.305262593166438,0.6033167791713976,62,111,677,29,10.250000000000002
0,3342,3931,4.3103543,1.2901389703681532,1.9196
0,3273,3931,4.2710635,1.3053372555012226,1.8625
0,3656,3931,4.8712004,1.3327497674418607,2.1816
0,3274,3931,4.2387569,1.2950677971280171,2.1497
1,3931,3931,5.5845245,1.4209986005089057,1.7968000000000002,651,0.7049890528362917,0.8654841108409823,0.8975584630563921,0.6033167791713976,53,100,627,33,10.5
0,3820,3931,5.1823751,1.3569979313956533,1.84
0,3275,3931,4.3394487,1.3254272144166157,2.2281
0,3656,3931,5.0545087,1.3829025170998632,1.8508
1,3931,3931,5.5662444,1.4163471755725192,1.8266,1771,0.6410021271326306,0.7162237453403413,0.7183239493488638,0.6033167791713976,53,99,652,29,10.080000000000002
0,3342,3931,4.4114793,1.320406854235259,2.0349999999999997
0,3820,3931,5.2342905,1.3705919088766694,2.0476
0,3820,3931,5.6188023000000005,1.4712758051846033,1.8366
1,3931,3931,5.4514691,1.3871422646310432,2.2369999999999997,850,0.5166776069662178,0.8877521805968582,0.9240830779322771,0.6033167791713976,56,98,649,28,10.75
0,3656,3931,5.1255566,1.402341067031464,1.847
0,3805,3931,5.5583693,1.4611906677181914,1.811
0,3275,3931,4.3973996,1.3431275503970677,1.8422
0,3656,3931,5.0454469,1.3804232284541724,2.0040999999999998
0,3275,3931,4.9754072,1.5196723274282224,1.8259999999999998
0,3900,3931,5.6093924,1.438674634521672,1.9197000000000002
1,3931,3931,5.451466,1.387141475826972,2.1471,1872,1.2371443422572561,1.5177783513039915,1.5177783513039915,0.6033167791713976,80,130,683,31,10.660000000000002
0,3820,3931,5.3321423,1.3962142707515057,1.8538000000000001
0,3656,3931,4.8497121,1.3268706155950751,1.9364000000000001
0,3820,3931,5.3115267,1.390816103692066,1.8258
0,3275,3931,4.3115307,1.3169000305436773,1.7927
1,3931,3931,5.5877689,1.4218241475826972,1.8293000000000001,1706,0.48635673551357655,0.742548224800509,0.742548224800509,0.6033167791713976,65,110,621,28,10.8
1,3931,3931,5.7484996,1.4627225445292622,1.8236,446,0.5955336079707483,0.7591779978870296,0.778729656499392,0.6033167791713976,60,106,654,29,11.040000000000003
0,3656,3931,4.9651994,1.3584676880984954,1.9072
1,3931,3931,5.5225996,1.405241628498728,1.8813,1444,0.9474084805224561,1.1441594849025871,1.1973635857447187,0.6033167791713976,52,98,633,28,10.5
0,3820,3931,5.4041378,1.4150661953390942,1.8747
0,3275,3931,4.2919818,1.3109290775809408,1.8297999999999999
0,3820,3931,5.2479806,1.374176643100288,1.8247
0,3658,3931,4.9754042,1.3605152310637134,1.9324999999999999
0,3272,3931,4.3644001,1.334270895750535,1.8009
0,3275,3931,4.2944493999999995,1.311682773365913,1.8095999999999999
0,3275,3931,4.4400807,1.3561639279169213,1.8114999999999999
0,3342,3931,4.3936616,1.315073810236456,2.1273
0,3656,3931,4.8528912,1.3277404103967168,1.9016
0,3656,3931,4.9457691,1.3531516005471955,1.8222
0,3275,3931,4.328228,1.322,2.0033999999999996
0,3407,3931,4.5626665,1.339596741045214,2.0199
1,3931,3931,5.491919,1.3974348600508906,1.818,1897,0.3608372266106747,0.676715703367976,0.91817075136768,0.6033167791713976,62,101,638,28,10.080000000000002
1,3931,3931,5.5436256,1.410591755725191,1.8216,1803,1.1752309405624557,1.2417107216973364,1.3066289895855228,0.6033167791713976,56,108,681,28,11.070000000000002
0,3275,3931,4.2296964,1.2919048259010384,1.7822
0,3656,3931,4.8410292,1.3244949931600547,1.8374000000000001
0,3273,3931,4.2819116,1.3086526894865527,1.9151
0,3820,3931,5.3106441,1.3905849960722703,2.0439
0,3275,3931,4.2618554,1.3017273671350031,1.8056
0,3272,3931,4.2850102,1.3100000611433815,2.0335
0,3342,3931,4.3706848,1.3081965878479498,1.8370000000000002
0,3275,3931,4.2772355,1.3064250152718386,2.5578
0,3656,3931,4.8402892,1.3242925307797537,1.839
1,3931,3931,5.388765,1.3711870229007634,1.8423,1600,0.8855524644104263,1.2429472754929192,1.2429472754929192,0.6033167791713976,64,110,691,29,11.18
1,3931,3931,5.5470266,1.4114571501272264,2.5452,167,1.5148156369236716,1.6660001665638149,1.6838963969284695,0.6033167791713976,71,115,720,33,11.760000000000002
0,3656,3931,4.9649259,1.3583928590971273,1.8648
1,3931,3931,5.6121105,1.4280179389312977,1.8404,1994,0.2408890957241488,0.5240944789507335,0.5240944789507335,0.6033167791713976,61,106,621,30,11.25
0,3656,3931,5.1216231,1.4012648700410397,2.3858
0,3820,3931,5.4029982,1.414767792615868,1.9586000000000001
0,3820,3931,5.0567438,1.3241015449070435,1.8335000000000001
0,3820,3931,5.4313405,1.4221891856506939,4.0657000000000005
0,3820,3931,5.5436974,1.4516096884001048,1.8680999999999999
0,3809,3931,5.4569355999999996,1.4330188025210084,1.8458999999999999
0,3815,3931,5.4746866,1.4354186156266386,2.0052
0,3820,3931,5.3092526,1.3902206336737366,1.8629
0,3658,3931,5.186716,1.4182980585179108,1.8914
0,3820,3931,5.4973556,1.4394751505629746,1.8339
0,3342,3931,4.3748791,1.3094519904220294,1.7906
0,3656,3931,5.0762239,1.3888437482900136,1.8925999999999998
0,3820,3931,5.4640287,1.4307485467399843,1.8282
0,3656,3931,4.9461525,1.3532564979480164,1.8876
0,3421,3931,4.606256,1.3468584795321639,1.7847
1,3931,3931,5.5121265,1.4025767175572519,1.9193,1672,0.38038447832760325,0.7894252263564584,0.7894252263564584,0.6033167791713976,62,107,651,27,10.5
1,3931,3931,5.6455234,1.4365199491094147,1.8371,1947,0.35102426879308046,0.647725798143216,0.647725798143216,0.6033167791713976,64,104,653,28,10.920000000000002
0,3820,3931,5.2537382,1.375684262896046,1.8622
0,3656,3931,5.041333,1.3792976744186045,2.4493
1,3931,3931,5.6873793,1.4471703053435114,1.8222,1576,0.2983206332064911,0.5338506387642915,0.5338506387642915,0.6033167791713976,63,106,656,29,11.25
1,3931,3931,5.7211496,1.4557632569974557,2.0745999999999998,1995,0.8940294127451649,1.2357864477204694,1.2357864477204694,0.6033167791713976,54,103,653,30,10.250000000000002
0,3806,3931,5.2049869,1.3679334822601839,2.8257999999999996
0,3275,3931,4.3151142,1.3179945632254124,1.9503000000000001
0,3656,3931,4.9897095,1.3651735978112174,2.0999
1,3931,3931,5.6449435,1.4363723918575064,1.8575,1736,0.8580558937572896,1.089145676561635,1.089145676561635,0.6033167791713976,55,101,664,34,10.5
0,3898,3931,5.475743,1.4051175263022837,2.0577
1,3931,3931,5.5382931,1.4092348854961831,2.2350999999999996,1839,0.788902222270786,1.0306752806938244,1.0306752806938244,0.6033167791713976,55,105,652,29,10.32
0,3820,3931,5.2515485,1.3751108929039015,2.0753
0,3810,3931,5.3559622000000005,1.4061334208453664,1.7895999999999999
1,3931,3931,5.5950205,1.423669338422392,1.8832,123,0.5503413764348012,0.6834484360461385,0.806761976436953,0.6033167791713976,57,99,610,29,9.840000000000003
1,3931,3931,5.7471743,1.462385318066158,1.9143999999999999,1319,0.11203565010100058,0.36379542375973245,0.36379542375973245,0.6033167791713976,57,104,634,31,11.500000000000002
0,3275,3931,4.2541963,1.2993879963347588,1.8775
0,3820,3931,5.4241921,1.4203173867504584,1.9092
0,3656,3931,4.8756646,1.3339711627906976,1.8090000000000002
1,3931,3931,5.4993581,1.3993277608142494,1.9318,1,0.8620500096150969,0.8620500096150969,1.1889384362932207,0.6033167791713976,66,111,673,31,10.660000000000002
0,3275,3931,4.3159859,1.3182608124618205,1.9518
0,3270,3931,4.303476,1.3164502906087487,2.6531
1,3931,3931,5.5520753,1.4127418066157762,1.8113000000000001,493,1.343947897523611,1.5481498678899126,1.5894675027073901,0.6033167791713976,78,127,707,32,11.760000000000002
0,3421,3931,4.4960016,1.3146203508771928,2.2447
0,3656,3931,4.8988961,1.3403272503419972,1.7822
0,3275,3931,4.2272133,1.2911463958460596,1.8261
1,3931,3931,5.4409051999999996,1.3844542493638674,1.8481999999999998,446,0.6478498661947412,0.7583024025057853,0.9633075906248112,0.6033167791713976,67,112,697,31,11.760000000000003
1,3931,3931,5.4483193,1.386340788804071,2.3908,742,0.3585330915594643,0.5768709196272572,0.6245679227062841,0.6033167791713976,61,103,629,28,10.250000000000002
0,3656,3931,5.0326338,1.3769175923392614,1.8636
0,3274,3931,4.2518831,1.2990782462572563,1.8879000000000001
0,3275,3931,4.2029067,1.2837222663408674,1.882
0,3275,3931,4.2921622,1.3109841783750762,1.8512
1,3931,3931,5.6129115,1.4282217557251908,1.987,543,0.8863408376984458,1.1776070062634634,1.1781661335044766,0.6033167791713976,57,104,667,30,10.5
0,3271,3931,4.3715815,1.3368750764525992,1.8725
1,3931,3931,5.464623,1.3904893129770992,1.8756000000000002,1,0.5822705437924608,0.5822705437924608,0.8292264768621203,0.6033167791713976,52,96,659,30,10.080000000000002
1,3931,3931,5.5159449,1.4035483206106871,2.1113999999999997,1,1.0928177349283847,1.0928177349283847,1.3905466575126093,0.6033167791713976,80,121,712,29,12.47
1,3931,3931,5.4737902,1.392821933842239,1.8822999999999999,1943,0.8519914737020857,1.1356874689678267,1.1356874689678267,0.6033167791713976,57,103,667,30,10.920000000000002
0,3273,3931,4.2463332,1.2977790953545232,1.8793
0,3275,3931,4.3104179,1.3165601405009164,2.3368
0,3272,3931,4.3095145,1.3174914399266278,2.0565
0,3656,3931,4.9487206,1.353959124487004,1.7817
0,3656,3931,4.8999874,1.340625827633379,1.9007
0,3656,3931,4.9531069,1.3551592065663474,1.8328000000000002
0,3656,3931,5.0347503,1.377496662106703,3.5195
0,3656,3931,5.0010976,1.3682893570451433,1.85
0,3656,3931,4.868328,1.3319638850889195,2.8068
0,3820,3931,5.350219,1.4009476302697041,2.2312
1,3931,3931,5.4970892,1.3987504325699744,1.8992,5,0.5910820435173381,0.6168765659040355,0.9336805508269824,0.6033167791713976,61,102,609,30,10.080000000000002
0,3656,3931,5.0113018,1.3710812038303695,1.8749
0,3275,3931,4.2983255,1.3128666768478925,1.8365
0,3820,3931,5.3349208,1.3969418172296413,2.0573
0,3275,3931,4.3506649,1.3288530543677457,1.8436
0,3581,3931,4.805938,1.342440782122905,2.1015
1,3931,3931,5.2494156,1.3357291603053436,1.8133,2,0.4394923569326175,0.4537513109311955,0.7582574273662747,0.6033167791713976,49,90,634,25,10.080000000000002
0,3275,3931,4.3151713,1.3180120036652412,1.9172
1,3931,3931,5.4373183,1.3835415521628498,1.8184,1930,0.3120884179377224,0.6663815817471096,0.6663815817471096,0.6033167791713976,68,107,629,28,10.75
0,3820,3931,5.3879882,1.4108374443571614,1.8374000000000001
0,3275,3931,4.1937031,1.2809111484422724,1.8113000000000001
0,3809,3931,5.2366531,1.3751715073529411,1.8535
0,3656,3931,4.9208674,1.3463385499316005,1.8281
0,3275,3931,4.2855456,1.3089632254123396,1.8162
0,3275,3931,4.3670048,1.3338438607208307,1.7976999999999999
0,3275,3931,4.2527428,1.2989440439828956,1.7528000000000001
0,3275,3931,4.3801654,1.3378635919364692,1.8466
0,3820,3931,5.1899396,1.3589786855197694,1.8535
0,3820,3931,5.4405085,1.4245898140874573,1.8461
0,3275,3931,4.1826599,1.2775381490531459,1.9514
0,3820,3931,5.961114,1.5609096622152396,1.8399
1,3931,3931,5.4950736,1.3982375572519083,1.8326,1095,0.8246868618120261,0.9976138095190732,0.9976138095190732,0.6033167791713976,60,104,642,28,10.080000000000002
0,3820,3931,5.3700641000000005,1.406144042943179,2.8337000000000003
0,3275,3931,4.3270737,1.3216474343310933,1.7829
0,3820,3931,5.2405651,1.3722349044252424,1.8128
0,3820,3931,5.2471164,1.3739503534956796,2.1132999999999997
1,3931,3931,5.6160188,1.429012417302799,1.9727999999999999,1954,0.7181801605983616,0.9027227495408329,0.9027227495408329,0.6033167791713976,70,115,687,31,11.75
0,3820,3931,5.2717252,1.3803941345902069,2.1876
1,3931,3931,5.5765889,1.4189793638676844,1.8105,17,0.3364510617797281,0.36087451302404056,0.5410102281930039,0.6033167791713976,67,110,624,30,10.560000000000002
0,3342,3931,4.5620684,1.3654799161927567,2.057
0,3656,3931,5.0414459,1.3793285636114914,2.0482
1,3931,3931,5.5640326,1.4157843765903306,1.8453,2,0.4337347944665678,0.44911826316360237,0.8534158045744287,0.6033167791713976,60,103,617,26,10.080000000000002
0,3275,3931,4.3390381,1.32530180207697,1.9894
0,3275,3931,4.367553,1.3340113011606598,1.9797
0,3342,3931,4.455824,1.3336797366058066,1.8874
0,3342,3931,4.352393,1.3027216402274768,1.8161
0,3342,3931,4.4189839,1.3226530679437294,1.8622999999999998
0,3820,3931,5.508102,1.4422890809112332,1.8017
0,3271,3931,4.3888814,1.3421655657492355,1.8715
0,3275,3931,4.3784387,1.3373361942577888,1.8396000000000001
0,3275,3931,4.4604343,1.3623806658521687,1.8152000000000001
0,3342,3931,4.4969498,1.3459891649206825,1.8934
0,3656,3931,5.0324701,1.376872804377565,1.9762
0,3810,3931,5.5811875,1.4652631924389603,2.6792000000000002
1,3931,3931,5.7274062,1.4573552671755723,1.8606,1,0.6688165634788393,0.6688165634788393,0.9044492024256738,0.6033167791713976,61,108,677,30,11.75
0,3656,3931,4.9886912,1.3648949931600547,2.3209
0,3656,3931,5.023525,1.3744254445964434,1.8493
1,3931,3931,5.7476056,1.4624950636132314,2.1208,712,1.2814095152474256,1.5146036878847442,1.5253957712635495,0.6033167791713976,59,103,704,32,11.070000000000002
0,3656,3931,4.9970648,1.3671859917920657,1.838
0,3342,3931,4.5391189,1.358610865010476,1.8386
1,3931,3931,5.8524043,1.4891613994910942,1.7519,54,0.5457171247298009,0.5838574554260632,0.8043157975979869,0.6033167791713976,67,116,648,31,10.8
0,3820,3931,5.4021346,1.4145416601204506,1.9405
0,3656,3931,4.9005282999999995,1.3407738166894665,1.9378
1,3931,3931,5.5654252,1.416138727735369,1.9327,1,0.37455604840552986,0.37455604840552986,0.8103307673529481,0.6033167791713976,55,97,640,30,10.75
0,3270,3931,4.245752,1.298792291220557,1.8846
0,3804,3931,5.3274697,1.4008597686037338,1.9959
0,3275,3931,4.3326676,1.3233560171044594,1.8375
0,3274,3931,4.3714041,1.335595508707608,2.0032
0,3820,3931,5.337913,1.397725320764598,1.8747
1,3931,3931,5.6048458,1.4261694147582697,1.8190000000000002,1906,0.6199920328246198,0.9452725281871878,0.9669176179256376,0.6033167791713976,58,100,635,33,10.080000000000002
0,3275,3931,4.4019325,1.344512064752596,1.9656
0,3656,3931,4.9679725,1.3592264021887825,2.2813
0,3656,3931,4.9921925,1.3658529411764706,1.7827
0,3275,3931,4.3265381,1.3214838423946242,1.7807000000000002
1,3931,3931,5.177801,1.3175066157760813,1.8039,602,1.2153968886000017,1.3239296847396536,1.4660532554676082,0.6033167791713976,70,113,662,30,11.070000000000002
1,3931,3931,5.4036662,1.3749786768447836,1.8584999999999998,1,1.0753666856684694,1.0753666856684694,1.3183827371870633,0.6033167791713976,72,119,671,31,10.5
0,3820,3931,5.3270731,1.394886907567426,1.8471
0,3421,3931,4.6295582,1.3536719883040937,1.839
0,3342,3931,4.4091863,1.3197205327746184,1.7934999999999999
0,3656,3931,4.8623779,1.3303359507523942,1.9157
1,3931,3931,5.4771931,1.3936878117048348,1.8362,1899,0.8932927270158999,1.1967430108282597,1.1967430108282597,0.6033167791713976,54,100,656,30,9.840000000000003
0,3656,3931,5.0088183,1.3704017236662107,1.8335000000000001
1,3931,3931,5.7150359,1.4542076081424935,2.1527,99,0.5640369927167694,0.6821655874200613,0.8645232688810607,0.6033167791713976,71,115,639,31,11.040000000000003
0,3275,3931,4.3613293,1.3321103543066586,3.7808
0,3656,3931,5.0481707,1.3811684541723666,2.0218
1,3931,3931,5.7007306,1.4505675826972009,1.838,2,0.2983080356864111,0.3007429497312966,1.0288740587320997,0.6033167791713976,58,102,638,31,10.8
0,3657,3931,4.9822206,1.362751805251641,1.8905
1,3931,3931,5.7226379000000005,1.456141959287532,2.2466999999999997,1761,0.6906944512935975,0.9115931247678714,0.9115931247678714,0.6033167791713976,59,106,676,32,10.75
0,3656,3931,4.9085301,1.3429630916552668,2.2654
1,3931,3931,5.4666134,1.3909957760814249,1.8792,9,0.9710643020491649,1.2598130181002116,1.2789767660212987,0.6033167791713976,58,104,668,30,10.660000000000002
0,3342,3931,4.5583967,1.3643809338521402,1.8647
0,3820,3931,5.3626626,1.404205970149254,1.8384
0,3656,3931,5.0280323,1.3756586320109438,1.8831
0,3261,3931,4.5115978,1.3839257055214722,2.351
0,3820,3931,5.391078,1.4116465043205029,1.9423000000000001
0,3270,3931,4.413894,1.3502275925359437,1.8639
0,3270,3931,4.4101374,1.3490784337717956,1.8759
1,3931,3931,5.8054565,1.4772153944020356,1.7971000000000001,1619,0.9077428502018763,1.2218953502949934,1.2303696339941919,0.6033167791713976,58,106,652,29,10.75
1,3931,3931,5.6420092,1.4356257506361325,1.9623000000000002,1000,0.27201335669936694,0.4998482224803605,0.7654277177563386,0.6033167791713976,53,93,609,30,10.080000000000002
1,3931,3931,5.6675413,1.4421224681933842,2.1151,16,0.355925691806572,0.6015477597947538,0.6720378579658037,0.6033167791713976,68,105,633,26,10.080000000000002
1,3931,3931,5.5304093,1.4072288295165394,2.3551,310,0.39216661456716456,0.5846145632744811,0.7585695809945032,0.6033167791713976,63,104,603,27,10.080000000000002
0,3656,3931,4.9130569,1.344201614227086,1.933
0,3275,3931,4.4018788,1.344495662797801,1.8995
0,3275,3931,4.4777588,1.3676722052535126,2.3276
0,3274,3931,4.3094245,1.3166588756492514,1.8377999999999999
0,3275,3931,4.4375726,1.355397861942578,1.9215
0,3342,3931,4.437181,1.328099670757258,2.1235
1,3931,3931,5.7236906,1.4564098218829515,1.9488,22,0.3255939690780126,0.35870813804637336,0.7837452469123457,0.6033167791713976,59,96,623,29,10.080000000000002
0,3656,3931,4.9243449,1.3472899863201095,1.8387
0,3822,3931,5.480475,1.4343038471604292,2.7563
0,3275,3931,4.3118415,1.3169949602932192,1.9365
0,3275,3931,4.3463047,1.3275212889431887,1.8285
0,3270,3931,4.292716,1.3131587641480575,1.9449
0,3342,3931,4.4568312,1.333981203232565,1.8025
0,3275,3931,4.3532687,1.3296483506414174,1.889
0,3812,3931,5.3968364,1.4161208081868277,2.1163000000000003
0,3342,3931,4.5160691,1.3517117928763844,1.9353
1,3931,3931,5.5372356,1.4089658015267175,2.2271,3,0.297737935212273,0.35631953928554816,0.8634939111431708,0.6033167791713976,62,100,622,27,10.080000000000002
0,3901,3931,5.7383698,1.4713768717948719,1.8449
1,3931,3931,5.6894983,1.4477094910941477,1.7927,6,0.816174072562294,0.8467917982682884,1.1363898669548675,0.6033167791713976,61,103,644,28,9.840000000000003
0,3342,3931,4.4030232,1.3178758455552229,1.7168
0,3820,3931,5.3335566,1.396584603299293,1.9278
1,3931,3931,5.6124003,1.428091679389313,1.8801,1996,1.0023626628928584,1.208590685745527,1.208590685745527,0.6033167791713976,51,97,656,32,9.840000000000003
0,3275,3931,4.3404647,1.325737538179597,2.6673
0,3275,3931,4.373027,1.3356832620647525,1.8699000000000001
0,3820,3931,5.2941339,1.3862618224666146,1.8351000000000002
0,3820,3931,5.3695912,1.4060202147158944,1.8344
0,3275,3931,4.3351474,1.324113439218082,1.9781
0,3415,3931,4.5658688,1.3373956649091971,1.9789999999999999
0,3820,3931,5.4490053,1.4268146897093479,1.8385
0,3811,3931,5.4542683,1.4315664829396324,1.7892
1,3931,3931,5.4941301,1.3979974809160305,2.1175,2,0.4552783282357329,0.5648362543894927,0.7945972157043394,0.6033167791713976,70,111,614,28,9.840000000000003
0,3275,3931,4.354195,1.3299312767257176,2.5271
0,3342,3931,4.3708218,1.3082375935348698,1.8656
0,3808,3931,5.4180713,1.4231865773574994,1.8979000000000001
0,3275,3931,4.338474,1.3251295051924252,1.8694
0,3420,3931,5.1751454,1.513642995027786,1.9194
0,3656,3931,5.1069808,1.3972587688098494,2.3486000000000002
0,3656,3931,5.0702597,1.3872119562243503,2.0638
0,3820,3931,5.60014,1.4663891070960984,1.8223
0,3656,3931,5.1068346,1.3972187688098496,1.9097000000000002
1,3931,3931,5.6408882,1.4353405089058524,1.8353,1,0.32122463934521256,0.32122463934521256,0.8149490674925177,0.6033167791713976,53,93,640,29,10.080000000000002
1,3931,3931,5.6805249,1.445426183206107,1.9868,22,1.1575517513406324,1.2220216815882534,1.3678827201275354,0.6033167791713976,52,102,678,30,10.660000000000002
0,3820,3931,5.6017988,1.4668234616391727,3.2565
0,3820,3931,5.6459507,1.478384577114428,1.9676
0,3656,3931,5.2076499,1.424801614227086,1.9746
0,3275,3931,4.4936851,1.3725366829566281,1.8503
1,3931,3931,5.7200888,1.4554933333333335,1.828,1994,0.7814043762676776,1.0299921558768739,1.0663996018082231,0.6033167791713976,63,111,657,28,10.5
1,3931,3931,5.7118493,1.453396768447837,2.114,765,0.2918195482418371,0.6162209477476794,0.6162209477476794,0.6033167791713976,53,100,634,29,10.250000000000002
0,3273,3931,4.4792952,1.368977750611247,1.8933000000000002
0,3275,3931,5.2294975,1.5972808491142332,1.8499
1,3931,3931,5.8000554,1.47584106870229,1.8748,1,0.29336278742050986,0.29336278742050986,0.5581986680534519,0.6033167791713976,56,99,624,30,10.250000000000002
0,3342,3931,4.5326486,1.3566742292726728,1.8587
0,3808,3931,5.5629467,1.4612415812976098,1.9385999999999999
0,3821,3931,5.533769,1.4486306282722514,1.7762
0,3656,3931,5.1320876,1.4041279343365252,1.8358999999999999
0,3820,3931,5.5758085,1.4600179366326265,1.9581
0,3497,3931,4.8136856,1.3769123569794053,2.0625999999999998
0,3275,3931,4.4023248,1.3446318875992667,2.0109
0,3809,3931,5.7288186,1.504416649159664,1.8358
0,3419,3931,4.7409973,1.3870676711527208,1.8247
0,3275,3931,4.356062,1.330501527183873,2.0490999999999997
0,3902,3931,5.6663593,1.4525401948218406,2.1041
0,3275,3931,4.4852784,1.369968967623702,1.8835
0,3820,3931,5.5556789,1.4547470280178056,2.1626000000000003
1,3931,3931,5.8021729,1.476379872773537,1.7566000000000002,1893,0.5060606722212649,0.7090360133850145,0.7090360133850145,0.6033167791713976,66,111,628,32,10.8
0,3342,3931,4.5805646,1.371016043100868,2.7752
0,3275,3931,4.3498999,1.3286193952351861,1.9913
0,3656,3931,5.0748845,1.3884772913816688,2.3873
0,3656,3931,4.9387638,1.3512349658002738,2.0711000000000004
0,3656,3931,5.1604975,1.4119008207934338,2.0858
0,3656,3931,5.0333546,1.3771148016415868,1.9818000000000002
0,3812,3931,5.4902695,1.440637496720021,1.8598
0,3275,3931,4.4353004,1.3547038485033598,1.8855
1,3931,3931,5.7723618,1.468794351145038,2.3493,1928,0.2853870388234557,0.5942671543021807,0.5942671543021807,0.6033167791713976,57,102,621,27,9.840000000000003
0,3656,3931,5.0848231,1.3911964705882354,1.9808000000000001
0,3656,3931,5.08521,1.3913023255813954,1.9162000000000001
0,3273,3931,4.2705296,1.3051740831295844,1.9028
1,3931,3931,5.763235,1.466472010178117,1.8131,1,0.8128447119281154,0.8128447119281154,1.0511474053752488,0.6033167791713976,64,114,645,28,11.25
1,3931,3931,5.4307487,1.3818698982188296,1.8365,1280,0.8719228729947044,0.951948032510822,1.1029097812115465,0.6033167791713976,49,94,631,31,9.840000000000003
0,3820,3931,5.5269449999999996,1.4472230950510605,1.8979000000000001
0,3275,3931,4.333804,1.3237031154551009,2.4846
0,3820,3931,5.4303962,1.4219419219691016,1.8454000000000002
0,3656,3931,5.006677,1.3698158686730506,1.8537
0,3656,3931,4.8462832,1.3259324760601914,1.8680999999999999
0,3657,3931,5.1294846,1.4030318927789933,1.9049
1,3931,3931,5.6827795,1.4459998727735368,1.8974,458,0.9285099515538932,1.2300197986018135,1.2300197986018135,0.6033167791713976,72,109,664,32,10.32
1,3931,3931,5.6646772,1.44139368956743,1.8286,21,0.9214704684012479,1.0371971267607043,1.1439921291981683,0.6033167791713976,54,106,669,31,10.5
1,3931,3931,5.6373107000000005,1.4344302035623409,1.9327,1458,0.46257793376231565,0.764973310742016,0.7924890082006963,0.6033167791713976,54,95,613,28,10.080000000000002
0,3820,3931,5.4612751,1.4300275202932704,1.866
1,3931,3931,5.8285497,1.483091526717557,1.8205,1027,1.4842335273891627,1.5621593936691123,1.610172693834583,0.6033167791713976,82,123,703,35,12.040000000000001
0,3656,3931,5.185119,1.4186372093023258,1.8094999999999999
0,3342,3931,4.4151206,1.3214967375037414,2.0181999999999998
0,3656,3931,5.044515,1.3801682626538987,2.2923999999999998
0,3820,3931,5.4609055,1.4299307410316837,1.8755
0,3657,3931,5.1943721,1.4207801148796497,1.7747
0,3275,3931,4.4153011,1.3485953268173487,2.0048000000000004
0,3342,3931,4.4576548,1.334227716252619,1.8872
0,3342,3931,4.4239052,1.3241260700389106,1.9046
0,3656,3931,5.0917186,1.3930830642954857,1.8093
0,3809,3931,5.6154619,1.474648608193277,1.8484
1,3931,3931,5.6097683,1.4274219592875317,1.7847,114,0.879519580439846,1.220980140324179,1.220980140324179,0.6033167791713976,62,104,670,29,10.920000000000002
0,3656,3931,4.9719999999999995,1.3603283173734608,1.8372
1,3931,3931,5.6755848,1.4441691603053437,2.4793,85,0.5203376977535696,0.6952737295682949,0.7728359800026114,0.6033167791713976,72,118,662,31,11.040000000000003
1,3931,3931,5.7227494,1.456170330788804,1.8597,508,0.9002944574690405,1.1605332059995501,1.1605332059995501,0.6033167791713976,66,111,657,32,10.32
0,3820,3931,5.4519473,1.4275850484420005,1.9066
0,3342,3931,4.3967802,1.3160072433403174,1.7862
0,3901,3931,5.602613,1.436567435897436,2.2534
1,3931,3931,5.6000436,1.4249474809160305,1.7832,1,0.3516609278888159,0.3516609278888159,1.0494357624472306,0.6033167791713976,60,103,640,30,10.75
0,3275,3931,4.4001415999999995,1.3439650580329872,1.8274000000000001
1,3931,3931,5.5693546000000005,1.4171385750636134,2.489,1993,0.7158397634838382,0.9643547487811587,0.9643547487811587,0.6033167791713976,53,98,657,32,10.080000000000002
0,3805,3931,5.4937832,1.4442121976866455,1.8495
0,3820,3931,5.3426889,1.3989758837391988,2.4263000000000003
0,3820,3931,5.4516897,1.4275175962293793,1.842
1,3931,3931,5.7367107,1.459722824427481,1.8449,946,0.8960413579464298,1.214940102008762,1.2191244271953003,0.6033167791713976,60,101,680,33,10.5
0,3820,3931,5.4877456,1.4369587850222572,1.8441
0,3275,3931,4.3344271,1.3238934331093464,1.8256999999999999
1,3931,3931,5.6015349,1.4253269465648855,1.8126,1999,1.0791326472527407,1.314590396759137,1.314590396759137,0.6033167791713976,63,110,663,29,10.660000000000002
0,3342,3931,4.5431457,1.359816132894343,1.8067
0,3275,3931,4.4535928,1.3602910201588272,1.8958
1,3931,3931,5.6422352,1.4356832569974556,1.8767,4,0.31146517498898446,0.4745541098708052,0.6519909308097405,0.6033167791713976,65,106,646,28,10.5
1,3931,3931,5.7366698,1.4597124173027989,1.8937,319,1.3487889922616518,1.5247900542913535,1.5247900542913535,0.6033167791713976,59,108,698,31,11.18
0,3820,3931,5.3307837,1.3958585231736056,1.8525
0,3656,3931,5.0658768,1.386012804377565,1.8603999999999998
1,3931,3931,5.585395,1.4212201017811705,1.8344,2,0.9184205891705877,0.9227435146474153,1.212066892872744,0.6033167791713976,51,93,631,31,9.840000000000003
0,3275,3931,4.3403987,1.325717379352474,1.9715000000000003
1,3931,3931,5.6805824000000005,1.445440814249364,1.8317999999999999,74,1.1076013655044934,1.271896266382035,1.3077681827146024,0.6033167791713976,63,107,680,29,10.75
0,3901,3931,5.6688071,1.453540282051282,1.9195
0,3809,3931,5.7148864,1.5007579831932774,1.8446
0,3275,3931,4.3102467,1.316507849725107,1.8989
0,3820,3931,5.3696225,1.4060284105786856,1.8111
1,3931,3931,5.6750394,1.4440303816793894,2.0052999999999996,180,0.6433446791608763,0.8115078024791447,0.9264800686854535,0.6033167791713976,72,117,692,31,11.760000000000003
0,3656,3931,5.1366826,1.4053851162790698,1.8773
0,3275,3931,4.4477583,1.3585089492974955,2.4633
0,3656,3931,5.1739151,1.4155718467852259,1.7824
0,3656,3931,5.1964023,1.421724295485636,1.9261
0,3820,3931,5.5774991,1.4604606179628175,2.0483
1,3931,3931,5.7856941,1.4721867938931297,1.8372,1886,0.954858291287419,1.3172698863660863,1.3172698863660863,0.6033167791713976,61,103,694,29,11.340000000000002
0,3275,3931,4.5656273,1.3945104764813685,2.3005
0,3275,3931,4.545507,1.3883649969456322,1.8074000000000001
1,3931,3931,5.7097248,1.4528561832061069,1.9502,1,0.9026367842462177,0.9026367842462177,1.2297031867046964,0.6033167791713976,62,109,678,27,11.340000000000002
0,3656,3931,5.0906736,1.3927971545827633,1.8739
1,3931,3931,5.7322807000000005,1.4585955979643765,4.5226,1998,0.7258403621869179,1.032691527350108,1.032691527350108,0.6033167791713976,50,95,633,34,9.840000000000003
0,3820,3931,5.4018565,1.414468840010474,1.8608
0,3273,3931,4.4694249,1.3659611552567237,1.8481
1,3931,3931,5.8013515,1.476170865139949,1.8792,1987,0.6452096258026272,0.8575373078265904,0.8575373078265904,0.6033167791713976,65,108,649,31,10.5
0,3342,3931,4.6341249,1.3870472612990121,1.9957
0,3656,3931,5.0810751,1.390171025991792,3.1243999999999996
0,3421,3931,4.7847644,1.399053918128655,1.9488
0,3656,3931,5.2893514,1.4471549658002738,1.9804000000000002
0,3275,3931,4.4898509,1.371365577275504,1.8887
0,3809,3931,5.6275986,1.4778357668067226,2.5088
0,3656,3931,5.313413,1.4537381668946647,1.9930999999999999
1,3931,3931,5.6037023999999995,1.4258784732824425,1.8565999999999998,1491,0.9924183391302889,1.110216279357293,1.2327888833201364,0.6033167791713976,57,101,645,34,10.080000000000002
0,3342,3931,4.5861418,1.3726853636635739,1.9783000000000002
1,3931,3931,5.8488564,1.4882586259541983,1.8664,1364,0.2716553486316811,0.788438216990057,0.8243279548357249,0.6033167791713976,55,98,633,29,10.32
0,3275,3931,4.4998878,1.3744312156383627,1.8878
0,3656,3931,5.1105212,1.398227414500684,1.9913
0,3275,3931,4.4346959,1.3545192119731218,2.879
0,3820,3931,5.5556507,1.454739643885834,1.9476
0,3656,3931,5.2301276,1.4309514637482903,2.0981
0,3273,3931,4.3895227,1.3415411674816624,1.8336999999999999
1,3931,3931,5.4836374,1.3953275826972011,1.8494,360,1.1784928727630384,1.4066721137872107,1.4570311858549498,0.6033167791713976,63,108,673,28,10.75
0,3820,3931,5.5276218,1.447400314218382,1.8806999999999998
0,3820,3931,5.7897772,1.516045352186436,1.9046
1,3931,3931,5.9488046,1.5136907379134859,2.0905,1999,1.2639968263069843,1.5659787312819438,1.5659787312819438,0.6033167791713976,57,104,707,32,11.070000000000002
1,3931,3931,6.0419874,1.5374013740458015,2.6037999999999997,34,0.9468405623758905,1.0422552642415706,1.21585471406788,0.6033167791713976,59,106,624,31,11
0,3342,3931,4.4351586,1.3274943430110748,1.9
0,3407,3931,4.7318352,1.3892645918966529,1.9882
0,3342,3931,4.3817908,1.3115207422927266,1.89
0,3275,3931,4.4240715999999995,1.3512741600488696,1.8748
0,3656,3931,5.1278357,1.4029646238030098,2.0193
0,3658,3931,4.9889917,1.36423070823079,2.1718
1,3931,3931,5.6871863000000005,1.4471211959287533,1.8641,14,0.9796116489824078,1.00795483093019,1.2770972300674723,0.6033167791713976,63,104,656,34,10.080000000000002
0,3656,3931,5.2004426,1.422829712722298,1.9315
0,3342,3931,4.5726417,1.3686446273570787,2.4122000000000003
0,3275,3931,4.4233856,1.3510646304215026,1.8508
0,3275,3931,4.4312952,1.3534805131337815,1.9102
0,3656,3931,5.2354848,1.4324171819425444,1.9754
1,3931,3931,5.8889148,1.4984516030534352,2.1014,1406,0.7089758739568841,0.8998436191820145,0.903821632631362,0.6033167791713976,70,115,662,29,11.040000000000003
0,3269,3931,4.4616487,1.3652535801713586,1.8934
0,3656,3931,5.2331891,1.4317890834473324,2.088
0,3656,3931,5.0954205,1.3940958960328318,1.8136999999999999
0,3820,3931,5.6637677,1.4830499345378372,1.8561999999999999
0,3820,3931,5.6795822000000005,1.487190940036659,1.838
0,3342,3931,4.6513142,1.3921922178988326,1.8696
1,3931,3931,5.935199,1.5102287531806615,1.9262000000000001,165,1.3221884400791666,1.479600441624569,1.5689899126510252,0.6033167791713976,79,126,706,31,11.760000000000002
1,3931,3931,5.8638897,1.4920838931297709,1.8888,34,0.2496269054908874,0.26487117660102094,0.43302329355985314,0.6033167791713976,62,108,643,30,11.040000000000003
1,3931,3931,5.74162,1.460972010178117,1.9107,13,0.8832969946459975,0.9016030838416557,1.0893963466889718,0.6033167791713976,54,101,646,30,10.32
0,3342,3931,4.5607492,1.3650850643519905,1.9185999999999999
0,3275,3931,4.4352346,1.354683750763592,2.2709
0,3658,3931,5.3469523,1.4621143833743506,1.9188
0,3275,3931,4.6133227,1.409078405620037,3.4482
0,3820,3931,5.8064403,1.5204085624509034,1.9512
0,3820,3931,5.5834627999999995,1.4620222047656453,1.8497
1,3931,3931,5.7145405,1.4540815521628498,2.1516,131,0.3787110338299338,0.6586463050480026,0.6849042799232259,0.6033167791713976,59,98,636,28,10.5
0,3275,3931,4.4750624,1.3668486255345142,2.0815
0,3820,3931,5.6083294,1.468533490442524,1.8626999999999998
0,3656,3931,5.1835889,1.4182185772913816,1.8576000000000001
1,3931,3931,5.8053649,1.4771920865139947,1.9553,1,0.9835489162603573,0.9835489162603573,1.331500255997995,0.6033167791713976,66,109,693,29,11.760000000000002
0,3820,3931,5.6081734,1.4684926420528934,1.865
0,3656,3931,5.1266757,1.402647250341997,1.8536
0,3275,3931,4.356401,1.3306050702504582,1.8286
0,3230,3931,4.3852561,1.3580848869619078,2.2683
0,3820,3931,5.6002018,1.46640528934276,1.8135000000000001
0,3820,3931,5.6072353,1.4682470018329405,1.863
0,3656,3931,5.1082252,1.3975992339261285,1.8634000000000002
0,3820,3931,5.4579018,1.429144226237235,1.9002
1,3931,3931,5.7917893,1.4737377353689567,1.8845,1241,0.451387079621969,0.6753978991090288,0.6892515529090407,0.6033167791713976,61,108,657,27,11.25
0,3813,3931,5.6118911,1.4721645068205667,2.3230999999999997
0,3275,3931,4.7418428,1.4483331704337201,1.8564
0,3820,3931,5.5122129,1.4433655145326,3.0243
0,3820,3931,5.4354074,1.4232540979313957,1.8919
1,3931,3931,5.6706843,1.442922213740458,1.895,1984,0.7060065419144069,0.9076963919311071,0.9076963919311071,0.6033167791713976,71,117,665,29,11.25
0,3820,3931,5.5030178,1.4409577899973816,2.7482
0,3656,3931,5.1476411,1.408383337893297,1.8518000000000001
0,3656,3931,4.9691989,1.3595619425444598,1.8025
1,3931,3931,5.6184164,1.4296224936386768,2.0899,11,0.8399082772457662,1.076753343537915,1.2290501371262832,0.6033167791713976,62,104,680,31,10.920000000000002
0,3656,3931,5.2562968,1.4381112995896033,1.9742000000000002
0,3656,3931,5.0177179,1.3728366347469219,1.7756
0,3275,3931,4.3713334,1.335165974343311,2.4741
0,3272,3931,4.5901542,1.4032877407520636,1.8469
0,3275,3931,4.5542253,1.3910278863775198,1.8297
0,3275,3931,4.4535893,1.3602899511301159,2.2619
0,3656,3931,5.139376,1.406122024623803,1.8592000000000002
0,3820,3931,5.3267113,1.3947921707253208,1.9891
0,3275,3931,4.6118467,1.4086275809407454,2.2772
0,3274,3931,4.5877128,1.4016843263061411,1.8867999999999998
0,3656,3931,5.1453833,1.4077656087551298,1.8386
1,3931,3931,5.8094904,1.4782418320610686,1.8023,1,1.0949772845891057,1.0949772845891057,1.4515234285208602,0.6033167791713976,66,108,672,29,10.8
0,3656,3931,5.2717298,1.442333734610123,1.8651
1,3931,3931,5.810632,1.4785323155216283,1.9967000000000001,1131,0.25955878788451786,0.6024131499234651,0.6032190923794076,0.6033167791713976,54,98,620,28,10.080000000000002
1,3931,3931,5.982142,1.5221735368956744,1.8521,1575,0.5820665685095681,0.7509442240175721,0.7526314379333278,0.6033167791713976,61,106,653,32,11.500000000000002
0,3275,3931,4.6339516,1.4153792302993278,1.9557
0,3342,3931,4.5288435,1.3555353187668362,1.7557
0,3275,3931,4.5532755,1.3907377825290164,1.8782
0,3275,3931,4.603676,1.406131948686622,1.8323
0,3656,3931,5.1719361,1.4150303967168263,2.1458
0,3271,3931,4.5255083,1.3839474923547401,1.8477000000000001
0,3275,3931,4.6008443,1.4052670433720222,1.9937000000000002
0,3275,3931,4.5414507,1.3871260537568724,1.8108
0,3419,3931,4.6785016,1.3687833820947921,1.8841999999999999
0,3342,3931,4.7818591999999995,1.4312658485483387,1.8256999999999999
0,3656,3931,5.4025253,1.478119097127223,1.9321
0,3275,3931,4.4287928,1.3527161881490533,1.8822
0,3274,3931,4.5955372,1.4040749159792238,1.8471
1,3931,3931,5.8961163,1.5002840458015267,1.8839,768,0.2851235235045692,0.4871113561002704,0.6039294102631696,0.6033167791713976,54,94,641,31,10.5
1,3931,3931,5.7391669,1.4603478117048347,2.0799,1957,0.4098016989724498,0.594405765690878,0.6061833242337074,0.6033167791713976,60,105,623,31,10.8
0,3656,3931,5.2721399,1.4424459370725033,2.2334
0,3275,3931,4.6102878,1.4081514355528406,1.9076
0,3497,3931,5.0136987,1.4341243421052632,2.6241
0,3497,3931,4.8964075000000005,1.4005742276887874,2.9386
0,3342,3931,4.4959706,1.345696079018258,2.0603000000000002
1,3931,3931,6.0419463,1.5373909160305346,1.9491,1258,0.9118887292651653,1.0779031062211932,1.1080959257462797,0.6033167791713976,67,115,642,34,10.080000000000002
0,3820,3931,5.4806639,1.435104451427075,1.8581999999999999
0,3275,3931,4.3523761,1.32937571777642,1.8679000000000001
1,3931,3931,5.9126974,1.504503155216285,2.0011,1998,0.5897407882016753,0.7423237497606846,0.8583854999769597,0.6033167791713976,61,109,639,30,10.080000000000002
0,3820,3931,5.6103916,1.4690734747316052,2.0471999999999997
0,3275,3931,4.3978373,1.3432612400733048,1.9966
0,3275,3931,4.4169009,1.349083964569334,1.8992
0,3275,3931,4.4353235,1.3547109040928529,1.8919
1,3931,3931,5.8592789,1.490910661577608,1.8901000000000001,1,0.8379518545238673,0.8379518545238673,1.1211563446309725,0.6033167791713976,56,101,664,32,11.070000000000002
0,3820,3931,5.5430561,1.4514417648599112,1.8813
0,3275,3931,4.4535286,1.3602714111178988,2.3341
0,3419,3931,4.8019497,1.4049004388531305,4.1507000000000005
1,3931,3931,5.6127251000000005,1.4281743256997457,2.3035,72,0.3807344769343808,0.4745449769821297,0.8118897466399441,0.6033167791713976,50,94,629,28,9.840000000000003
0,3820,3931,5.6213607,1.4719457187745484,1.9144999999999999
0,3421,3931,4.7534296000000005,1.389891695906433,1.9094
0,3421,3931,4.7318214,1.38357350877193,1.974
0,3275,3931,4.4375588,1.3553936469150885,2.2717
0,3275,3931,4.3583597,1.331203329260843,1.8538000000000001
0,3820,3931,5.3557494,1.402395758051846,2.9142
1,3931,3931,5.586321,1.4214557251908397,1.8821,49,0.9865251657716159,0.9927537124281913,1.2246117414834061,0.6033167791713976,59,107,657,34,10.080000000000002
0,3274,3931,4.5534885,1.3912277726856097,1.8320999999999998
0,3342,3931,4.7165867,1.4117290332235857,1.9121
0,3342,3931,4.7767468,1.429735648009578,2.3907
0,3275,3931,4.5215844,1.3810581551618815,1.9191
0,3820,3931,5.5581934,1.4554054464519508,1.8906
1,3931,3931,5.8655339,1.4925022646310433,1.8808,1,1.1200313027311393,1.1200313027311393,1.334298631189585,0.6033167791713976,78,126,717,31,12.880000000000003
0,3275,3931,4.7954241,1.464698869883934,2.5477999999999996
0,3902,3931,5.7496158,1.4738825429377083,1.8192
0,3656,3931,5.1680484,1.4139667305061558,1.8462999999999998
0,3275,3931,4.5578279,1.3921282529016494,2.3661
0,3342,3931,4.9178444,1.4719677940736307,1.9303000000000001
1,3931,3931,6.1561297,1.5664452162849873,2.2212,97,0.7860633823775636,1.1709147067958878,1.1709147067958878,0.6033167791713976,52,103,632,31,10.32
0,3275,3931,4.597723,1.4043136835675014,1.926
1,3931,3931,6.0869142,1.5488331297709923,1.8841,402,1.620689030428327,1.704407308294824,1.7872408271907725,0.6033167791713976,77,127,703,30,12.180000000000001
0,3808,3931,5.7194709,1.5023564223798267,1.8908
0,3275,3931,4.456336,1.361128894318876,1.9849999999999999
1,3931,3931,5.7843316,1.4718401017811704,1.8571,1996,1.238830289401099,1.4448392538842645,1.4448392538842645,0.6033167791713976,62,112,700,31,11.340000000000002
0,3342,3931,4.6603873,1.3949079018258008,2.1877
1,3931,3931,5.8931906,1.4995395928753181,1.9800999999999997,1933,1.0820032778506898,1.3721013126491008,1.3914947562412363,0.6033167791713976,72,119,702,33,11.070000000000002
0,3275,3931,4.5910043,1.4022615455100793,2.0335
0,3275,3931,5.0066355,1.529210598656078,2.2344
1,3931,3931,5.6273858,1.4319047837150127,2.1439,1,0.34566903301433227,0.34566903301433227,0.6605887036019956,0.6033167791713976,58,102,637,26,10.5
0,3820,3931,5.5507966,1.4534686043466876,1.8675
0,3275,3931,4.5660068,1.3946263897373243,1.8972
0,3821,3931,5.5799834,1.4607286387434555,1.857
0,3805,3931,5.5380909,1.4558598580441642,2.7895
1,3931,3931,5.6937066,1.4487803053435113,2.0167,10,0.8373633177285074,0.9344548598384429,1.207610090537068,0.6033167791713976,53,98,660,28,10.080000000000002
1,3931,3931,5.7278905,1.4574784987277354,1.9285999999999999,51,0.17941119571018507,0.2690323473855383,0.38866553550739985,0.6033167791713976,62,109,641,31,10.8
1,3931,3931,5.6038987,1.4259284223918576,1.9342000000000001,7,1.061648867167317,1.2043482106544319,1.305999545302647,0.6033167791713976,55,103,682,26,11.340000000000002
0,3656,3931,5.1290846,1.403306320109439,2.1361000000000003
0,3656,3931,5.235257,1.432354856361149,1.8972
0,3656,3931,5.1786312,1.4168621614227086,1.8458
0,3275,3931,4.5188012,1.3802080635308493,1.8741
0,3656,3931,5.2789761,1.4443163064295488,1.863
0,3656,3931,5.1112347,1.3984226265389876,1.9433
0,3342,3931,4.5252654,1.354464351990422,1.9526999999999999
0,3820,3931,5.7432878,1.5038721654883478,2.6734
0,3275,3931,4.4597684,1.3621772755039707,1.8674
1,3931,3931,6.1356768,1.5612409160305343,1.8307,655,0.8441796003458035,1.1478241366307473,1.1698189763996318,0.6033167791713976,59,103,670,30,10.5
0,3820,3931,5.602753,1.4670733176224142,2.3817
1,3931,3931,6.0072202,1.52855475826972,1.7839,5,0.42839233368662544,0.4303973504757083,0.6013376040962575,0.6033167791713976,62,108,632,30,10.8
0,3656,3931,5.4679342,1.4960148290013682,2.0596
1,3931,3931,5.853055,1.4893269720101783,1.8184,11,0.4446980841048499,0.5921917924543253,0.7583912849637979,0.6033167791713976,60,101,635,28,10.920000000000002
0,3814,3931,5.6780809,1.4891373983739837,2.2682
0,3413,3931,4.7837719,1.4020433470105509,1.8798000000000001
0,3820,3931,5.6402475,1.4768912018853104,5.6488
0,3656,3931,5.5427281,1.5164782763337892,1.8226
1,3931,3931,5.9633913,1.5174023664122136,2.4671,1997,0.6418666224718645,0.9392615212913977,0.9392615212913977,0.6033167791713976,63,106,658,31,10.32
0,3275,3931,4.5795398,1.3987598656078193,4.5996
0,3275,3931,4.4953757,1.373053054367746,1.9518
0,3275,3931,4.457598,1.3615143555284057,1.8617
0,3275,3931,4.52713,1.3827519853390347,1.7628
1,3931,3931,5.8931337,1.4995251145038169,2.0381,1969,0.3807784544034982,0.6858110162284414,0.6858110162284414,0.6033167791713976,66,110,641,28,11.25
1,3931,3931,5.8640254,1.4921184223918575,1.8626,75,0.503904090902694,0.5907643532526934,0.7709915547455783,0.6033167791713976,59,104,634,30,10.32
1,3931,3931,6.1730631,1.570753969465649,2.8847,830,0.4230575190728495,0.5886853462072609,0.5939233510217291,0.6033167791713976,59,105,651,28,11.040000000000003
0,3342,3931,4.6750851,1.399307123615684,2.0252999999999997
1,3931,3931,5.9145283,1.5049690330788803,2.0322999999999998,1,0.8081031064856591,0.8081031064856591,1.1260890376102435,0.6033167791713976,57,99,633,32,10.32
0,3820,3931,5.5410145,1.4509071746530506,2.0372
0,3270,3931,4.5857147000000005,1.402788222698073,1.9457
0,3269,3931,4.5875463,1.4037779375764994,1.9768
0,3656,3931,5.194948,1.4213264021887826,1.8377000000000001
0,3809,3931,5.6375253,1.480442568277311,2.4254
1,3931,3931,6.3640673,1.6193555470737915,2.1199,9,1.0488844352463778,1.3035452014290978,1.322142967778694,0.6033167791713976,52,97,641,28,9.840000000000003
0,3342,3931,4.6696418,1.39767788087399,1.9548999999999999
0,3342,3931,4.5957568,1.3755632445375636,1.9116
0,3267,3931,4.7836633,1.4646856399265156,1.8594
1,3931,3931,5.9220981,1.5068951908396946,2.0439,1906,0.3393208771986408,0.8685928076855131,0.8685928076855131,0.6033167791713976,65,102,622,28,9.840000000000003
0,3820,3931,5.5882165,1.463266954700183,2.689
1,3931,3931,5.9122084,1.5043787277353688,1.8358,1130,1.1334966946185834,1.3507006587485928,1.3541931148732933,0.6033167791713976,67,113,688,30,11.070000000000002
0,3656,3931,5.5258133,1.5118504240766075,1.9198
0,3275,3931,4.5949602,1.4034698228466709,1.8818000000000001
0,3805,3931,5.5449561,1.4576645899053629,2.0486
0,3275,3931,4.6470107,1.4193679596823456,1.9430999999999998
0,3806,3931,5.4482224,1.431858712220762,2.042
0,3274,3931,4.5114956,1.3783976779712803,1.7960999999999998
0,3274,3931,4.5547372,1.3916092881148792,1.8625
1,3931,3931,5.9574966,1.5159024427480914,1.8018,21,1.070072901812751,1.1616405478321583,1.586142435321435,0.6033167791713976,68,113,702,29,11.760000000000002
0,3275,3931,4.4869391,1.3704762064752596,1.9719999999999998
0,3656,3931,5.1328637,1.4043402735978112,1.8500999999999999
0,3656,3931,5.1194922,1.4006818604651161,1.8526
0,3275,3931,4.5102142,1.3775852779474649,2.0812999999999997
0,3656,3931,5.3283862,1.4578348016415867,2.2502
0,3658,3931,5.1708559,1.4139611430133991,1.8177
0,3820,3931,5.7332752,1.5012503796805443,2.0869999999999997
0,3274,3931,4.5156443,1.3796652306752215,2.7232
1,3931,3931,5.8039046,1.4768205089058524,1.9479,174,0.8542022747429778,1.1935960479550287,1.1935960479550287,0.6033167791713976,57,107,659,29,10.5
0,3820,3931,5.5410699,1.4509216810683425,1.8729
0,3812,3931,5.6774211999999995,1.4897457885069536,3.7203000000000004
0,3270,3931,4.5007531,1.3767981339859283,1.8799000000000001
1,3931,3931,5.6834994,1.4461830534351143,1.9422000000000001,28,1.0507666230199797,1.1791969378282563,1.2777158163000941,0.6033167791713976,61,103,636,30,10.5
1,3931,3931,6.0648086,1.5432082951653945,1.8074000000000001,3,0.4225467514740878,0.44980696907097634,0.8584062383521736,0.6033167791713976,56,94,602,28,9.600000000000001
0,3275,3931,4.4737613,1.366451221747098,2.0460000000000003
0,3820,3931,5.7862119,1.5151117831893164,1.8047
1,3931,3931,5.7426981999999995,1.4612463613231552,1.9243999999999999,27,0.8772840924389618,0.9422580633283248,1.1400554597296622,0.6033167791713976,51,96,661,30,9.840000000000003
0,3656,3931,5.3387244,1.4606633105335158,2.0635
0,3820,3931,5.6729938,1.4854657763812518,2.2188
0,3272,3931,4.6836914,1.4318836441455212,1.8963999999999999
1,3931,3931,5.9409981,1.511704351145038,1.8754,1542,0.7140303780560913,1.0354491744273195,1.0354491744273195,0.6033167791713976,60,105,618,29,10.5
0,3342,3931,4.7538818,1.422891888656091,1.8317999999999999
0,3820,3931,5.8981827,1.5444311861743911,2.0284
0,3275,3931,5.0358706,1.538140073304826,1.848
0,3275,3931,4.5426634,1.387496456933415,1.8251000000000002
1,3931,3931,5.8698026,1.4935884478371502,1.9496,1889,1.0762638424544764,1.4461334250615145,1.4470807744308432,0.6033167791713976,75,126,692,29,11.760000000000002
1,3931,3931,5.8751786,1.4949563867684479,1.8974,1,0.5098423743977506,0.5098423743977506,1.37167158849724,0.6033167791713976,59,99,632,30,10.080000000000002
0,3275,3931,4.6073229,1.4072458460598656,2.0741
0,3270,3931,4.458389,1.3638387886203733,2.018
0,3342,3931,4.6562134,1.3936586052080218,1.8494
0,3275,3931,4.6175261,1.4103622785583385,1.9748999999999999
0,3497,3931,5.0390362,1.4413719107551486,6.845000000000001
0,3275,3931,4.9898858,1.5240946243127673,1.9155000000000002
1,3931,3931,5.9147504,1.5050255470737912,2.532,1991,0.6531992460058683,0.9895653094592517,0.9895653094592517,0.6033167791713976,56,99,638,32,9.840000000000003
0,3820,3931,5.882907,1.5404312647289866,1.8787
0,3342,3931,4.6263222,1.3847118228075426,1.9799000000000002
1,3931,3931,6.0404838,1.5370187786259542,1.9535,2,0.1923536771221604,0.1931364216475036,0.8026930978678891,0.6033167791713976,66,107,624,29,10.350000000000001
0,3804,3931,5.7025205,1.4994794898764134,1.9373
0,3342,3931,4.6405649,1.3889748278958396,1.866
1,3931,3931,5.938675,1.511113231552163,1.8700999999999999,198,0.5124279273183624,0.7653174960958421,0.8086046801135479,0.6033167791713976,62,102,651,29,10.080000000000002
0,3275,3931,4.6640039,1.4245583078802686,1.8796
1,3931,3931,5.9409796,1.5116996437659034,2.1657,1754,1.3186094609620644,1.5596918765695502,1.5596918765695502,0.6033167791713976,74,120,691,32,11.760000000000002
0,3820,3931,5.6395482999999995,1.4767081173081957,2.0008
0,3820,3931,5.5220281,1.445935611416601,2.0084999999999997
1,3931,3931,6.2449074,1.5890349618320612,1.8788,462,0.14870682132748006,1.3586420699733075,1.3586420699733075,0.6033167791713976,68,116,626,29,10.32
1,3931,3931,5.9389302,1.5111781679389313,1.9246999999999999,1260,0.3408759007035411,0.6441391418743061,0.6441391418743061,0.6033167791713976,58,98,640,26,10.5
0,3275,3931,4.7478557,1.4501697312156383,1.9163
0,3656,3931,5.5813886,1.527055704514364,2.3512
0,3820,3931,5.4400502,1.4244698088504844,1.9657
0,3275,3931,4.5537753,1.3908904398289554,1.9067
0,3656,3931,5.1034471,1.3962919562243503,1.8056
0,3275,3931,4.6398436,1.4171788637751985,1.8898000000000001
0,3273,3931,4.5199808,1.3814122249388754,2.7144
0,3808,3931,5.5474824,1.45717951142632,2.0846
0,3658,3931,5.143845,1.4065750615258408,2.0683
1,3931,3931,5.8839733,1.497194223918575,2.1941,6,1.0384704902990076,1.0502033554564691,1.2704349522462572,0.6033167791713976,72,119,668,31,11.18
0,3275,3931,4.9255943,1.5044576359193649,2.0468
0,3820,3931,5.7226073,1.498457004451427,2.0463999999999998
0,3275,3931,4.5560644,1.391589615149664,2.0774
0,3820,3931,5.6263734,1.4732582875098195,2.7767
0,3421,3931,4.940138,1.4444847953216373,4.058199999999999
0,3656,3931,5.2201146,1.4282119288645692,1.7827
0,3275,3931,5.5101783,1.6830110873549173,2.1531
0,3656,3931,10.8425654,2.9665021614227083,3.2483
0,3820,3931,10.9762867,2.874125870646766,2.874125870646766
1,3931,3931,11.6881933,2.974094987277354,2.977269831546707,1992,1.197764976842,1.4925547414855653,1.4925547414855653,0.6033167791713976,68,117,700,28,10.8
0,3658,3931,10.595411,2.8972958709324583,2.9696000000000002
0,3820,3931,10.7906438,2.8255155276250328,2.8255155276250328
0,3820,3931,10.935130000000001,2.8633490442524225,2.8646138998164177
1,3931,3931,11.7807246,2.997639847328244,2.9993288990825686,8,0.9233264386078415,1.0648715048049122,1.1097733108770313,0.6033167791713976,69,116,678,31,11.500000000000002
0,3497,3931,9.231036,2.6404565217391305,2.8681
0,3820,3931,11.538245700000001,3.021274076983504,3.5566999999999998
0,3275,3931,9.3750806,2.863494379963348,2.8636505041246565
0,3275,3931,9.4717208,2.893011850946854,9.6585
1,3931,3931,12.381499699999999,3.150508829516539,3.8473,1898,0.9027491620940734,1.1442505214700247,1.1775788279077826,0.6033167791713976,57,104,670,31,10.660000000000002
1,3931,3931,13.2212798,3.3641933333333336,3.369274007682458,1648,1.028446634017936,1.1315266551433976,1.291411519587972,0.6033167791713976,66,111,703,35,11.61
0,3809,3931,13.476589,3.539020220588235,3.539020220588235
0,3275,3931,9.5555949,2.918630085522296,4.6234
1,3931,3931,12.807085,3.2588002544529266,3.260675127420999,1956,0.6978464148979313,0.8549429148092906,0.9264213774951294,0.6033167791713976,74,118,665,28,11.75
0,3656,3931,11.2333131,3.073409876880985,4.9841
0,3342,3931,9.1129411,2.727608829691709,2.7454030820872743
0,3275,3931,8.8355165,2.698691661576054,4.4342
1,3931,3931,11.6046314,2.952832417302799,2.9593274130264193,2,0.9478408442440959,0.9530681184263398,1.1743068171335898,0.6033167791713976,55,101,663,27,10.5
0,3342,3931,8.8454751,2.6475531577372045,5.790100000000001
1,3931,3931,11.455930500000001,2.914995038167939,2.991,183,1.1053336499158941,1.3548340450601557,1.3868326081137166,0.6033167791713976,58,106,673,31,10.920000000000002
0,3656,3931,10.2216099,2.796610095759234,2.8249
0,3658,3931,9.9855004,2.730516926442439,2.730516926442439
0,3275,3931,9.445700800000001,2.885064386072083,3.0913999999999997
0,3822,3931,10.985688,2.8750819157288667,2.8750819157288667
0,3805,3931,10.6222992,2.792402523659306,2.792402523659306
0,3656,3931,9.7994108,2.681097346101231,2.814
0,3275,3931,8.7376728,2.6688065974343314,2.7188999999999997
0,3656,3931,10.3667073,2.8363084268125855,2.8363084268125855
0,3656,3931,10.681989399999999,2.9225689192886453,3.3714999999999997
0,3342,3931,9.2407831,2.765873421131398,2.9788
0,3342,3931,10.125032,3.0305393594732113,4.1954
0,3656,3931,11.1066451,3.0387537893296854,4.0294
0,3342,3931,10.0556894,3.0097843160730324,3.597
0,3656,3931,11.7218526,3.2070732147742818,3.2070732147742818
0,3656,3931,11.3103052,3.0944747469220246,3.0944747469220246
1,3931,3931,12.8649724,3.2735298727735365,3.2762031369548583,1999,0.7927095453856888,1.0512068492542888,1.0512068492542888,0.6033167791713976,59,106,653,34,9.840000000000003
0,3342,3931,9.6836293,2.8984224184375935,4.5542
0,3658,3931,11.0176884,3.012766858080394,11.1793
1,3931,3931,11.9257953,3.034553511450382,3.0389030922565805,3,0.28649978649636515,0.2880615597329404,0.5478286278452045,0.6033167791713976,66,113,634,30,11.040000000000003
0,3275,3931,8.9235378,2.7255766035430664,2.725803238619004
0,3656,3931,10.4575602,2.861165581395349,3.2058999999999997
0,3273,3931,9.3121376,2.84600782396088,2.9974
0,3275,3931,9.49858,2.9012156383628587,2.9012156383628587
0,3270,3931,9.1985493,2.813872529825635,2.9734590163934427
1,3931,3931,11.4842682,2.922205648854962,4.406499999999999,1779,0.3415913879215578,0.6941424631150779,0.6941424631150779,0.6033167791713976,55,96,656,27,10.5
0,3656,3931,10.4242306,2.8520466757865934,2.9029
0,3342,3931,8.8148706,2.6383928763843163,2.697870588235294
0,3274,3931,9.7995007,2.9940423770241367,4.172001369863014
1,3931,3931,8.2744378,2.105454910941476,3.1461,1992,0.8800936958602611,1.1412913965187517,1.1412913965187517,0.6033167791713976,56,96,715,30,11.880000000000003
0,3342,3931,4.7045895,1.4081381322957198,1.9282
0,3656,3931,10.494639,2.8713102599179203,2.8713102599179203
0,3272,3931,9.5227965,2.911279883827576,3.0879000000000003
0,3656,3931,10.6129976,2.90369291381669,2.90369291381669
0,3275,3931,9.3078992,2.842974709835064,2.842974709835064
0,3820,3931,12.0777131,3.162532888190626,4.8039
1,3931,3931,12.6671785,3.2232006361323156,3.8235,1801,0.36986954426419316,0.6198711135652052,0.6216016659221675,0.6033167791713976,64,101,653,29,10.32
0,3814,3931,12.5368828,3.2879314975085236,3.2879314975085236
0,3268,3931,9.9751401,3.053302754820937,3.053302754820937
0,3342,3931,9.567658,2.863710865010476,4.7261999999999995
0,3274,3931,9.7713864,2.98545261228231,3.1562
0,3275,3931,9.5349836,2.9123346365302383,2.9160960132890366
0,3275,3931,9.3953283,2.869678772144166,6.0463000000000005
0,3656,3931,11.0511735,3.0235768809849524,5.6349
0,3809,3931,11.9544794,3.1393065651260503,3.4064
0,3656,3931,10.4058441,2.847016169630643,9.1322
0,3581,3931,10.7169757,2.9935686312849166,2.9935686312849166
1,3931,3931,12.0171699,3.057804045801527,4.1399,1,0.17509218483763075,0.17509218483763075,0.6318373099888439,0.6033167791713976,64,103,607,30,10.8
0,3658,3931,10.7432205,2.9377141099261688,2.9378736597374178
0,3806,3931,11.0257406,2.897697923784494,3.7315
0,3656,3931,7.1317652,1.9512353488372092,8.4048
0,3656,3931,5.569542,1.5238145006839947,2.2693000000000003
0,3813,3931,9.1547583,2.4015630377754458,2.4015630377754458
1,3931,3931,10.6943978,2.721220814249364,2.7515866612111295,5,1.5368477555627398,1.5616762182200694,1.7569442715608212,0.6033167791713976,73,121,698,29,11.480000000000002
0,3820,3931,10.8202759,2.833274653050537,2.8367640715412943
0,3805,3931,11.7662313,3.093120741324921,3.093120741324921
0,3820,3931,12.1234681,3.174513773239068,3.5125
0,3656,3931,10.4798617,2.8672672229822167,2.8672672229822167
0,3342,3931,9.9502402,2.9782221490571685,4.1635
0,3656,3931,10.966193,3.000326402188783,5.2727
1,3931,3931,13.1123334,3.3364716030534356,3.3530001831022753,1,1.100180796209868,1.100180796209868,1.398299659108488,0.6033167791713976,66,109,704,30,12.040000000000001
0,3656,3931,11.4264462,3.1262506703146378,3.8758
0,3275,3931,9.799642500000001,2.993171197312157,3.1797
0,3656,3931,11.1201358,3.0424448153214776,3.091951020408163
0,3275,3931,9.6821834,2.9572948686621867,4.5252
0,3820,3931,12.1742017,3.187798297983765,3.187798297983765
0,3820,3931,11.6781983,3.057920476564546,3.057920476564546
0,3658,3931,10.4356047,2.8535971287940933,2.8535971287940933
0,3342,3931,9.2727901,2.7754534869799463,2.7771761933718455
0,3820,3931,11.1050642,2.90784608536266,2.9665
0,3275,3931,8.6266727,2.6349030849114237,2.6863565217391305
0,3656,3931,10.9373226,2.992427523939808,2.992427523939808
0,3275,3931,9.5433779,2.9148985644471592,2.9861000000000004
1,3931,3931,11.538799000000001,2.936081170483461,3.7859,1818,0.725380358803145,1.1074647290944766,1.1074647290944766,0.6033167791713976,65,111,676,26,10.5
0,3656,3931,9.7856573,2.6773344186046515,2.6773344186046515
1,3931,3931,10.7873107,2.744862773536896,2.7473502424087775,929,0.3059267903834661,0.9186508679574655,0.9186508679574655,0.6033167791713976,58,103,654,29,11.25
1,3931,3931,10.5546386,2.685658676844784,3.9050000000000002,1735,0.918542123541503,1.2340246234804328,1.2418641807685724,0.6033167791713976,64,110,653,28,10.250000000000002
0,3820,3931,11.2264744,2.9396371825085104,2.9396371825085104
0,3656,3931,10.1164903,2.767849603283174,4.2665999999999995
1,3931,3931,11.0543766,2.8128184732824426,2.817154659498208,11,0.3336576131046407,0.40705369375426415,0.6633497768106944,0.6033167791713976,68,106,623,29,10.080000000000002
1,3931,3931,12.3522671,3.143070508905853,3.1601503531258177,1,1.2958339752741754,1.2958339752741754,1.539598268522155,0.6033167791713976,70,117,700,29,11.340000000000002
0,3656,3931,10.9667634,3.000482462380301,3.1422
1,3931,3931,12.5197537,3.1856879643765907,3.187678123406425,1,0.5211753105842317,0.5211753105842317,0.8846165555766419,0.6033167791713976,59,100,643,31,9.840000000000003
0,3275,3931,9.9177899,3.029257758094075,3.029257758094075
0,3342,3931,10.2856644,3.0786184974558513,5.353
0,3275,3931,10.6764113,3.26096863164325,3.26096863164325
0,3342,3931,9.7367498,2.914321999401377,3.4994
1,3931,3931,12.4611076,3.170765292620865,3.1732748828735033,1791,0.9111446106337198,1.1391555116381409,1.1762814742854297,0.6033167791713976,56,102,669,32,10.5
0,3421,3931,10.776027299999999,3.1508851754385963,5.139600000000001
0,3275,3931,6.0121885,1.8363434636530236,2.452732384341637
0,3497,3931,10.5418729,3.015409868421053,3.0841802675585286
0,3820,3931,12.0132614,3.145656297460068,3.734
0,3275,3931,9.1160072,2.784363836285889,4.9765
1,3931,3931,11.6724092,2.9700786768447838,2.973994443021767,1634,0.8988821020082006,1.2010228827697382,1.2183000568603017,0.6033167791713976,57,103,663,29,10.5
0,3656,3931,9.7664304,2.6720739808481535,3.1439
1,3931,3931,11.5586583,2.941134427480916,2.943780608073582,1993,1.1768614208896384,1.3606679390214598,1.3606679390214598,0.6033167791713976,60,108,707,30,11.760000000000002
0,3275,3931,9.1422145,2.79236850946854,3.0363
0,3820,3931,10.5897491,2.7729115213406654,2.9664
0,3268,3931,8.3051636,2.542137618610346,2.7734
1,3931,3931,10.9406152,2.78387155216285,2.786412681806583,5,1.0627218813821524,1.3115473251315939,1.3115473251315939,0.6033167791713976,45,92,679,32,10
0,3275,3931,9.0211081,2.7553781612706167,3.4877
0,3342,3931,9.030752,2.7030086800359174,2.787081818181818
1,3931,3931,7.946508,2.022012213740458,4.1537,1,0.439031947222238,0.439031947222238,0.6461156859596389,0.6033167791713976,60,107,641,26,11.040000000000003
0,3656,3931,10.0289174,2.7438898495212034,2.7438898495212034
1,3931,3931,12.8675697,3.274190763358779,3.4206490118577073,504,0.36225892481237065,0.6815347704744604,0.7493952078875221,0.6033167791713976,66,105,639,30,10.32
0,3656,3931,11.4377411,3.1293409302325585,3.9096
1,3931,3931,13.073764,3.3266575063613235,11.4803,1999,1.1042856164652308,1.3265979251642541,1.3265979251642541,0.6033167791713976,77,125,691,32,12.420000000000002
0,3342,3931,10.0375412,3.0043523495959295,3.1812658959537576
1,3931,3931,12.8177826,3.2615222900763357,3.6075999999999997,157,0.3282901131263301,0.4447171819190957,0.7631072281586526,0.6033167791713976,75,120,619,29,11.280000000000003
0,3275,3931,9.6387155,2.944018173488088,5.083
0,3342,3931,9.5873911,2.8696172104160427,3.733
0,3275,3931,9.1399408,2.7916740378741602,3.4516999999999998
1,3931,3931,12.6793745,3.2263039440203563,4.4068,87,0.5323125785530342,0.7518004670475881,0.8071351257625847,0.6033167791713976,63,106,635,32,10.560000000000002
0,3342,3931,9.6719419,2.894924244238252,2.894924244238252
1,3931,3931,12.5424994,3.191475674300255,3.1939621780158123,1999,0.27836912019382976,0.5170368908574732,0.5225860968813709,0.6033167791713976,56,100,631,30,10.560000000000002
0,3275,3931,9.3607164,2.8591070250458155,3.0525368243243247
1,3931,3931,12.2284865,3.11157417302799,3.2024437931034484,1979,0.6441715528111808,0.935387273593907,0.935387273593907,0.6033167791713976,60,103,655,30,10.080000000000002
0,3275,3931,8.2647503,2.524358674404398,2.7915
0,3275,3931,8.5953121,2.6253244043982895,3.1587
0,3656,3931,9.9379046,2.7189889466484267,2.8421000000000003
0,3656,3931,9.489126,2.5962041039671684,2.599264308588064
0,3656,3931,10.3348203,2.827584213406293,2.827584213406293
0,3421,3931,8.9438213,2.615152426900585,2.8762000000000003
1,3931,3931,11.5080285,2.9282515267175575,2.928791980651731,1990,0.3478436944677063,0.6530530673391024,0.6530530673391024,0.6033167791713976,64,104,630,28,10.5
0,3815,3931,11.2463655,2.9487062139486104,6.9467
1,3931,3931,11.5227233,2.931990661577608,2.932924707080999,11,1.036591957506919,1.0804375999356326,1.4847976724614953,0.6033167791713976,62,111,687,33,11.18
0,3656,3931,10.967825,3.000772913816689,3.000772913816689
0,3820,3931,12.0130888,3.145611102382823,5.444
1,3931,3931,12.7073227,3.233415445292621,3.6341,21,0.871330563330591,0.9446133259110473,1.176294424149284,0.6033167791713976,63,101,674,29,10.5
0,3805,3931,9.56329,2.514008937960042,3.1518646048109966
0,3820,3931,12.4324111,3.255410081173082,3.2555363445378154
0,3275,3931,9.5385633,2.9134280085522297,3.7613
0,3820,3931,12.4040511,3.247984053417125,3.247984053417125
0,3342,3931,9.9828637,2.987986740496857,3.0039262355094567
1,3931,3931,12.487047,3.1773656488549618,3.4109000000000003,1785,0.9830009072620952,1.2848326517502977,1.2892166117191477,0.6033167791713976,57,101,691,30,11.340000000000002
0,3270,3931,9.1166773,2.7888275619455487,17.5582
1,3931,3931,12.1497862,3.0915486513994908,3.093324515306122,1991,1.0987842301417954,1.309299543656479,1.31246769443823,0.6033167791713976,63,114,693,33,10.920000000000002
1,3931,3931,12.0197371,3.0584572773536896,3.0662434782608696,3,0.4207947594052479,0.4309185046623119,0.9878517699191568,0.6033167791713976,56,95,641,31,10.5
0,3275,3931,9.8124198,2.9970738546120956,3.050526857142857
1,3931,3931,11.4220115,2.9063642493638677,4.385400000000001,779,0.9533511185819352,1.0463031555075635,1.2297338225001095,0.6033167791713976,61,109,646,33,10.080000000000002
0,3342,3931,9.0659366,2.7135398383717453,2.7883048442906575
1,3931,3931,11.7055439,2.97850989821883,3.0781,2,1.3154761818382041,1.3198002228652148,1.5709399852657744,0.6033167791713976,67,115,703,30,11.070000000000002
0,3656,3931,12.2680073,3.3564999452804383,3.3564999452804383
0,3275,3931,8.8606144,2.706357483200977,2.7802295546558704
0,3810,3931,11.4676058,3.0106604883171433,3.3571
1,3931,3931,11.2933011,2.873613511450382,4.7379,1,1.2770463868127893,1.2770463868127893,1.567463972755296,0.6033167791713976,62,111,686,30,11.340000000000002
1,3931,3931,11.9133637,3.0313902544529263,4.1183000000000005,57,0.4297076914913809,0.6822929761776134,0.6822929761776134,0.6033167791713976,61,103,648,29,10.5
0,3800,3931,11.4160332,3.0050100552777046,3.3011
0,3342,3931,9.7482116,2.9177526489075123,4.1116
1,3931,3931,12.6739432,3.2249219338422392,4.749,1996,1.1521734992814314,1.4490435142288214,1.4490435142288214,0.6033167791713976,68,115,709,32,11.760000000000002
0,3275,3931,9.5770083,2.9251705253512523,2.925829370415648
0,3275,3931,9.672187,2.954241600488699,3.7274000000000003
0,3656,3931,11.9651124,3.2736285636114912,3.5931
0,3342,3931,10.1399258,3.0349972463334334,3.0349972463334334
1,3931,3931,12.452217,3.1685030534351144,4.426,1,0.6080267118537783,0.6080267118537783,0.9615841005052891,0.6033167791713976,50,96,623,29,9.840000000000003
1,3931,3931,12.8598804,3.2722341984732823,3.2879191406249997,18,1.227393411848449,1.2493506070987683,1.4876630083323477,0.6033167791713976,72,123,718,32,11.760000000000002
1,3931,3931,12.1962823,3.103379720101781,5.063,510,0.8586838210798117,0.9746032052653882,1.195005204365802,0.6033167791713976,57,100,668,29,10.5
0,3275,3931,9.2622051,2.829018051313378,4.476
0,3275,3931,9.1687069,2.800460262675626,4.0261000000000005
0,3656,3931,10.8994886,2.9820762243502053,2.9820762243502053
0,3275,3931,8.9430569,2.7315384544899204,2.7315384544899204
1,3931,3931,11.1987497,2.849554631043257,3.1660999999999997,1229,0.3603004773982132,0.5362926446293896,0.7286470865729348,0.6033167791713976,60,105,629,27,10.32
0,3274,3931,8.6294358,2.636552337305224,2.919473092369478
1,3931,3931,11.7088471,2.9793504071246817,2.979772810590631,243,1.277625259428186,1.3896888368117968,1.450824397198346,0.6033167791713976,67,113,694,31,11.760000000000002
0,3820,3931,11.2077199,2.934726341974339,2.934726341974339
0,3902,3931,11.8791677,3.0451596257369906,3.0451596257369906
0,3656,3931,10.4163353,2.8498865389876884,3.4346
0,3275,3931,8.9825302,2.7435950519242516,3.7283
0,3820,3931,8.2966109,2.1724563760146633,4.1206000000000005
0,3274,3931,9.1274516,2.788711151848457,2.788711151848457
1,3931,3931,12.547792,3.192822391857506,3.1944677402862984,34,0.3277765486532254,0.4292614614044529,0.7422579083048426,0.6033167791713976,63,106,619,31,10.080000000000002
0,3342,3931,10.0607045,3.011285393594732,4.6467
1,3931,3931,13.3409028,3.394631755725191,3.394982230142566,896,0.8466506941353511,1.1260779810687567,1.1338053204578995,0.6033167791713976,62,108,689,32,10.920000000000002
0,3271,3931,9.8540849,3.013481620795107,4.8007
1,3931,3931,12.6504028,3.218932010178117,3.3991,129,0.9407445473090531,1.2387084681946343,1.2415410057025016,0.6033167791713976,72,113,664,28,10.5
0,3275,3931,10.1623237,3.103947373243739,3.103947373243739
1,3931,3931,12.1616743,3.094573613231552,3.5494,1996,0.5166532602615681,0.7525500609978858,0.7525500609978858,0.6033167791713976,67,109,630,32,10.560000000000002
0,3275,3931,9.7198618,2.968803237629811,2.968982309807516
0,3658,3931,10.8018665,2.953750751982499,3.4177
0,3275,3931,9.2096533,2.812966799022602,2.81333583868011
0,3658,3931,10.8403281,2.9642680065627567,2.9644963347921225
0,3342,3931,9.402243200000001,2.8142002993115836,2.9093
1,3931,3931,12.1478083,3.0910453689567428,3.9417999999999997,6,1.051703154094571,1.0613531760408423,1.2908644282274957,0.6033167791713976,68,114,689,32,10.75
0,3275,3931,9.0716891,2.770827458766035,3.0219
1,3931,3931,11.1716404,2.842656590330789,4.844099999999999,141,0.21923231019057637,0.611025064769052,0.611025064769052,0.6033167791713976,59,102,647,27,10.75
0,3275,3931,6.1537061,1.8795681429444107,2.796
1,3931,3931,8.923612,2.2706391857506363,2.2706391857506363,1998,0.7341300633629372,0.9200726977278161,0.9225038329784706,0.6033167791713976,62,104,641,31,10.080000000000002
0,3275,3931,7.700535,2.352026572999389,2.85174010989011
0,3808,3931,5.8707204,1.5420857368006304,1.9199
1,3931,3931,6.2228491,1.5834221628498728,1.8677,880,1.244558816331619,1.4860443777607069,1.4860443777607069,0.6033167791713976,64,112,692,32,11.070000000000002
0,3273,3931,7.0971193,2.169046240831296,2.169046240831296
0,3820,3931,8.7069893,2.2799134066509557,2.6189999999999998
0,3342,3931,10.0007484,2.993339838371745,4.7981
0,3656,3931,10.2280433,2.7983702599179203,2.999
1,3931,3931,12.0741385,3.072299872773537,3.8803,1267,0.693898173548287,0.9681090211759293,0.991132743578266,0.6033167791713976,56,100,621,33,10.32
0,3809,3931,12.372813,3.2491630777310925,3.7387
0,3275,3931,9.3795092,2.864847037263286,3.0147044827586207
1,3931,3931,12.7487858,3.2439658524173027,3.2479876344086023,1,1.4211841823408962,1.4211841823408962,1.6807752246355119,0.6033167791713976,84,132,717,31,12.47
0,3342,3931,9.5140703,2.8476714456749472,4.0593
1,3931,3931,12.6762515,3.225509287531806,3.229223194692524,4,1.0178645735913814,1.019660704723903,1.2384994569942733,0.6033167791713976,77,121,686,30,10.75
0,3656,3931,11.7640766,3.2186256087551297,3.2186256087551297
1,3931,3931,12.749631,3.2441809160305346,3.2452270504330105,513,1.023031428159776,1.2591360696913756,1.2591360696913756,0.6033167791713976,70,117,672,31,10.5
0,3275,3931,10.0456907,3.0683233659132556,3.0886916860658458
0,3822,3931,11.954436,3.128614498822298,3.128614498822298
0,3820,3931,12.8538769,3.365770332547787,3.432
0,3342,3931,9.7560071,2.920085932355582,2.9294852698993594
0,3275,3931,8.872267,2.709916615760538,3.2414
0,3342,3931,9.3558589,2.800316941035618,2.8135634339737727
0,3342,3931,8.6824784,2.5987663573780306,3.9608999999999996
0,3275,3931,8.6712391,2.6485153023824064,2.8323
0,3342,3931,9.3120193,2.7871952409458247,2.7871952409458247
0,3270,3931,7.4766952,2.2871505659223006,3
0,3275,3931,7.9983386,2.4429867440439827,2.4429867440439827
0,3275,3931,8.4101644,2.568773488087966,2.765187285223368
0,3275,3931,8.2379351,2.5161683262064747,2.6189
0,3658,3931,10.5790462,2.8928209461307084,2.892912308533917
0,3275,3931,8.9445783,2.732003145998778,2.9732
1,3931,3931,12.4386555,3.1650522900763356,3.169857695262484,1370,0.8423173003354499,1.1434950923570448,1.1607096578163654,0.6033167791713976,57,101,669,30,10.5
1,3931,3931,13.1018293,3.333798804071247,3.3372240204865555,1996,0.8746799116453461,1.1079986475524284,1.1079986475524284,0.6033167791713976,55,101,643,32,10.250000000000002
1,3931,3931,12.715581,3.23551679389313,3.2360468128505864,1941,0.7170298362109937,1.0075731490722901,1.0075731490722901,0.6033167791713976,62,109,648,31,10.75
0,3656,3931,10.9347277,2.99171756497948,2.992035857142857
0,3272,3931,9.9210419,3.033030235402018,3.033030235402018
0,3275,3931,10.0916428,3.082358827122786,3.975
0,3342,3931,10.0439325,3.0062653397186474,3.2564
0,3275,3931,9.8366407,3.0044718081857056,3.0626949806949804
0,3658,3931,11.5922138,3.1698697839759364,4.1237
0,3658,3931,11.5375308,3.1549168170631665,3.207088666666667
1,3931,3931,13.0462057,3.319645216284987,3.3206852881183067,86,0.5001696666636154,0.7182716719332297,0.7809566869853137,0.6033167791713976,67,109,654,31,11.500000000000002
0,3275,3931,9.7077645,2.9651082773365913,3.057985172413793
0,3274,3931,9.1324811,2.7902478154598227,2.7902478154598227
0,3581,3931,10.7009514,2.989092569832402,2.989092569832402
0,3656,3931,11.4223872,3.1251401367989056,3.1251401367989056
1,3931,3931,11.479059,2.9208801526717556,6.237699999999999,3,0.977106412536536,0.9930076428411586,1.2964589492412582,0.6033167791713976,61,105,693,28,11.340000000000002
0,3497,3931,9.8108705,2.80631307208238,2.8101
0,3275,3931,8.7099187,2.660329474648748,4.3913
0,3275,3931,9.0682258,2.769769639584606,2.769769639584606
0,3656,3931,10.4121366,2.8487377838577292,3.0682
0,3656,3931,10.8597139,2.971193953488372,2.971193953488372
0,3342,3931,9.0474755,2.7080142173002093,2.722964784864205
0,3658,3931,10.4299345,2.8520466229149575,2.8522647428884027
0,3820,3931,11.7074623,3.06558321550144,3.2516847176079735
1,3931,3931,12.3374262,3.1392941984732823,3.141919183673469,10,0.38410191537257327,0.7771012340129999,0.8421179376945268,0.6033167791713976,69,112,630,29,10.32
0,3342,3931,9.8764093,2.956123705477402,3.5982000000000003
1,3931,3931,13.2569027,3.373257684478371,4.0676000000000005,1457,0.894572483849384,1.2111468530374894,1.226149684544424,0.6033167791713976,60,106,699,27,11.61
0,3820,3931,12.402219,3.24750432050275,3.24750432050275
1,3931,3931,13.1096842,3.335797506361323,4.6361,1,0.799303330182295,0.799303330182295,1.2412758800104997,0.6033167791713976,61,104,664,28,11.18
0,3656,3931,11.4985233,3.1459708071135433,3.995
0,3656,3931,11.56648,3.1645636114911078,3.1645636114911078
1,3931,3931,12.4712313,3.1733412977099236,3.174386362477696,638,0.547173324456752,0.8447497275873651,0.8865273837436951,0.6033167791713976,51,93,651,31,10.5
0,3656,3931,11.4864874,3.1426778112175104,3.1426778112175104
0,3656,3931,11.5683506,3.1650754035567714,3.1650754035567714
0,3656,3931,10.88318,2.977614227086183,3.0301216216216216
1,3931,3931,12.3498552,3.1424567938931296,3.144753710788064,4,0.39550660526720727,0.4166596519626574,0.6706972343641091,0.6033167791713976,57,104,663,30,11.880000000000003
0,3275,3931,9.1171415,2.784710293219304,2.7877
0,3656,3931,10.2012108,2.791028946648427,4.1948
1,3931,3931,11.6725901,2.970124707379135,2.972243192248852,1,0.4079626780698382,0.4079626780698382,0.7266282601681155,0.6033167791713976,59,105,641,28,10.8
0,3275,3931,9.8839751,3.0189294746487483,4.5601
0,3342,3931,9.0144127,2.6981181382819512,3.0418
0,3275,3931,8.5563046,2.613410079413562,2.6395
0,3656,3931,10.3502726,2.8318119288645693,3.0971
0,3656,3931,10.217755499999999,2.795555540355677,2.795555540355677
0,3275,3931,9.4470759,2.8854843921808184,3.3281
1,3931,3931,12.1831697,3.1000431806615776,3.106207580025608,19,0.3519711099916346,0.6069618534452029,0.6827150494134938,0.6033167791713976,61,103,653,28,10.920000000000002
0,3820,3931,12.671381,3.3179840272322596,3.6172
0,3274,3931,9.3883474,2.868422670333028,3.01165956284153
0,3275,3931,10.0637363,3.073835155772755,3.073835155772755
0,3656,3931,11.8149287,3.2325386320109435,3.8495
0,3820,3931,12.9606639,3.3937323644933226,10.3285
1,3931,3931,13.1030866,3.3341187277353685,4.3616,1141,0.8395425554213487,1.1144942871705852,1.1400865797181812,0.6033167791713976,59,101,667,29,10.660000000000002
1,3931,3931,12.9415697,3.2930202798982187,3.6953,1,0.7811898103035877,0.7811898103035877,1.1242715472222728,0.6033167791713976,46,91,654,31,10.5
0,3413,3931,10.3318094,3.0280801289566233,5.0269
0,3342,3931,9.7681117,2.9237089793475013,4.1915
0,3271,3931,9.50156,2.905675840978593,5.714300000000001
1,3931,3931,12.5107885,3.1834067430025446,3.9425,419,1.008139037682271,1.2653719401348908,1.2653719401348908,0.6033167791713976,59,107,684,31,10.32
1,3931,3931,12.215356,3.108233078880407,3.109689778230946,80,0.8825244976222116,1.0457826980411469,1.1449996320894953,0.6033167791713976,77,123,690,33,12.480000000000002
0,3656,3931,10.2491236,2.8041377838577293,2.9779
0,3656,3931,10.2824949,2.813268098495212,3.4762999999999997
0,3275,3931,9.1304464,2.788774098961515,3.1583
0,3421,3931,9.8653011,2.884590964912281,2.926308163265306
1,3931,3931,11.359394,2.8904310432569975,2.8915684076433124,1,0.3487336160575719,0.3487336160575719,0.6439689942977899,0.6033167791713976,55,93,637,29,10.080000000000002
0,3274,3931,8.9663405,2.7394868622059274,3.1028000000000002
0,3820,3931,11.7601268,3.0793733438072795,3.0793733438072795
0,3656,3931,11.1634838,3.0543047332421343,3.1153999999999997
1,3931,3931,13.1855229,3.3550948854961833,3.358116173469388,1492,0.24938192124664124,0.6133420000588488,0.6133420000588488,0.6033167791713976,62,96,621,27,10.080000000000002
1,3931,3931,13.1202298,3.3384808651399496,3.3659753517457007,1597,0.8511010631917438,1.1913227630731982,1.2110485343227106,0.6033167791713976,61,108,661,28,10.5
0,3342,3931,9.4526871,2.8292987428913503,4.6114
0,3275,3931,9.3675433,2.8611922113622477,3.9810999999999996
1,3931,3931,12.8853757,3.27872155216285,4.1764,1820,0.5815504673514702,0.8686206583020285,0.8686206583020285,0.6033167791713976,57,103,644,30,9.840000000000003
0,3274,3931,10.5476018,3.222609776963031,3.5075000000000003
0,3820,3931,12.8944614,3.376397329143755,3.379263232588699
0,3820,3931,12.3147048,3.224588845247447,3.2295404837013666
0,3656,3931,11.3836758,3.11454878248974,3.4536
0,3342,3931,9.7504173,2.9184128404669263,3.0519000000000003
1,3931,3931,12.6097003,3.2085751399491094,5.4201,1884,1.2653271136369748,1.4892739615287696,1.4892739615287696,0.6033167791713976,68,112,715,31,11.760000000000002
0,3658,3931,11.6490964,3.185424227508887,3.185424227508887
1,3931,3931,12.4758366,3.174513129770992,3.5422000000000002,10,0.45603129989318764,0.5509699886882313,0.8423925045888834,0.6033167791713976,66,107,640,29,10.32
0,3804,3931,11.2659763,2.962391874835656,3.6187
0,3820,3931,10.7031105,2.8025950510604867,3.4573
0,3275,3931,8.4958995,2.594960140500916,5.048699999999999
0,3275,3931,8.9769034,2.7418764202810015,2.7418764202810015
0,3270,3931,8.6822631,2.6559385438972165,3.4665999999999997
1,3931,3931,12.8345521,3.2657893384223917,3.2657893384223917,349,0.2846592924584077,0.45122223550818136,0.515665788216423,0.6033167791713976,56,100,634,30,10.75
0,3275,3931,8.685982899999999,2.653018601099572,2.9068
0,3275,3931,9.6474385,2.9466824984728164,9.8437
0,3275,3931,9.407563,2.873415699450214,2.8740985325588504
0,3342,3931,9.9047147,2.9645958395689913,3.4311
0,3275,3931,9.9848386,3.04973689676237,4.9989
0,3406,3931,10.7014876,3.1428744787077827,3.2401139442231077
0,3820,3931,13.0901764,3.4276450379680545,3.4276450379680545
1,3931,3931,13.9451003,3.5483715776081426,3.5555877592829708,1372,0.980387391387361,1.2731515661621076,1.2797246786391565,0.6033167791713976,59,103,677,28,11.070000000000002
1,3931,3931,14.1153811,3.591700025445293,6.2538,60,0.014603911725897945,0.1448692096924396,0.30641212337479434,0.6033167791713976,57,102,608,28,11
0,3275,3931,10.600724,3.2378509468540013,4.649900000000001
0,3419,3931,10.452271,3.0580078993563484,3.0580078993563484
0,3902,3931,12.8367701,3.290635760061523,3.6365
1,3931,3931,12.7599808,3.2468144529262086,3.249198112726345,34,0.2684195202882156,0.3795678927234141,0.7110160318342973,0.6033167791713976,53,98,646,31,10.75
0,3275,3931,9.6353423,2.942987874160049,7.7654000000000005
0,3656,3931,11.2093076,3.066842024623803,3.066842024623803
0,3273,3931,9.3612067,2.861004492665037,3.5827
0,3656,3931,11.0126319,3.0130319835841313,3.0130319835841313
0,3275,3931,9.1111673,2.7828855528405616,3.2755
0,3275,3931,6.9906779,2.1352101099572387,4.3095
1,3931,3931,6.3644996,1.6194655470737913,1.9218,1,0.9984794528750335,0.9984794528750335,1.3923453420839598,0.6033167791713976,64,107,705,31,11.340000000000002
0,3805,3931,5.9646622,1.5679974237644587,1.9442000000000002
0,3810,3931,9.1217751,2.3947952480966133,2.7252
0,3275,3931,9.561679,2.920488393402566,3.7723
0,3820,3931,11.8716319,3.1085708038753603,5.6154
0,3342,3931,9.683797,2.898472612990123,3.7291999999999996
0,3274,3931,9.1725141,2.802479101741522,2.944
0,3274,3931,8.4753681,2.5894800183318063,4.5302
0,3820,3931,13.0831114,3.4257950772453523,6.496
0,3656,3931,12.8350728,3.511647824897401,6.0417
0,3810,3931,13.4429415,3.5292574166447883,5.61
1,3931,3931,13.0077447,3.309858702290076,3.4789,55,1.1799443253878887,1.4903331201818082,1.4903331201818082,0.6033167791713976,66,114,679,30,10.250000000000002
0,3809,3931,13.0958656,3.4390403361344535,3.6507
0,3275,3931,10.1115356,3.088434819792303,3.1206
0,3342,3931,10.3691562,3.1036085603112844,4.0794999999999995
0,3656,3931,11.2127278,3.0677777838577294,4.3267999999999995
0,3656,3931,11.2527181,3.078719042407661,4.6931
0,3816,3931,12.5891209,3.2999006290956747,3.2999006290956747
0,3820,3931,11.5999584,3.037433464257659,3.1719999999999997
0,3820,3931,12.3608864,3.23668143493061,3.23668143493061
0,3275,3931,9.5311232,2.91115552840562,2.91115552840562
1,3931,3931,12.3349937,3.1386752417302803,3.1391431262729124,468,0.5498711090556491,0.7724331684701614,0.8008967515343289,0.6033167791713976,60,100,647,31,10.080000000000002
0,3275,3931,9.4384414,2.8828470983506413,2.8828470983506413
0,3811,3931,12.6872545,3.329988057742782,3.8627000000000002
0,3420,3931,9.6250455,2.8151639368236325,2.8398729166666667
0,3807,3931,11.9412157,3.1374712821860222,3.1374712821860222
0,3275,3931,9.7392938,2.9747384850335985,2.9986579766536967
0,3820,3931,11.8138435,3.0934389892642056,3.8474999999999997
0,3820,3931,11.687403,3.0603307148468186,3.0603307148468186
0,3803,3931,12.6987294,3.340012993161494,3.3876
0,3820,3931,13.2578268,3.4715440691280444,3.4715440691280444
1,3931,3931,16.4370604,4.182458117048346,4.223164485006519,1752,0.40076200540798496,0.6510642527756803,0.6688409357761856,0.6033167791713976,60,105,617,29,10.8
0,3342,3931,5.3061098,1.588180125710865,2.2295000000000003
1,3931,3931,6.4194015,1.633435496183206,2.0524,257,1.4435097371495473,1.6147267475687899,1.6423567106832127,0.6033167791713976,71,119,728,35,11.760000000000002
0,3275,3931,4.7579829,1.4532629505192425,2.0505
0,3270,3931,4.6058103,1.408935546038544,2.0153
0,3820,3931,6.0882116,1.5941899973815137,2.0525
0,3275,3931,4.8413781,1.4787349114233352,1.9092
0,3820,3931,5.9069529,1.5467276512175963,1.9673999999999998
1,3931,3931,6.2170815,1.5819545801526718,2.0743,903,0.7661692230346858,1.0464305106012426,1.0466191072497601,0.6033167791713976,60,99,652,31,10.5
1,3931,3931,6.2246278,1.5838747582697201,2.2264,3,0.9052412411642723,0.9515902567723367,1.1838223896029616,0.6033167791713976,49,93,622,33,10.5
0,3342,3931,4.7851989,1.4322654594432807,1.9371
0,3275,3931,4.811929,1.469740073304826,1.9463
0,3271,3931,4.7048906,1.4388044648318041,1.8941999999999999
0,3656,3931,5.5147005,1.5088099863201094,2.2744000000000004
0,3275,3931,4.8900072,1.493588026878436,2.4683
1,3931,3931,6.1209692,1.5574985241730281,1.9054,1999,1.0400924007319259,1.3107859328963054,1.3107859328963054,0.6033167791713976,55,104,686,33,10.660000000000002
0,3275,3931,4.7995809000000005,1.4659685094685402,1.9123
1,3931,3931,6.4556629,1.6426623155216287,1.9427999999999999,774,0.2777245752228683,0.6540315289000951,0.6540315289000951,0.6033167791713976,56,94,636,27,10.5
0,3820,3931,6.2022073,1.6240396177009688,1.8641
0,3901,3931,6.2681009,1.6072053589743591,2.2945
0,3342,3931,5.0541998,1.512780544747082,1.9067
0,3342,3931,4.9039399,1.4678060161628257,1.932
0,3656,3931,5.7661169,1.5775969630642954,1.896
0,3275,3931,4.8423752,1.4790394624312768,2.1744999999999997
0,3275,3931,4.8472707,1.4805347281612706,1.9949
0,3342,3931,4.8102667,1.439768542352589,2.0879000000000003
0,3275,3931,4.824072,1.473448992058644,2.0018000000000002
1,3931,3931,7.162325,1.822474554707379,1.8474,1762,0.3595169195147556,0.8620446507563156,0.8622255089306889,0.6033167791713976,58,102,654,31,10.920000000000002
0,3820,3931,6.1007572,1.597475045823514,2.0602
1,3931,3931,6.239938,1.5877704834605597,1.9994,1694,0.8837946119982528,0.9954755305075221,1.1190705615024303,0.6033167791713976,51,91,673,29,10.250000000000002
0,3342,3931,5.0202191,1.5026097276264592,1.8982
0,3342,3931,4.9135282,1.4706759054175396,1.9443
0,3275,3931,4.9564221,1.5138735797189982,1.8961
0,3820,3931,6.0449985,1.5828747054202672,1.9407999999999999
1,3931,3931,6.3234385,1.6090174300254454,2.1370999999999998,16,0.427295919594629,0.4374471439704318,0.8594165903970191,0.6033167791713976,60,102,653,29,11
0,3806,3931,6.1965728,1.628534244415243,2.3368
0,3268,3931,5.0074409,1.53273367003367,2.0363
0,3342,3931,4.9841086,1.4918014366956,1.9976999999999998
0,3656,3931,5.6230723000000005,1.5384602735978115,1.9313
1,3931,3931,6.3043656,1.6041642748091602,1.9350999999999998,1997,0.7998186557204747,1.0363383022896195,1.0363383022896195,0.6033167791713976,45,91,628,33,9.840000000000003
1,3931,3931,6.5310309,1.6618399236641221,1.9861000000000002,3,1.1655373755151721,1.234506930194705,1.6091177331114006,0.6033167791713976,68,110,707,30,11.340000000000002
0,3275,3931,4.9608247,1.5152182956627978,2.5553
0,3342,3931,5.0138675,1.5007086201736008,5.6883
0,3820,3931,5.9199074,1.5501197695731868,1.9259
0,3656,3931,5.6277488,1.53973975376197,2.8658
0,3273,3931,4.8768881,1.4904914731051344,1.9594
1,3931,3931,6.2789187,1.5976892366412214,1.9769,1986,0.9124592736312884,1.0424834407812535,1.125722421795629,0.6033167791713976,67,113,676,29,11.18
1,3931,3931,6.429498,1.6360045801526717,1.9613999999999998,1991,0.3855639519720916,0.6909596244788909,0.6909596244788909,0.6033167791713976,67,108,646,30,11.040000000000003
0,3271,3931,4.8739178,1.4904947400611621,1.9442000000000002
0,3806,3931,6.1025011,1.6038110643889618,1.9432
0,3821,3931,6.1423324,1.6079404188481676,1.9418
0,3820,3931,5.9879118,1.5679266300078554,2.0146
0,3820,3931,5.7791205,1.5132549096622152,2.9705
0,3656,3931,5.646714,1.5449285909712722,1.7913000000000001
0,3275,3931,4.8863533,1.4924719914477702,1.8894
0,3658,3931,5.5238834,1.5104958709324583,1.9122
0,3809,3931,6.1116434,1.6049483718487394,1.8688
0,3820,3931,6.0935027999999996,1.5955754909662214,2.1165
0,3275,3931,5.0379103,1.5387630726939525,1.8963
1,3931,3931,6.6145732,1.6830975063613232,2.19,1972,0.37158812987468903,0.5984298179670811,0.5984298179670811,0.6033167791713976,58,102,645,30,10.5
1,3931,3931,6.5862236,1.6758838676844785,2.0458,1602,0.40367272132874826,0.6275711167667164,0.6279395781609562,0.6033167791713976,64,108,638,32,10.8
1,3931,3931,6.5422763,1.6647013486005091,2.0741,68,0.7084984782203397,1.0297160042074802,1.0341270189158307,0.6033167791713976,65,110,640,33,10.5
0,3656,3931,5.7494817000000005,1.57304560875513,2.4431000000000003
0,3820,3931,6.1588052,1.6126748363445929,2.0909
0,3275,3931,4.9889286,1.523802260232132,3.9733
0,3275,3931,4.9287844,1.5054320097739766,1.9241
0,3275,3931,4.8484787,1.4809036957849726,1.9441
0,3342,3931,5.0400069,1.508532445375636,1.8991
0,3820,3931,6.1319522,1.6056434145064151,2.1472
0,3658,3931,5.5875334,1.527900847689363,2.5078
1,3931,3931,6.5683219,1.671328727735369,1.9848999999999999,1999,1.3215271690121293,1.534843084571635,1.534843084571635,0.6033167791713976,65,112,716,32,11.340000000000002
0,3275,3931,4.9424092,1.5095935247403787,1.9881
0,3820,3931,6.2586667,1.6388234354543074,1.9154
0,3820,3931,6.4578599,1.6909819062581826,2.2868
0,3656,3931,5.6431248,1.5439465937072503,2.0026
0,3656,3931,5.6540569000000005,1.5469375923392614,1.9676
0,3272,3931,5.0069955,1.5307231733414859,2.3829
0,3275,3931,4.9949992,1.5256564447159435,2.2527
1,3931,3931,6.5182683,1.6585924427480916,2.5239,62,0.4583201038856621,0.49691113686888927,0.6386204176048602,0.6033167791713976,56,105,637,29,11.25
0,3273,3931,4.8548811,1.4837656173594134,1.8978000000000002
1,3931,3931,6.4727043,1.6469985496183206,1.9675,387,0.3217213829051016,0.6130403720079506,0.6130403720079506,0.6033167791713976,61,100,640,27,10.5
0,3342,3931,4.9992072,1.4963206225680934,2.478
0,3820,3931,6.2585293,1.6387874574495942,2.1719999999999997
0,3820,3931,6.1342247,1.6062384655669022,1.889
1,3931,3931,6.4589091,1.643488320610687,2.1471,1254,0.377255159956746,0.6470381242648178,0.6484335804410487,0.6033167791713976,59,102,620,26,10.080000000000002
0,3820,3931,6.1703293,1.615692406389107,1.8915
0,3656,3931,5.8343331,1.5962607660738715,3.3441
0,3273,3931,4.9621975,1.5165640281173596,2.0573
0,3275,3931,4.9191707000000005,1.5024956322541236,2.2902
0,3658,3931,5.7219451,1.5646554826360404,2.1658
0,3275,3931,4.9335295,1.5068813378130725,2.007
0,3275,3931,4.819629,1.472091936469151,1.8958
0,3820,3931,6.2230589,1.6294995810421575,1.897
0,3342,3931,4.8359036,1.4474419634839868,2.6365999999999996
0,3820,3931,6.1121452,1.6004569782665619,1.8519999999999999
1,3931,3931,6.4366397,1.637821806615776,2.4792,448,0.8753567782451773,1.1708145954623712,1.1708145954623712,0.6033167791713976,66,108,671,29,10.32
0,3275,3931,4.9120602,1.5003238240684178,3.1747
0,3820,3931,6.2068874,1.6252650955747578,2.3859
0,3656,3931,5.8675006,1.605335321477428,1.9567999999999999
0,3656,3931,5.8831322,1.6096120930232558,2.2551
0,3275,3931,4.9465761,1.5108662492364078,1.8699999999999999
0,3656,3931,5.7813476999999995,1.581764076607387,2.8579999999999997
1,3931,3931,6.5875808,1.6762292111959287,2.2254,1966,1.0126240931851656,1.227111079524088,1.2277586294583542,0.6033167791713976,51,95,670,32,9.840000000000003
0,3275,3931,4.8800322000000005,1.4905412950519243,2.4466
0,3275,3931,4.9665676,1.5169723885155775,1.8655
0,3820,3931,6.4515469,1.689328855721393,2.2477
1,3931,3931,6.7203515,1.7100131043256996,1.9684,183,0.35722085204639,0.6783826068580434,0.7308516038569876,0.6033167791713976,58,100,631,28,10.32
0,3342,3931,5.3279851,1.5947276563903023,1.9063999999999999
0,3273,3931,5.1413333,1.5713121332518338,1.9144999999999999
1,3931,3931,6.6920445,1.7028103053435115,2.1670000000000003,133,0.8962966830197888,1.0856644328194702,1.1847054010351015,0.6033167791713976,57,101,658,31,10.5
0,3275,3931,4.9211261,1.5030928833231523,2.039
0,3820,3931,6.1730492,1.6164046085362662,2.2804
0,3656,3931,5.843491,1.5987663474692202,1.845
0,3275,3931,4.9776148,1.520346609651802,2.0087
1,3931,3931,6.6964541,1.7039323409669214,1.9732,1,1.1843667480042508,1.1843667480042508,1.4640682035219308,0.6033167791713976,71,113,710,32,11.890000000000002
1,3931,3931,6.6462084,1.691147175572519,2.2056,1966,0.5891362151221725,0.7997436749621885,0.7997436749621885,0.6033167791713976,72,118,647,28,11.280000000000003
1,3931,3931,6.4081905,1.630582824427481,1.9947,519,0.583352700700061,0.853366707611338,0.853366707611338,0.6033167791713976,67,111,671,29,10.5
1,3931,3931,6.7324483,1.7130911704834606,1.9276,1533,0.9764164629310438,1.3056336948284044,1.3056336948284044,0.6033167791713976,67,108,690,32,12.040000000000001
0,3342,3931,5.0650986,1.5160426818317867,1.8937
0,3274,3931,5.1059107,1.5600093797739079,1.8738
0,3656,3931,5.9005082,1.6143661285909714,1.9315
0,3656,3931,5.9037714999999995,1.6152589603283174,5.7367
1,3931,3931,6.445743,1.6401381679389313,1.8799000000000001,1,0.8220307829590563,0.8220307829590563,1.1672832526752028,0.6033167791713976,57,101,676,31,10.5
0,3658,3931,5.8268208999999995,1.5933335794366967,2.5507
0,3656,3931,5.898841,1.6139099863201096,1.9373
0,3820,3931,6.4246673,1.6822904687090863,2.3826
0,3656,3931,5.7445488000000005,1.5716959781121753,1.9239000000000002
1,3931,3931,6.5089395,1.6562187022900765,2.6663,1027,1.284825740196134,1.5539628793879972,1.5651235395749101,0.6033167791713976,76,126,710,34,12.180000000000001
0,3419,3931,5.1968952,1.5204491515506144,2.3475
1,3931,3931,6.5537914,1.667631399491094,1.9607999999999999,1394,0.43823829324207103,0.607899982640238,0.6564477318445,0.6033167791713976,59,106,628,32,10.560000000000002
0,3820,3931,6.2530841,1.6373616391725583,1.9543
0,3275,3931,5.9153682,1.806770983506414,2.2981
0,3342,3931,5.1733791,1.5484522897336128,2.0384
0,3656,3931,6.0503067,1.6553506703146375,2.1494
0,3820,3931,6.4150763,1.6797790782927466,2.5982000000000003
0,3342,3931,5.1010933,1.5268163124812928,2.1016
1,3931,3931,6.5286392,1.6612313486005088,2.6713,4,0.36450965703606275,0.6530308721028816,0.6871500134787049,0.6033167791713976,57,98,635,28,10.080000000000002
0,3342,3931,5.063359,1.5155219994013769,4.7459
0,3497,3931,5.5121931,1.5767142734553776,2.1058000000000003
0,3820,3931,6.5053640999999995,1.7034208169677925,1.9413
1,3931,3931,6.7009693,1.7050812468193384,1.9082000000000001,265,0.29120309671575334,0.47085119738580355,0.5176286949605247,0.6033167791713976,71,109,647,30,11.040000000000003
0,3275,3931,5.3624485,1.6378889737324376,1.9929000000000001
0,3275,3931,5.1300594,1.5669087965791082,1.8963
1,3931,3931,6.9461246,1.7674617302798983,2.0128,44,1.3993361706372351,1.6207093275476152,1.6414515221477857,0.6033167791713976,74,129,721,32,11.760000000000002
0,3275,3931,5.0566224,1.5444784361637143,2.2546
0,3820,3931,6.3294567,1.6573597014925372,2.1313999999999997
0,3275,3931,5.1372821,1.5691148747709225,2.0246
0,3809,3931,6.7374564,1.7692900210084033,2.2926
0,3820,3931,6.4132937,1.6793123068866194,1.8747
1,3931,3931,6.5347907,1.6627966157760816,2.402,1,1.0036024426537715,1.0036024426537715,1.2997679268265814,0.6033167791713976,53,101,651,33,9.840000000000003
0,3656,3931,6.2913346,1.7212953761969905,1.9336
0,3808,3931,6.4197489,1.6863012608353036,2.3942
0,3274,3931,5.1584412,1.5760590284142988,1.8631
0,3342,3931,5.1286303,1.5350584555522298,1.9929999999999999
0,3342,3931,5.2062926,1.5583036815324756,2.297
1,3931,3931,6.8816135,1.7510466921119594,1.9529,1,0.8774610986356183,0.8774610986356183,1.2377359094213596,0.6033167791713976,56,97,679,29,11.070000000000002
0,3275,3931,5.1136502,1.5618968234575443,2.0933
0,3806,3931,6.2707998,1.648041997371879,1.9104
0,3342,3931,5.2291571,1.5651472912301707,1.9115
0,3275,3931,4.9543288,1.5132342089187538,1.9916999999999998
0,3656,3931,5.8035376,1.5878351846785228,2.0991
1,3931,3931,6.5611906,1.6695141475826971,1.9369,10,0.37683842173102133,0.37981776321205196,0.6879179086047215,0.6033167791713976,59,105,632,26,10.250000000000002
0,3275,3931,5.0619079,1.546092822235797,2.0995
0,3274,3931,5.1641743,1.5778106630003055,2.2582
1,3931,3931,6.6370641,1.6888203816793892,2.1415,1977,0.3054058820207751,0.6099075365123503,0.6099075365123503,0.6033167791713976,63,101,656,29,10.920000000000002
1,3931,3931,6.6318519,1.6874941221374045,1.9482,1990,1.1284199019958199,1.4536910653895885,1.4536910653895885,0.6033167791713976,63,110,704,30,11.480000000000002
0,3275,3931,5.0814788,1.5520704948075748,1.9044
0,3656,3931,5.8198896,1.5923090560875512,2.2561999999999998
0,3342,3931,5.2370554,1.5675113439090094,2.5654
0,3274,3931,5.0887317,1.5547606782768104,1.9277
1,3931,3931,6.4043523,1.629606183206107,2.0342,182,0.9632597803356654,1.30712232989705,1.30712232989705,0.6033167791713976,75,116,659,28,10.5
0,3820,3931,6.4870541,1.698626368159204,1.9382
0,3342,3931,5.1588568,1.5441055971266087,1.9334
0,3275,3931,5.0111825,1.5305994196701282,1.9377000000000002
1,3931,3931,6.4730463,1.647085572519084,2.3718,1,0.8232792772798682,0.8232792772798682,1.1453889390357008,0.6033167791713976,57,101,653,29,10.250000000000002
0,3819,3931,6.1805407,1.6187901257202724,1.8952
0,3268,3931,5.0014726,1.5309068258340983,2.9224
0,3656,3931,5.9807485,1.6363196990424076,1.9146
1,3931,3931,6.5279081,1.661045318066158,1.8989,1617,0.7187198463164065,1.0682785179227459,1.0682785179227459,0.6033167791713976,63,112,677,28,10.5
0,3901,3931,6.5861146999999995,1.6887473589743587,1.9457
0,3656,3931,5.9341648,1.6235745006839943,1.8885
1,3931,3931,6.4576111,1.6431580407124682,1.9358000000000002,1254,0.8027764816833196,1.1784100037572869,1.1784100037572869,0.6033167791713976,56,103,650,30,10.32
1,3931,3931,6.7205105,1.7100535623409667,2.2063,982,0.8567843756177593,0.9186666092144093,1.0966683706178482,0.6033167791713976,46,94,655,33,10.080000000000002
0,3275,3931,5.128008,1.5662822235797191,2.0921999999999996
0,3421,3931,5.4633923,1.5974831286549707,2.185
0,3656,3931,6.0427265,1.6532767441860465,1.9597
0,3275,3931,5.0724681,1.5493182956627978,2.2880000000000003
0,3271,3931,5.228353,1.5988847094801224,5.1286
1,3931,3931,6.4356127,1.6375604834605597,1.9096,1990,1.1587055460739077,1.3800678306216696,1.381233300928891,0.6033167791713976,68,112,689,30,10.5
0,3820,3931,6.5371860999999996,1.7117533647551715,1.9498
0,3342,3931,5.2859014,1.582131517509728,1.8920000000000001
0,3275,3931,5.1433832,1.570978375076359,2.1654999999999998
0,3820,3931,6.4777859,1.6961995024875622,1.8874
1,3931,3931,6.3990287,1.6282515776081425,1.9681,799,1.2608247677247364,1.5108674513807379,1.518192801883603,0.6033167791713976,79,119,690,30,11.760000000000002
1,3931,3931,6.656673,1.693809923664122,2.1906,35,0.9872661575084128,1.0814605752867315,1.2126214162786653,0.6033167791713976,57,97,620,31,10.080000000000002
1,3931,3931,6.8039384,1.7312820356234098,2.1363,241,0.3345523283443869,0.7799408976802448,0.8247812147800243,0.6033167791713976,67,107,623,28,10.32
0,3274,3931,5.1551425,1.5750511762908646,1.879
0,3820,3931,6.3428614,1.660869704111024,1.9778
0,3342,3931,5.2687507,1.5769981143370246,2.0271
0,3421,3931,5.4952672,1.6068032748538013,1.9358000000000002
1,3931,3931,6.722096,1.7104569974554706,2.182,1979,1.0842365567598469,1.4139232582425678,1.4139232582425678,0.6033167791713976,59,106,709,30,11.340000000000002
0,3342,3931,5.2558127,1.5731256210715354,2.1381
1,3931,3931,6.7877583,1.7271649618320613,1.9407999999999999,187,1.4072161981072724,1.5703444632427421,1.6235273121526226,0.6033167791713976,75,130,728,30,12.3
0,3275,3931,5.1385077,1.5694892180818572,2.6613
1,3931,3931,6.8135981,1.7337399745547075,1.9759,18,0.8268943090335702,0.936838761337662,1.2868439677334056,0.6033167791713976,59,105,685,27,10.75
0,3656,3931,6.0801643,1.6635196443228453,1.916
1,3931,3931,6.8747716,1.7493057506361323,2.0448,14,1.052037602316547,1.2168444282083966,1.312109787434746,0.6033167791713976,60,106,696,30,10.920000000000002
1,3931,3931,6.5826442,1.6749730788804071,2.3518,194,0.603600845839118,0.8276755336244122,0.9337994848515081,0.6033167791713976,76,120,674,29,12.000000000000002
0,3497,3931,5.5160938,1.577830034324943,2.3000999999999996
0,3820,3931,6.1362823,1.6067772453521867,1.9229
1,3931,3931,6.7463948,1.7166398982188296,1.9832,41,0.2757432997736552,0.6616380692790194,0.7289723929335826,0.6033167791713976,63,108,657,29,11.18
0,3820,3931,6.1870473,1.6200699921445403,2.0186
0,3275,3931,5.0936043,1.5557740684178376,1.9441
1,3931,3931,6.3012327,1.6033670992366411,1.8989,16,1.1980551072605783,1.3112116342699132,1.4457485058981412,0.6033167791713976,66,113,667,30,10.5
0,3342,3931,5.0743692,1.518817479796468,2.0492000000000004
0,3656,3931,5.9305328,1.6225807934336525,1.9618
0,3656,3931,5.9097926,1.6169063201094394,1.9303000000000001
0,3656,3931,5.934609,1.6236960328317374,1.9211
0,3342,3931,5.1608071,1.5446893445076324,1.8967999999999998
0,3815,3931,6.2872386,1.648463188253802,2.0745999999999998
0,3810,3931,6.8181513,1.790010842740877,1.9519
1,3931,3931,6.7573762,1.7194341475826973,2.2163999999999997,1989,0.30423381911102265,0.6061411117550951,0.6061411117550951,0.6033167791713976,67,106,611,29,10.080000000000002
0,3820,3931,6.6653497999999995,1.7453128567687877,1.984
1,3931,3931,6.6356942,1.688471806615776,1.9719999999999998,1992,0.7453179281180075,1.0675236031514168,1.0675236031514168,0.6033167791713976,67,110,662,29,10.32
0,3820,3931,6.6313028,1.736397695731867,2.0083
0,3656,3931,5.9207756,1.619911244870041,2.2826999999999997
1,3931,3931,6.9341412,1.7644125190839695,2.1079,1994,1.0383816116311748,1.3126237624305166,1.3126237624305166,0.6033167791713976,58,109,684,32,10.5
0,3342,3931,5.073183,1.5184624363962886,2.1874
0,3820,3931,7.928212,2.0759916208431526,2.1541
0,3805,3931,12.3454895,3.2453968191377496,3.3505305970149255
0,3820,3931,15.3417677,4.017221183555905,4.017715453116815
0,3275,3931,11.3539356,3.4679094685400123,3.4679094685400123
0,3275,3931,10.0793319,3.078598625534514,4.2595
0,3656,3931,11.99145,3.2808344733242136,3.8305000000000002
0,3820,3931,13.4705917,3.527256271275203,3.5319136925098555
0,3275,3931,10.2665185,3.1357722968845447,3.2317869318181818
1,3931,3931,24.1182962,6.136971043256998,6.1389840856924245,8,0.4169169235834127,0.5439688395079156,0.8454250714234919,0.6033167791713976,67,103,607,29,9.660000000000002
0,3342,3931,21.3709541,6.396574109548039,6.44477
0,3656,3931,23.774146000000002,6.504554309165527,7.5623000000000005
0,3656,3931,13.8897907,3.80021633378933,6.28618445229682
1,3931,3931,12.8537153,3.2706654707379132,3.322781707317073,1,1.0948728007340873,1.0948728007340873,1.3366467772785708,0.6033167791713976,48,93,664,30,10.4
0,3275,3931,10.1119451,3.088559896151496,3.154
0,3656,3931,11.6052575,3.175173050615595,3.4164999999999996
0,3275,3931,10.0924639,3.0826096212583995,3.0826096212583995
0,3805,3931,12.8305346,3.3729060462670875,3.3729060462670875
0,3656,3931,10.4977533,2.8721623255813955,5.0116
1,3931,3931,12.3824536,3.15075155216285,3.153372616012239,1994,1.401823919549723,1.6310778386623705,1.6316265661769032,0.6033167791713976,75,127,715,31,11.760000000000002
0,3656,3931,11.0584843,3.025577099863201,3.2737
0,3820,3931,11.1834102,2.928360879811469,2.9306471264367815
0,3656,3931,10.9462184,2.994861395348837,2.994861395348837
0,3656,3931,10.8759625,2.975639534883721,3.036947098976109
0,3658,3931,10.8595967,2.9695369701941483,2.9911593220338983
0,3275,3931,9.5472458,2.9160799633475873,3.1184028268551236
0,3656,3931,11.3144783,3.0956164979480163,3.0956164979480163
0,3275,3931,10.0123041,3.0581258704948073,4.612
0,3275,3931,9.9352588,3.034593402565669,4.6493
0,3342,3931,10.737208,3.2137707273271476,6.565600000000001
1,3931,3931,13.9873886,3.5591319592875315,4.1068,1844,0.31621888512957885,0.9138545192184624,0.9138545192184624,0.6033167791713976,64,105,659,31,11.25
0,3497,3931,11.7995438,3.3751555491990843,3.3751555491990843
0,3656,3931,12.0758543,3.3039273050615594,4.5677
0,3656,3931,12.0328957,3.2921739261285907,3.2921739261285907
0,3656,3931,11.483681,3.1419099863201096,3.3574569999999997
0,3902,3931,13.2320254,3.391957293001794,3.455026297577855
0,3275,3931,10.0446333,3.0680003970678067,4.143199999999999
0,3275,3931,9.8479804,3.0079353695784974,3.1594444827586203
0,3810,3931,13.1409754,3.4499804148070363,3.4499804148070363
0,3275,3931,9.760729,2.9812855833842393,3.313815517241379
1,3931,3931,12.289794,3.1271740458015267,3.128354271869421,1979,1.0905191548088211,1.310392710734511,1.310392710734511,0.6033167791713976,70,115,674,31,10.080000000000002
0,3342,3931,9.4573089,2.8306821011673153,2.920072542372881
0,3275,3931,8.8745064,2.7106006108735494,2.9838
0,3275,3931,8.9149617,2.722957147220525,2.8690885245901643
0,3268,3931,8.8984002,2.7237221303948576,2.748260728744939
0,3275,3931,9.3577285,2.8581944105070254,3.967
1,3931,3931,12.0562644,3.0677517557251908,4.4588,1988,0.656735575547796,0.8631145022184268,0.8631145022184268,0.6033167791713976,59,95,648,31,10.080000000000002
1,3931,3931,12.5624532,3.1965529770992367,3.201798207426376,1956,0.8199670453403857,1.0941206112523554,1.120729188861287,0.6033167791713976,64,110,658,30,10.080000000000002
1,3931,3931,13.9850833,3.558545368956743,3.5639836107554417,1504,0.8593828818746494,1.2228574844344877,1.2421305092347126,0.6033167791713976,61,108,673,30,10.5
0,3656,3931,12.0906722,3.3079814500683997,4.2598
1,3931,3931,13.4153485,3.4135746819338424,4.2119,1999,0.34794549180906537,0.6715226010718813,0.6715226010718813,0.6033167791713976,52,93,627,32,10.250000000000002
0,3820,3931,12.6413696,3.3101255826132494,3.4244000000000003
0,3406,3931,10.7982801,3.1713010572687224,3.2273
1,3931,3931,14.1453205,3.599318193384224,3.7594531250000003,1996,0.28502544224465126,0.6270772557218569,0.6270772557218569,0.6033167791713976,65,109,638,28,10.5
0,3275,3931,10.3668961,3.166431307269395,9.392199999999999
0,3656,3931,11.9291031,3.2637764979480166,3.7107
0,3275,3931,9.8873895,3.0199723579719,3.0199723579719
1,3931,3931,13.8686512,3.5289188804071245,3.9645,8,0.39234269077174333,0.4431141477835334,0.5943112275731469,0.6033167791713976,56,100,637,31,10.560000000000002
0,3820,3931,13.8122935,3.616730426813302,3.6917
0,3820,3931,14.946657,3.913761979575805,3.918250223272919
0,3656,3931,12.986543,3.553089740082079,3.553089740082079
1,3931,3931,13.3324353,3.392477175572519,3.3952077021168066,724,0.5759802258571761,1.0018239414147947,1.0018239414147947,0.6033167791713976,59,102,653,33,10.5
0,3275,3931,9.3578614,2.8582350030543684,6.327400000000001
0,3275,3931,8.7583353,2.6751176847892486,2.8257
0,3820,3931,11.4053736,2.986481696779262,2.986481696779262
0,3275,3931,8.8939542,2.716540684178375,2.8268214007782104
1,3931,3931,11.7659712,2.9938858015267176,2.99845599078341,1,0.36318570029047587,0.36318570029047587,0.6008321141405875,0.6033167791713976,60,102,638,30,10.080000000000002
0,3656,3931,11.9326506,3.2647470861833106,3.2647470861833106
1,3931,3931,14.1143558,3.5914391348600505,3.607309116957541,1844,0.7687324601377351,1.0979245529807746,1.0979245529807746,0.6033167791713976,68,108,668,29,10.75
0,3656,3931,12.2469179,3.350729931600547,3.482491954022988
1,3931,3931,13.2187212,3.3635422900763357,3.3675420742637643,1897,0.3413337560256313,0.6612543409743682,0.6612543409743682,0.6033167791713976,53,94,636,27,10.080000000000002
0,3656,3931,11.506865,3.1482530779753763,3.353056224899598
0,3275,3931,10.147673,3.099472510690287,3.2691090301003345
0,3275,3931,10.2832131,3.140871441661576,4.135800000000001
1,3931,3931,14.4680306,3.6814327226463104,3.6891395902688857,3,0.35845869235747735,0.3708257754516444,0.6889517028167219,0.6033167791713976,54,100,631,30,10.32
1,3931,3931,13.6076098,3.462496132315522,3.965,8,0.5043386237682526,0.5411783088082861,0.7320270336872701,0.6033167791713976,66,109,635,30,11.500000000000002
0,3275,3931,9.8071794,2.9954732437385463,3.5905
1,3931,3931,12.8371236,3.2664436641221375,3.2801633010724567,1433,0.3470652527583509,0.6479487069495047,0.6479487069495047,0.6033167791713976,60,103,595,30,9.840000000000003
1,3931,3931,12.5399258,3.190820814249364,3.2220514285714286,700,1.258865325985247,1.5197840903236552,1.5197840903236552,0.6033167791713976,61,111,687,31,11.070000000000002
1,3931,3931,12.7627302,3.247514045801527,3.3084,1860,0.2513685986462773,0.7607579594424495,0.7607579594424495,0.6033167791713976,60,105,647,29,10.32
0,3275,3931,9.9869493,3.050381582162492,3.4404204946996466
0,3820,3931,13.0732102,3.4232024613773238,3.4232024613773238
1,3931,3931,12.5150996,3.1845037150127227,3.5575,794,0.7832688634431898,1.055161717066709,1.055161717066709,0.6033167791713976,52,93,655,26,10.080000000000002
0,3810,3931,14.5952151,3.831770832239433,3.93678339100346
0,3820,3931,13.8647954,3.6304779785284107,3.636576354550237
0,3820,3931,12.9241544,3.3841724011521346,9.1564
0,3656,3931,11.0161488,3.013994199726402,4.4875
0,3342,3931,10.0721644,3.0147154744088596,4.741300000000001
0,3421,3931,10.7082749,3.1310745321637423,3.1310745321637423
1,3931,3931,12.7769942,3.251143562340967,3.251922816399287,34,0.4480742544886182,0.9067596634759816,0.9067596634759816,0.6033167791713976,61,101,610,30,9.840000000000003
0,3656,3931,11.8922708,3.25369926128591,4.5523
0,3820,3931,13.2894078,3.4798135113904163,4.1502
0,3275,3931,10.536525600000001,3.218242394624313,3.2336418060200667
1,3931,3931,14.6062605,3.7166057251908398,3.7172025967413442,41,0.84919545972509,1.0017586643218805,1.25336797356077,0.6033167791713976,57,102,658,30,10.5
0,3275,3931,10.1877624,3.1117172877214414,4.0264999999999995
1,3931,3931,13.5823297,3.4560635368956745,5.5195,1200,1.1309035265084093,1.4772239100933342,1.4772239100933342,0.6033167791713976,77,123,699,31,12.040000000000001
0,3820,3931,12.9356241,3.387175726630008,4.2087
0,3656,3931,11.994405,3.2816429548563613,3.4511175
0,3809,3931,13.1211016,3.44566743697479,3.44566743697479
0,3656,3931,11.6368082,3.183805253077976,3.2001632411067193
1,3931,3931,12.612657800000001,3.209327684478372,3.29844606741573,1,0.4082792097720911,0.4082792097720911,0.6730544468432101,0.6033167791713976,67,112,632,30,11.25
1,3931,3931,14.0175242,3.5668000508905853,3.573787890424987,1999,0.6442255144730092,0.8496856865282967,0.8496856865282967,0.6033167791713976,77,116,654,28,10.32
0,3656,3931,12.5313372,3.4285464295485637,3.437475443700902
0,3656,3931,10.9008789,2.982456607387141,3.1128710344827586
1,3931,3931,12.2745471,3.123294427480916,3.7033,545,1.417754023429712,1.5175537430850434,1.584978485671002,0.6033167791713976,79,132,731,31,12.040000000000001
0,3804,3931,11.1077821,2.9207946621088614,6.2148
0,3810,3931,12.5157683,3.285840981885009,3.285840981885009
0,3275,3931,10.487357,3.203224496029322,3.2043800672577194
0,3275,3931,10.7900922,3.2956909590714725,4.3031
0,3656,3931,12.6122521,3.4506845690834473,3.4506845690834473
1,3931,3931,13.9637146,3.553108040712468,3.5554609905539953,1235,0.3680366419847973,0.640236020566802,0.6419538392722708,0.6033167791713976,54,96,663,30,10.920000000000002
1,3931,3931,14.0403935,3.5726192111959287,4.1391,1,0.9813730228942247,0.9813730228942247,1.2201966847237942,0.6033167791713976,66,107,658,29,10.080000000000002
0,3274,3931,10.2321801,3.1262389550870764,3.4021647457627116
0,3656,3931,12.242313,3.349470041039672,3.8523
1,3931,3931,13.9245488,3.5431421882951657,3.548672023964574,1540,1.2177220279948693,1.504750936332684,1.504750936332684,0.6033167791713976,96,145,730,33,13.5
0,3342,3931,9.9714957,2.9845841664172403,3.7322
0,3269,3931,10.0347811,3.0706184516523867,3.0706184516523867
1,3931,3931,13.5652097,3.4517073027989826,3.4610269073220685,1,0.7617909455220846,0.7617909455220846,1.0525202229020185,0.6033167791713976,65,107,660,31,10.5
1,3931,3931,13.1741494,3.352200865139949,3.6902654618473893,1999,0.2844397375165843,0.5520434644145342,0.5596549753377982,0.6033167791713976,62,102,623,27,10.080000000000002
0,3275,3931,9.3805172,2.8651549175320707,3.869
0,3275,3931,8.0355173,2.4543424862553453,3.3948034285714286
1,3931,3931,6.6864138,1.7013775572519085,1.9619,1975,0.8810352752541628,1.0887572977859143,1.1175367169166717,0.6033167791713976,54,97,612,33,9.840000000000003
0,3342,3931,5.1123834,1.5301955701885661,2.0346
0,3656,3931,5.8049146,1.588211928864569,2.0098
0,3275,3931,5.2083295,1.5908153634697617,2.3279
0,3820,3931,6.5925265,1.7262441738675045,1.9200000000000002
0,3268,3931,4.9809052000000005,1.5246113253749618,2.0346
1,3931,3931,6.7850364,1.7264723664122137,2.2761,95,1.139600330606304,1.4191519520468332,1.4465723526758842,0.6033167791713976,78,125,714,30,11.760000000000002
0,3656,3931,5.7768725,1.5805396716826263,2.0347
0,3275,3931,5.2133831,1.5923589187538179,2.2387
0,3273,3931,5.248751,1.6041415036674818,2.0273000000000003
0,3275,3931,5.0597654,1.545438423946243,2.2237
1,3931,3931,6.7604161000000005,1.720207659033079,2.4162,11,0.30050602266717624,0.326362490450298,0.8322338401913778,0.6033167791713976,59,103,636,30,10.32
0,3275,3931,5.1275543,1.5661436469150884,1.9737
0,3656,3931,5.8883811,1.6110481805745556,3.0717000000000003
1,3931,3931,6.4758103,1.6477888804071248,2.3792,869,0.8690829141144978,1.1355079123378429,1.1507574138027872,0.6033167791713976,58,106,676,28,10.5
0,3275,3931,5.1832563,1.5831570861331705,2.3237
0,3656,3931,5.9946988,1.6401364705882353,2.6332999999999998
0,3656,3931,8.8933449,2.4331996990424076,2.4331996990424076
0,3275,3931,10.8492196,3.3137506414172266,4.1112
0,3275,3931,11.6286054,3.55180372632865,4.8431999999999995
0,3656,3931,13.0791059,3.5784147469220247,4.079861732851986
0,3656,3931,12.3014178,3.3656409849521203,3.3656409849521203
0,3656,3931,12.363321,3.38257756497948,3.38257756497948
0,3497,3931,11.281992,3.2271144164759726,3.3671979381443298
0,3275,3931,10.4213718,3.1830701893707998,4.0841
0,3806,3931,12.9993916,3.4163972667542706,3.4163972667542706
0,3820,3931,12.9581388,3.393071170463472,3.393071170463472
0,3656,3931,12.1309644,3.319005307797538,3.319005307797538
0,3275,3931,10.2876288,3.142220158827123,3.343918965517241
0,3275,3931,9.3418004,2.8533293830177153,2.8537153846153847
0,3275,3931,9.644169699999999,2.9456840867440435,3.1839
0,3342,3931,10.5267946,3.1507915594133498,3.1712306682941716
0,3274,3931,9.8802577,3.018716070882982,3.5547999999999997
0,3275,3931,9.5077641,2.904020800244349,4.1786
0,3342,3931,9.5470201,2.857533702484286,2.9864017045454543
0,3273,3931,10.127854,3.095309902200489,3.095309902200489
1,3931,3931,13.4205906,3.414908549618321,3.414908549618321,1,0.7940347198677628,0.7940347198677628,1.0235121778903564,0.6033167791713976,59,105,659,31,10.75
0,3342,3931,10.871046,3.2538299910206527,3.8712999999999997
1,3931,3931,14.9304506,3.799096844783715,3.807664839948784,1943,0.9031237894907416,1.1892229036921118,1.2007275418773642,0.6033167791713976,52,98,671,31,10.4
0,3820,3931,13.1812488,3.4514922230950513,3.4514922230950513
0,3656,3931,12.3525618,3.3796338714090286,3.3937246575342463
0,3815,3931,14.0640807,3.6874883848977453,3.6874883848977453
0,3275,3931,10.0253418,3.0621080635308493,3.22302397260274
0,3820,3931,13.9671045,3.657267478397486,5.1769
1,3931,3931,13.7442765,3.4972713740458015,4.4679,36,0.35809770429789956,0.43775662516604585,0.8937778574581083,0.6033167791713976,52,89,642,30,10.5
0,3656,3931,11.6759908,3.1945255266757866,3.1945255266757866
0,3275,3931,10.6620422,3.2565797800855223,3.826
0,3820,3931,12.8608961,3.3676083006022517,4.3436
0,3275,3931,10.3571934,3.1634677458766034,3.702936271186441
1,3931,3931,13.5426575,3.4459688295165396,3.8257391129032254,3,1.0906322175671685,1.0942204779526756,1.3271566897771006,0.6033167791713976,64,115,676,31,10.5
1,3931,3931,10.7786885,2.7426688295165396,2.986142791842475,406,1.4215414760347707,1.5246328256560866,1.6799659255075963,0.6033167791713976,77,122,698,31,11.760000000000002
0,3656,3931,6.0990047,1.6686743365253078,2.0399
0,3656,3931,6.3531278,1.7382018604651164,2.1159
0,3815,3931,6.7649061,1.7737037493445202,2.2420999999999998
1,3931,3931,6.7178474,1.709375928753181,2.117,1369,0.3960970341108099,0.723728384158653,0.7508313380157735,0.6033167791713976,58,97,650,29,9.840000000000003
0,3272,3931,5.3497648,1.6355135432589423,2.0927
0,3275,3931,5.0482849,1.5419318570555893,2.1510000000000002
0,3656,3931,6.1161552,1.6733666757865935,2.202
0,3275,3931,5.3002823,1.6189011301160658,2.5271
0,3275,3931,5.3107562,1.6221002443494197,1.9883000000000002
0,3820,3931,6.8329962,1.7892108405341713,2.3526
0,3809,3931,13.6108432,3.574276050420168,3.574276050420168
0,3275,3931,10.4140321,3.1808283750763593,3.6165
1,3931,3931,13.5061862,3.436688600508906,5.2812,364,1.1810368018105157,1.2772045024421756,1.406894441156261,0.6033167791713976,55,100,659,31,10.5
0,3275,3931,10.5462905,3.2212249541844837,3.9915000000000003
0,3820,3931,13.1183888,3.4350324168630535,3.605
0,3656,3931,12.5004266,3.4200893570451436,5.5531
0,3810,3931,13.969388200000001,3.6674686794434237,5.1720999999999995
1,3931,3931,13.759819,3.501226208651399,3.5274313366466123,1652,0.7564079663176392,1.0729542245980137,1.0729542245980137,0.6033167791713976,63,107,651,28,10.5
1,3931,3931,13.7984311,3.5110511704834604,6.3152,1999,1.129472948431716,1.4297853971615848,1.4297853971615848,0.6033167791713976,58,103,721,32,11.340000000000002
0,3820,3931,13.5141644,3.5386657240115214,3.5386657240115214
0,3656,3931,11.813327,3.2321004103967166,5.173
0,3656,3931,11.528761,3.1542437756497943,5.4438
0,3275,3931,10.3655995,3.166035277947465,3.4304343373493973
0,3275,3931,9.965263,3.0437577886377523,3.4504562068965514
0,3342,3931,9.8487374,2.94784118527387,3.1329000000000002
1,3931,3931,14.0891274,3.5850196946564887,4.706799999999999,8,0.8938398591137925,0.9809250026618556,1.188327680226555,0.6033167791713976,58,99,661,28,10.250000000000002
0,3272,3931,9.692729,2.963231121981045,3.2826
0,3275,3931,9.8113966,2.996761331704337,3.2255000000000003
0,3342,3931,10.1167721,3.0280670757258306,3.342198653198653
0,3273,3931,9.7661325,2.9847593215158925,3.0630101167315176
0,3275,3931,9.334711800000001,2.8511642638973735,3.2417200704225353
0,3820,3931,12.6766641,3.319367399842891,3.3873
0,3342,3931,10.4763312,3.1356872792577075,3.5881
0,3656,3931,12.067804,3.3017247606019153,3.3643
0,3275,3931,10.4783018,3.200458704948076,4.467
1,3931,3931,14.4998897,3.6895393638676848,6.1103,207,0.928617752571047,1.2931302611474558,1.2931302611474558,0.6033167791713976,64,112,695,30,11.340000000000002
0,3806,3931,13.8069951,3.6286452299605783,4.4089
0,3275,3931,10.7273846,3.2765377519853396,3.5056000000000003
0,3342,3931,10.8021879,3.23321996408261,3.3242444816053514
1,3931,3931,14.0150214,3.56616320610687,3.5685118847232853,1952,1.0148577344919176,1.2182371239205827,1.2782291196093936,0.6033167791713976,57,101,663,29,10.250000000000002
0,3820,3931,14.1158905,3.696226891856507,4.0808
1,3931,3931,13.6270244,3.467436234096692,3.477670294494238,2,0.7685163038011765,0.7716558767378686,1.0960577021019753,0.6033167791713976,62,103,663,31,10.5
1,3931,3931,13.5672812,3.4522344020356233,6.0599,1685,0.41339524244388964,0.5827317857447628,0.6063454649982535,0.6033167791713976,60,106,644,29,11.500000000000002
0,3820,3931,13.1442493,3.4418039539146372,3.5661853754940713
1,3931,3931,13.5888476,3.4577220356234095,4.0388,24,0.5139694246501803,0.5446964456241389,0.7017088755619881,0.6033167791713976,65,109,656,31,11.25
1,3931,3931,13.735648,3.49507582697201,3.6676,1951,0.7107540821274166,1.0444875027653584,1.0444875027653584,0.6033167791713976,63,105,653,28,10.32
0,3275,3931,9.7752085,2.985708155161882,3.2228276094276094
1,3931,3931,13.2781537,3.378665063613232,3.3817734574196834,1972,0.09193299148935155,0.624852540440607,0.624852540440607,0.6033167791713976,63,109,630,28,11.040000000000003
1,3931,3931,12.6388672,3.215996743002545,3.3278842391304346,3,0.38262092718458507,0.47074021204233985,0.8394313068686314,0.6033167791713976,59,102,626,29,10.32
0,3271,3931,9.6513583,2.951485718654434,4.6932
0,3275,3931,10.0198055,3.0604170739156995,3.1681993103448276
0,3815,3931,13.2601442,3.4767027267960144,5.8552
1,3931,3931,13.8475269,3.5235437404580154,4.5944,2,0.9077400809789352,0.9187971482134839,1.495670656069966,0.6033167791713976,77,124,680,31,11.880000000000003
1,3931,3931,14.2066827,3.614931984732824,3.6164015028018337,1986,0.7144920289125939,0.9240911472618462,0.9240911472618462,0.6033167791713976,62,107,637,32,10.5
0,3806,3931,13.5784493,3.5685806307490147,4.0825000000000005
0,3656,3931,12.7456502,3.487181997264022,5.5492
0,3342,3931,10.8589463,3.250208410655492,5.7044
0,3820,3931,13.4843658,3.5308630007855464,14.202599999999999
0,3656,3931,12.5653652,3.4378564158686733,3.698291712707182
0,3820,3931,14.3973153,3.7699175962293796,3.7699175962293796
1,3931,3931,14.4591672,3.6791774045801526,3.754392779783393,1758,1.0107783577544263,1.1617937319097482,1.1617937319097482,0.6033167791713976,59,109,638,31,11.070000000000002
0,3901,3931,13.5106997,3.464281974358974,3.464281974358974
0,3342,3931,10.0722761,3.0147489075127205,3.0325208358755336
0,3275,3931,10.2534291,3.131774312767257,4.4487
0,3656,3931,11.6687102,3.1925335704514364,3.302792125984252
1,3931,3931,13.4739294,3.4284807633587784,3.4305643294237633,1909,0.36623853353012153,0.6286733335155922,0.6286733335155922,0.6033167791713976,66,105,626,28,10.32
1,3931,3931,12.5799355,3.201001399491094,3.9699999999999998,1790,0.25082495162178065,0.7939605574129194,0.7939605574129194,0.6033167791713976,57,101,612,29,10.080000000000002
0,3820,3931,12.3164971,3.225058156585493,3.228665834428383
0,3820,3931,12.5242561,3.279459570568212,3.3945999999999996
0,3656,3931,11.7982608,3.2279783310533516,4.425
0,3805,3931,13.356275,3.5111133017875917,3.812314237288136
0,3656,3931,13.0333352,3.565891983584131,3.56704859437751
0,3820,3931,13.7001338,3.5873615606179627,4.6213
0,3275,3931,10.2900575,3.1429619731215634,3.8685
0,3275,3931,10.6011031,3.2379667379352477,3.4652385869565214
0,3275,3931,10.7237763,3.2754356444715946,8.3595
0,3820,3931,14.0484565,3.678569389892642,3.8339888513513514
0,3275,3931,11.0096637,3.362756169822847,3.6341808362369337
0,3820,3931,13.372419,3.501549882168107,3.665136206896552
0,3656,3931,12.6713615,3.466856771545827,3.7809
0,3342,3931,10.6130315,3.176603262496258,3.280510276679842
1,3931,3931,13.6072131,3.4623951908396946,3.466783226632522,91,0.2235392312248656,0.2721707360553232,0.6764912060026267,0.6033167791713976,61,110,642,29,11.040000000000003
0,3275,3931,9.8294893,3.00228750763592,6.1554
0,3820,3931,13.0216096,3.4096909138517937,3.4096909138517937
0,3272,3931,10.01757,3.062540507490064,3.477594932432432
1,3931,3931,12.809163999999999,3.2593292620865135,3.2776087431693983,359,0.2897948413569912,1.1286790397326243,1.1286790397326243,0.6033167791713976,56,96,623,29,9.840000000000003
0,3656,3931,11.6923602,3.1990041586867304,3.1990041586867304
1,3931,3931,12.4332191,3.163668982188295,3.1700904327424397,1975,0.4823494967682375,0.8269319989584333,0.8269319989584333,0.6033167791713976,57,99,628,29,10.080000000000002
0,3342,3931,9.8464218,2.9471480993714456,3.722
1,3931,3931,13.2033848,3.3596398982188296,3.9833999999999996,48,0.8552304131888785,0.9789687211479151,1.469157515753057,0.6033167791713976,61,102,680,30,11.18
0,3275,3931,10.6986282,3.2677544899205864,4.8225999999999996
1,3931,3931,14.0981646,3.587319236641221,3.600254874869656,80,0.8490100460125004,1.0021196413111535,1.1671698181057821,0.6033167791713976,59,106,632,31,10.32
1,3931,3931,14.1907138,3.6108686513994908,6.588,1998,0.5189943151983505,0.7541329496276551,0.7541329496276551,0.6033167791713976,63,107,636,31,10.5
1,3931,3931,14.2056953,3.614680737913486,3.9234999999999998,46,0.2604845479118054,0.4037548352649788,0.8027684149468282,0.6033167791713976,54,96,643,30,10.75
1,3931,3931,14.1673686,3.6049283969465646,3.6345467590172507,1,0.7822860732767714,0.7822860732767714,1.0700204756224714,0.6033167791713976,47,94,622,29,9.840000000000003
1,3931,3931,13.1323974,3.3415769465648855,3.3439192955589587,605,0.7764537749523313,1.1021521658548736,1.1021521658548736,0.6033167791713976,49,96,623,32,10.080000000000002
0,3275,3931,11.1070948,3.3925152107513745,3.6623182186234815
0,3820,3931,13.8912618,3.637408169677926,3.637408169677926
0,3820,3931,13.8787346,3.6341279392511128,4.410200000000001
0,3581,3931,11.894139299999999,3.3223852793296085,3.7941
1,3931,3931,13.8791848,3.5315991857506366,3.7820229729729733,4,0.3632442462512816,0.386533399908756,0.6806229181161753,0.6033167791713976,59,103,641,27,10.080000000000002
0,3656,3931,12.4515675,3.4067216142270857,3.4396542682926827
0,3275,3931,10.3524382,3.1620153329260843,3.31663801369863
1,3931,3931,13.4779801,3.4295114758269722,3.4501275675675673,368,1.197501660742522,1.4011354188301464,1.409470660696988,0.6033167791713976,64,113,702,32,11.200000000000001
0,3656,3931,13.9161487,3.807427824897401,3.807427824897401
0,3820,3931,12.6643154,3.3161339094003663,3.327
0,3656,3931,11.3658587,3.1096740629274966,5.2435
0,3275,3931,10.2259909,3.1233936774587656,3.271530057803469
0,3820,3931,12.7650744,3.342517517674784,3.34763570677877
0,3274,3931,10.8899799,3.327216590284143,3.5496451977401136
0,3275,3931,10.3552431,3.1628720525351253,4.2394
0,3820,3931,13.5932738,3.5593804137208696,4.8084
0,3275,3931,11.2105832,3.4241243738546125,4.4789
0,3805,3931,13.9441748,3.6656610935856992,3.7723472527472532
0,3656,3931,13.0132111,3.560386073871409,6.3177
0,3656,3931,12.9488097,3.5427659917920655,3.6180110367892975
0,3811,3931,14.3428155,3.764518503937008,3.764518503937008
1,3931,3931,14.7239877,3.7465617557251907,3.74958578719061,1998,0.6113791305939685,0.8368417152061053,0.8368417152061053,0.6033167791713976,56,99,663,31,11
0,3656,3931,13.0235776,3.563222325581395,3.5741775956284156
1,3931,3931,14.0810157,3.582955648854962,3.619952145473574,2,0.8922801244212462,1.076853245007911,1.124764730243047,0.6033167791713976,57,97,614,32,10.5
0,3658,3931,12.2035292,3.3370328684714248,3.7342577358490567
0,3805,3931,13.3728339,3.5154663249211358,3.5154663249211358
0,3816,3931,12.5767136,3.2966483879423327,3.8526
1,3931,3931,13.2118739,3.3617999745547076,3.3658815003827507,1317,0.5074952552768449,0.5600036240499348,0.7083222890768237,0.6033167791713976,65,106,628,30,10.8
0,3275,3931,9.8820044,3.0183275503970677,4.3388
0,3820,3931,12.6320359,3.307681565854936,5.3098
0,3275,3931,9.975534,3.046894929749542,3.391787628865979
0,3902,3931,12.5914286,3.227743809279672,4.7278
1,3931,3931,13.6427659,3.471441704834606,3.4750728130578934,13,0.42230356479219444,0.4640565671152419,0.7217542906937555,0.6033167791713976,65,106,625,30,10.080000000000002
0,3809,3931,14.0070558,3.6783234768907564,3.6783234768907564
0,3820,3931,13.5435075,3.546349175176748,4.056997619047619
0,3656,3931,12.6870454,3.4711478522571824,3.508641081081081
0,3656,3931,12.8473396,3.5150039945280436,3.5150039945280436
0,3820,3931,14.7895739,3.872629981670595,4.119161888111888
0,3342,3931,10.9239053,3.2696513917988628,3.591899324324325
0,3820,3931,13.2099075,3.458996465043205,4.211399999999999
0,3275,3931,10.8057947,3.300487080024435,3.4669319727891152
0,3275,3931,10.7496942,3.2833519242516798,4.4453000000000005
0,3275,3931,10.5460956,3.221165424557116,5.3102
0,3275,3931,11.2072726,3.4231131948686624,4.3564
1,3931,3931,13.8080223,3.5134916793893125,4.148448633879781,1,0.6544859855132339,0.6544859855132339,0.9070024732075005,0.6033167791713976,71,117,695,31,12.000000000000002
0,3275,3931,10.2417142,3.12819615149664,4.7605
0,3806,3931,13.6184567,3.5790950591327197,5.0235
0,3275,3931,9.5760853,2.9248886072083082,3.1978479310344827
0,3656,3931,11.165008,3.054721751025992,3.2028425249169437
0,3342,3931,10.1047628,3.024472553127806,3.327020666666667
1,3931,3931,13.3149054,3.3880166412213746,3.3891808771035183,570,1.1926682823211185,1.4565021143885757,1.4565021143885757,0.6033167791713976,64,113,704,30,10.8
0,3656,3931,12.3764304,3.3861642681258552,4.4558
1,3931,3931,14.8850582,3.787546615776081,4.7359,19,1.25548367323999,1.2809399735956593,1.5437958821762061,0.6033167791713976,67,114,711,31,11.340000000000002
0,3342,3931,12.1372907,3.6328316970966776,3.969985862068966
0,3342,3931,11.7055667,3.5036117030829095,5.4498999999999995
0,3497,3931,12.2524326,3.504700400457666,4.6465
1,3931,3931,14.7102755,3.7430726463104325,4.0455,1,0.692804184786044,0.692804184786044,0.9797418167941961,0.6033167791713976,68,110,641,27,10.75
1,3931,3931,14.3983207,3.663694834605598,3.6686087777494256,1079,1.076337396180578,1.4237458085122243,1.4237458085122243,0.6033167791713976,76,122,724,28,11.760000000000002
1,3931,3931,13.7885846,3.508545699745547,3.5469999999999997,17,0.913994397373935,1.006309457048482,1.2268384453940238,0.6033167791713976,55,97,685,31,10.920000000000002
1,3931,3931,14.1801972,3.608192671755725,3.61202713593471,30,0.5372108894347204,0.5974114070423134,0.976907241152106,0.6033167791713976,61,101,620,30,10.080000000000002
0,3275,3931,10.7312772,3.2777266951740986,3.7285999999999997
0,3275,3931,10.7129811,3.272138393402566,3.624194648829432
0,3820,3931,13.8374681,3.6233223618748363,7.5971
1,3931,3931,13.7897409,3.508839923664122,3.7102,5,1.1847306919162777,1.202215259347627,1.353866268999171,0.6033167791713976,65,112,677,33,10.5
0,3820,3931,12.6356208,3.3086202670856246,3.68857743902439
0,3275,3931,9.8907852,3.021009529627367,3.6775
0,3266,3931,9.7772644,2.9945679632465545,10.138
1,3931,3931,13.8323987,3.5196943256997453,3.5196943256997453,844,1.5724322820605152,1.6712616272261596,1.7378629796719123,0.6033167791713976,67,120,719,33,12.180000000000001
0,3806,3931,12.5959036,3.3103557424441523,3.350978671328671
0,3820,3931,12.712671,3.328795758051846,3.415416853932584
0,3275,3931,10.5756277,3.230185613927917,4.9522
1,3931,3931,14.0812251,3.58300893129771,5.2508,1,1.0787350990564593,1.0787350990564593,1.318828078283574,0.6033167791713976,51,101,683,29,10.5
0,3275,3931,10.9212272,3.3357444105070253,3.8992
0,3342,3931,11.2016903,3.352795659982041,4.9014999999999995
1,3931,3931,14.6471698,3.727015216284987,3.8424803278688526,1,0.37692054993593627,0.37692054993593627,0.8062590789358947,0.6033167791713976,54,95,623,30,10.080000000000002
1,3931,3931,14.7298557,3.7480548854961833,3.808884137931034,1930,0.7199549613687056,0.9958202289862064,0.9958202289862064,0.6033167791713976,58,104,646,32,10.080000000000002
0,3805,3931,13.8503209,3.640988669821241,3.640988669821241
1,3931,3931,14.4170312,3.6684557760814247,4.9628,1,0.19661474699369974,0.19661474699369974,0.6801993136912265,0.6033167791713976,68,111,634,27,11.040000000000003
0,3275,3931,11.0126287,3.3636617898594996,3.8032809364548497
0,3656,3931,13.0254507,3.563734801641587,3.563734801641587
0,3275,3931,10.8581014,3.31646346976176,4.4016
0,3804,3931,13.6358921,3.5855619510912433,3.784002298850575
0,3658,3931,12.5039059,3.4191703308722996,3.556897666666667
1,3931,3931,14.0054291,3.5637224173027993,4.7961,605,1.0018600812064031,1.1872720689192404,1.2325045263611856,0.6033167791713976,56,99,662,32,10.250000000000002
0,3275,3931,10.23024,3.1246915088576666,3.5037450000000003
0,3820,3931,12.7752293,3.3451765645456923,3.4018228187919464
1,3931,3931,13.2464741,3.370604096692112,3.6799,238,1.2027232755389894,1.2512048192415497,1.4843583906416213,0.6033167791713976,96,141,743,32,13.440000000000003
0,3820,3931,12.7567309,3.3403327834511654,3.423910726643599
0,3275,3931,10.450523,3.1919740378741603,3.427873611111111
0,3803,3931,13.418217,3.529252235665439,5.537699999999999
1,3931,3931,15.3021291,3.8936715267175575,3.9707304054054053,1093,0.9640807112010896,1.3038817460069543,1.3038817460069543,0.6033167791713976,70,113,685,28,11.340000000000002
0,3275,3931,11.315883,3.4562868051313376,4.14380641025641
0,3275,3931,10.9431446,3.3424387904703727,4.7974000000000006
0,3820,3931,14.8748658,3.894963550667714,3.894963550667714
0,3656,3931,12.6229547,3.4536127770177836,3.6405023972602737
0,3656,3931,13.267628,3.629993980848153,3.632418918918919
0,3275,3931,11.068525,3.380734575442883,3.895190068493151
0,3275,3931,11.0280058,3.3683585216860115,5.1535
0,3656,3931,12.4620916,3.409600984952121,3.409600984952121
1,3931,3931,14.5043387,3.690671424936387,3.857533201581028,1,0.6438484455774968,0.6438484455774968,0.8433762415068271,0.6033167791713976,62,104,649,30,10.5
0,3656,3931,12.2347283,3.3473948837209306,4.13
0,3805,3931,13.029169,3.425123291272345,3.425123291272345
1,3931,3931,14.3524191,3.652015038167939,4.988,1838,0.42965839898354063,0.7568083063392625,0.7568083063392625,0.6033167791713976,56,95,644,30,10.5
0,3275,3931,10.4328446,3.1865744043982893,3.5745897009966776
1,3931,3931,13.2678482,3.3760427989821884,3.5008986531986537,1192,0.41091487255768827,0.7322755917447032,0.7322755917447032,0.6033167791713976,57,99,657,30,11.18
0,3342,3931,10.0982294,3.0225170308290927,4.4041999999999994
0,3806,3931,11.9469236,3.1397959526938237,3.7458
1,3931,3931,12.8859249,3.278861297709924,3.3849,2,0.4451629234907381,0.5430830594471211,0.8308268449589368,0.6033167791713976,65,105,621,28,9.840000000000003
0,3342,3931,10.727663100000001,3.2109138281951517,3.2109138281951517
1,3931,3931,14.6075266,3.716927888040712,4.3768,1703,0.09481839799558586,0.32786231228859447,0.32813334131517224,0.6033167791713976,60,102,620,30,10.560000000000002
0,3820,3931,13.7070241,3.5891657763812517,3.8145135416666665
0,3656,3931,12.8140356,3.505892093023256,3.7395641304347826
0,3656,3931,12.2053756,3.3393640492476058,4.257099999999999
0,3342,3931,10.8371058,3.243671296019156,3.8470141414141414
0,3820,3931,14.2752687,3.7379598586017284,5.79
1,3931,3931,14.8575495,3.7805469465648853,3.8981855172413793,1820,0.5332875315042183,0.7492714655234887,0.7492714655234887,0.6033167791713976,61,107,655,31,10.8
0,3820,3931,14.4249156,3.7771446975648075,3.7771446975648075
0,3342,3931,10.6359247,3.183455462436396,3.52350081300813
0,3271,3931,10.3163461,3.154845902140673,3.422986710963455
0,3656,3931,11.8428306,3.2401725307797538,3.2401725307797538
0,3656,3931,11.6256083,3.1807409849521204,3.6442646666666665
0,3656,3931,12.3772598,3.3863911901504786,4.5369
0,3274,3931,10.4059838,3.179341216009777,3.7384768166089968
0,3820,3931,12.2007958,3.1947619272060748,3.5032129692832763
1,3931,3931,13.4414429,3.420214478371501,3.622531693989071,1001,0.8035001102373697,0.9593542415798288,1.0723921836811885,0.6033167791713976,55,104,613,29,10.920000000000002
0,3275,3931,10.144398,3.098472205253513,10.2545
1,3931,3931,12.9592129,3.2975096437659035,3.2991188280254775,88,0.36265212886914394,0.7261890388307511,0.8865168603775926,0.6033167791713976,67,108,638,26,10.32
0,3656,3931,11.9174205,3.2605801641586867,3.2605801641586867
0,3275,3931,10.6025702,3.238414844227245,3.952430451127819
0,3275,3931,11.0843263,3.3855608735491756,3.803346153846154
1,3931,3931,14.7453972,3.7520094656488547,3.758801971830986,397,0.3734987146558188,0.6388919672932374,0.6388919672932374,0.6033167791713976,65,109,631,29,10.75
0,3656,3931,12.6641596,3.46488634746922,5.699199999999999
1,3931,3931,14.0678505,3.5796057251908397,3.7545978835978837,9,0.3922236935566758,0.5109718433013886,0.9628098231976041,0.6033167791713976,61,105,636,30,10.75
0,3656,3931,12.3727175,3.3851484268125858,3.9955223404255316
0,3820,3931,13.2131536,3.4598464519507726,4.0697
1,3931,3931,14.5249932,3.6959270229007637,5.189100000000001,1,0.4252426570163867,0.4252426570163867,0.6688997898292534,0.6033167791713976,54,95,631,31,10.080000000000002
0,3820,3931,13.9430658,3.6509729772191672,7.3934999999999995
0,3275,3931,10.23345,3.1256719609040924,3.3874451612903225
1,3931,3931,14.1969646,3.612459185750636,3.615452740249809,11,0.4053361991903254,0.44449728794205645,0.5858743674709164,0.6033167791713976,64,110,643,30,11.25
0,3342,3931,10.5373354,3.1539465429512124,3.504449832775919
0,3656,3931,11.566618,3.1646013679890563,4.8434
0,3820,3931,13.8544013,3.627756297460068,3.627756297460068
1,3931,3931,15.3154115,3.897051272264631,5.671520108695653,451,0.7923902485973809,0.9856432299005723,0.9856432299005723,0.6033167791713976,63,106,671,32,11.500000000000002
0,3820,3931,12.5414363,3.283958182770359,3.354621355932203
0,3574,3931,11.5126424,3.222122138259166,3.2444
0,3275,3931,10.3955368,3.175179230299328,3.8750999999999998
0,3342,3931,10.666005,3.1924588446572884,3.844178965517242
0,3820,3931,13.578888599999999,3.555613668499607,4.4885
0,3809,3931,13.8143608,3.627720798319327,3.627720798319327
0,3656,3931,13.4025503,3.666908426812585,3.666908426812585
0,3820,3931,14.3957428,3.769505839224928,5.5397
0,3804,3931,14.1502712,3.720818090980805,3.8431731958762887
0,3342,3931,11.114444,3.3266818317868907,4.7399000000000004
0,3656,3931,12.4811645,3.414819288645691,3.6098758754863813
0,3275,3931,10.7454849,3.282066249236408,5.3635
0,3820,3931,14.7105288,3.8519321288295365,3.8519321288295365
0,3275,3931,11.1862946,3.416705742211362,4.322280536912752
0,3275,3931,10.9151634,3.3338923029932808,4.904000000000001
0,3342,3931,11.1708041,3.343551062556121,4.466
0,3820,3931,13.7590377,3.602785467399843,3.6938
0,3275,3931,11.0107842,3.3630984117287723,3.589692
1,3931,3931,14.0739778,3.581164834605598,3.9767756666666667,1906,0.3722462910680447,0.6806100020009045,0.6806100020009045,0.6033167791713976,62,103,625,27,10.080000000000002
1,3931,3931,13.6965806,3.4851350127226466,4.5663,1216,0.2549651905277478,0.6055581616073598,0.6055581616073598,0.6033167791713976,62,108,631,31,10.32
0,3656,3931,11.4845857,3.142157510259918,3.457437549407115
1,3931,3931,13.4213985,3.415114122137405,3.42393578892372,1,1.0721542051720931,1.0721542051720931,1.4118236376098847,0.6033167791713976,74,115,704,31,11.760000000000002
0,3275,3931,10.4165455,3.181596059865608,3.3769390109890107
0,3275,3931,11.1593183,3.4084661881490534,3.706585490196078
1,3931,3931,14.5359313,3.6987102544529264,3.7391274576271187,1,1.2652937446709287,1.2652937446709287,1.5471205761202416,0.6033167791713976,76,120,711,33,11.340000000000002
0,3820,3931,14.5440523,3.808340481801519,5.0285
0,3900,3931,14.4751958,3.7125406001538854,3.7125406001538854
1,3931,3931,14.5810921,3.7102015521628497,3.7132154161331625,502,0.8356852378972774,1.165121692908104,1.165121692908104,0.6033167791713976,53,101,668,30,10.250000000000002
0,3820,3931,14.6161777,3.8272264205289344,5.0552
0,3809,3931,15.0109826,3.9419597163865543,4.290919243986254
0,3275,3931,11.5863673,3.5389026572999387,5.7615
0,3820,3931,13.9407896,3.6503769573186697,4.096228415300546
0,3421,3931,12.5166668,3.6598440935672514,6.2418
0,3656,3931,12.556409500000001,3.4354061559507527,3.9529751748251747
0,3656,3931,12.3926587,3.390604295485636,4.191000000000001
0,3275,3931,10.6545344,3.2542866218692725,4.016426804123712
0,3820,3931,13.3355001,3.491882717989003,3.597599331103679
1,3931,3931,13.8716027,3.5296698982188297,8.5713,1,0.557847278237842,0.557847278237842,0.8335535308102385,0.6033167791713976,60,104,653,32,10.5
0,3342,3931,10.3583565,3.1003760850044895,3.6019632107023405
0,3342,3931,10.401136,3.1131804848847646,5.684200000000001
0,3275,3931,10.0949429,3.083366799022602,3.8466
0,3656,3931,12.0169743,3.2878178659370723,4.3247
0,3274,3931,10.5443035,3.2216020470516344,3.501951086956522
0,3274,3931,10.8880932,3.3266401466544453,3.7457935810810814
0,3342,3931,10.9839834,3.2876334630350192,3.5393724832214764
0,3820,3931,14.4798086,3.7915183555904686,10.7499
0,3275,3931,12.48736,3.8140989615149667,4.1725853820598005
0,3342,3931,11.9033668,3.5628155642023347,3.7458135135135135
1,3931,3931,14.7481226,3.7527029516539443,3.870059191176471,1,0.37530022986541606,0.37530022986541606,0.8686204285189846,0.6033167791713976,51,93,647,28,10.32
1,3931,3931,15.2036754,3.8686196946564886,4.1428,35,0.4527834195975702,0.4686816081274823,0.6820897933494393,0.6033167791713976,61,108,643,29,10.8
1,3931,3931,14.6826919,3.7360539185750636,4.08275275862069,1334,1.2028469960393802,1.350288207827474,1.457056126878432,0.6033167791713976,64,111,692,29,11.070000000000002
1,3931,3931,14.9729872,3.809920407124682,6.483499999999999,1999,0.3726780028003999,0.9476564740777584,0.9476564740777584,0.6033167791713976,58,96,656,27,10.560000000000002
0,3820,3931,14.4206803,3.7760356899711964,4.174590604026846
0,3809,3931,13.7778335,3.6181285451680676,7.6396
0,3656,3931,12.8986458,3.5290412585499316,3.7210069999999997
1,3931,3931,14.463185,3.680199745547074,3.872003322259136,1912,1.1731015587742375,1.3586360824833272,1.3586360824833272,0.6033167791713976,61,103,674,32,10.5
0,3275,3931,10.4718526,3.198488882101405,3.9854000000000003
0,3806,3931,12.8655276,3.381216189224704,3.433536551724138
0,3275,3931,10.4333416,3.1867262064752597,4.9401
0,3275,3931,10.3720682,3.16801105681124,4.6105
0,3274,3931,10.728146,3.2777714634891537,3.8743
0,3656,3931,13.3296809,3.646971518467852,3.797931081081081
1,3931,3931,14.8138647,3.7694312213740457,4.171842307692307,1983,0.7510380240153338,1.0869905007699023,1.0935720414950236,0.6033167791713976,57,103,663,27,10.75
0,3275,3931,11.4375768,3.4934565668906536,3.844011724137931
0,3342,3931,11.496443,3.441018557318168,4.1068
0,3275,3931,11.4532736,3.4982509468540006,4.2051
0,3342,3931,11.4238479,3.419290002993116,3.698439673913043
0,3342,3931,11.757858,3.519263094881772,5.092099999999999
0,3342,3931,11.5531249,3.4579841065549237,4.6226
0,3275,3931,11.9165128,3.6397412339645694,3.6397412339645694
0,3269,3931,8.1367339,2.489820654834761,4.4656
0,3342,3931,11.7419686,3.514507213409159,3.7647480000000004
0,3342,3931,13.4526506,4.026534151451662,5.1475
0,3805,3931,14.5271364,3.8189107255520502,4.010753448275862
0,3805,3931,13.864123,3.64461698212408,3.8343924137931036
0,3656,3931,13.2557292,3.626738495212038,4.277900000000001
0,3275,3931,11.5884674,3.539544105070251,3.9960999999999998
0,3806,3931,14.4678989,3.8023387385019713,4.228568794326241
1,3931,3931,10.4067868,2.648037353689568,3.7061566552901026,3,1.0991913686405017,1.327528746515689,1.374488305821888,0.6033167791713976,59,105,692,28,11.070000000000002
0,3820,3931,7.5461903,1.9759597538622677,2.1683000000000003
0,3820,3931,7.679303,2.0108151348520553,5.526
0,3342,3931,5.954162,1.7821496557916792,3.1901
,,,,,,,,,,,,,,,
480,,,,,,,,,,,,,,,
0.22179234080261484,443,,,,,,,,,,,,,,
0.25920452378363673,518,,,,,,,,,,,,,,
