8.250781684182584e-05 -9.66230290941894e-05 0.0009585004758120778
8.482840348733589e-05 -9.933790715876967e-05 0.0009854431917893922
8.604006870882586e-05 -0.00010075538739329204 0.0009995109180945348
8.698477176949382e-05 -0.00010186052531935275 0.0010104788272914005
8.751873974688351e-05 -0.00010248516628053039 0.0010166777898669768
8.751873974688351e-05 -0.00010248516628053039 0.001016677324184178
8.751873974688351e-05 -0.00010248516628053039 0.0010166770913427785
8.751873974688351e-05 -0.00010248516628053039 0.0010166766256599798
0.0005144547903910279 -2.9411436116788536e-05 0.0006249310446539494
0.0013495716266334057 8.655885903863236e-05 0.001294919745352526
0.009566671214997768 0.00032943286350928247 0.0032781556133080667
0.01744968257844448 0.0002085114538203925 0.003278156311807957
0.02749030292034149 3.004050813615322e-05 0.0031312892990692353
0.03888404369354248 0.00011950200860155746 0.002701893679470137
0.03944828361272812 3.8156373193487525e-05 0.0036622460606206128
0.06305435299873352 -5.150284414412454e-05 0.0052839718152539695
0.08757354319095612 -0.00026369024999439716 0.0038450914993340426
0.09242136776447296 -0.00021673316950909793 0.003739709363623336
0.11591639369726181 -0.00027575381682254374 0.002602213437531609
0.12361085414886475 -0.000220548827201128 0.002333516283856205
0.14416566491127014 -0.0002764363889582455 0.0019372645461145624
0.15051943063735962 -0.00018902946612797678 0.0014916608850061802
0.17218197882175446 -0.00020653933461289853 0.0017639346969277533
0.20090919733047485 -0.0003621672804001719 0.0023318517980346234
0.21223017573356628 -0.00037657591747120023 0.0026797104606530384
0.23000000417232513 -0.0004815011634491384 0.0024503494583825946
0.2507309913635254 -0.0005853605107404292 0.0015064453172296752
0.25785723328590393 -0.0005923931021243334 0.001506445550061704
0.2594592273235321 -0.0006539253517985344 0.0022817838000720888
0.28624916076660156 -0.0007456213352270424 0.003222103284830139
0.2979719042778015 -0.000900572573300451 0.0038763213304622455
0.3247095048427582 -0.0009959193412214518 0.00441156160842338
0.35303688049316406 -0.0008120131678879261 0.004375801827852391
0.3807787597179413 -0.0008014969644136727 0.0038732224654730186
0.40798458456993103 -0.0007486323011107743 0.002265112378277927
0.4109654426574707 -0.0008160170400515199 0.0028415970251393194
0.44338008761405945 -0.0008243920165114105 0.0014497298216263684
0.45773085951805115 -0.0007715792744420469 0.0012055932965954756
0.47187188267707825 -0.0008126309840008616 0.0007003936638718686
0.4859553873538971 -0.0007913254084996879 0.00037352819654094924
0.499843955039978 -0.0008936704834923148 0.0007974308628156553
0.5141234993934631 -0.0008066535810939968 0.0007974306881933279
0.5289553999900818 -0.000933543429709971 0.0010885353035893172
0.547727644443512 -0.0009045060141943395 0.0009023327198720433
0.562227725982666 -0.0008095062803477049 0.0009023327198720433
0.5772241950035095 -0.0008705369546078146 0.0009023327198720433
0.5913448929786682 -0.0009771581972017884 0.00025431873380993053
0.6056879162788391 -0.0011478847591206431 -3.368755870548538e-05
0.6191816329956055 -0.0011114265071228147 -0.0016484715757895101
0.6333996057510376 -0.0013325149193406105 -0.0017519443355105112
0.64779132604599 -0.0013491521822288632 -0.0017519443355105112
0.6668789982795715 -0.0014240916352719069 -0.001417681322470567
0.6813550591468811 -0.0016904479125514627 -0.001330421083721008
0.6960710287094116 -0.0017411495791748166 -0.0023894829315318474
0.7098585367202759 -0.0016926558455452323 -0.0017893856551187276
0.7239379286766052 -0.001885004690848291 -0.0016198704432379438
0.7382051944732666 -0.0019040567567571998 -0.001307543037787041
0.7526763677597046 -0.0020576217211782932 -0.0005241037407022928
0.7673929929733276 -0.002149950247257948 -0.00039106652262641017
0.786062479019165 -0.002265611896291375 -0.0005233889066333595
0.8004147410392761 -0.0022857466246932745 -0.0005233887320101305
0.815433919429779 -0.00255033653229475 4.929113053158355e-05
0.8294434547424316 -0.002628523390740156 8.521644593948148e-06
0.8435993790626526 -0.0026033467147499323 -0.0006490331639064221
0.8578307628631592 -0.002608578186482191 -0.0006490331639064221
0.87203449010849 -0.0027630983386188745 -0.0006690601721981009
0.8863499164581299 -0.002798324916511774 -3.17724717556886e-05
0.9055386185646057 -0.002835081657394767 0.0004276571775136198
0.9194946885108948 -0.0028629072476178408 0.0007240102921485038
0.9341757893562317 -0.002887990325689316 0.0012883466120758788
0.9481148719787598 -0.0028853374533355236 0.0015069760724013151
0.9622447490692139 -0.0028227833099663258 0.0015069764216476952
0.9764372706413269 -0.002668562810868025 0.0019304081864336456
0.9904978275299072 -0.0026322435587644577 0.0019304081864336456
1.0053186416625977 -0.0027683961670845747 0.002078465762630786
1.0242724418640137 -0.0028745606541633606 0.0022084039585498773
1.0383965969085693 -0.0029987595044076443 0.0027911040710907327
1.0527498722076416 -0.0029841591604053974 0.0022014770425154437
1.0669476985931396 -0.0029892027378082275 0.001672161743898665
1.0813519954681396 -0.0030473247170448303 0.001680030597965074
1.095477819442749 -0.0032186282332986593 0.0007172020694931725
1.1099966764450073 -0.0031884789932519197 0.0009411031285095861
1.1245484352111816 -0.0033412815537303686 0.0013710166610017484
1.143525242805481 -0.003326542442664504 0.0013710166610017484
1.1581530570983887 -0.0035743704065680504 0.0025560976007659173
1.1729276180267334 -0.0036701674107462168 0.002182920557667537
1.1872305870056152 -0.003642764873802662 0.0019826168129607044
1.201388955116272 -0.003582604695111513 0.0019826168129607044
1.2157344818115234 -0.0034901287872344255 0.0023157346689551238
1.2303025722503662 -0.0034715135116130114 0.0029991270176940744
1.2448310852050781 -0.003355194814503193 0.0029991270176940744
1.2641122341156006 -0.00336931343190372 0.0039767598190397786
1.2785346508026123 -0.003372723003849387 0.003976758423712744
1.292907476425171 -0.0034607055131345987 0.0037089887480345712
1.3069918155670166 -0.003452085889875889 0.002782186869788504
1.3214519023895264 -0.0035398551262915134 0.001997505604216673
1.335587978363037 -0.003524688072502613 0.0012175958723452418
1.3497657775878906 -0.0035050527658313513 0.0007004473742521306
1.3641026020050049 -0.0035558873787522316 0.00098918762737228
1.3835015296936035 -0.003599264193326235 0.0015652389818421127
1.3975167274475098 -0.003605940844863653 0.0018544510535007095
1.412185549736023 -0.0037997481413185596 0.0025706806409212255
1.4264034032821655 -0.0039113773964345455 0.001872819303930019
1.440910816192627 -0.004040802363306284 0.0015197165805147111
1.4555100202560425 -0.0041972058825194836 0.0005750807833912738
1.469388723373413 -0.004237879067659378 0.00030137297005038057
1.4834965467453003 -0.004218037705868483 0.0009906432135746658
1.5030889511108398 -0.004221986513584852 0.0008800174759009317
1.5171462297439575 -0.004241514019668102 0.0011866225162647152
1.5315344333648682 -0.004305574111640453 0.0009908820929530428
1.5454422235488892 -0.004174540750682354 0.0007617630787639179
1.5598393678665161 -0.004335503559559584 0.0007617629041412349
1.5743744373321533 -0.004254545085132122 0.0005743672663025754
1.5884089469909668 -0.004368763882666826 0.0005769900331590329
1.607818841934204 -0.004568860866129398 0.0013403967278537267
1.622605323791504 -0.004530742764472961 0.0018656245115434168
1.6367671489715576 -0.0046171145513653755 0.0025548840108775965
1.6509593725204468 -0.0045196255668997765 0.002469770135497553
1.6649693250656128 -0.004521296359598637 0.002206562329048402
1.679734706878662 -0.004573318641632795 0.0017206730839377212
1.6940287351608276 -0.004661894869059324 -9.271022555046357e-05
1.708040475845337 -0.00473581999540329 -0.0008208284607637831
1.7221876382827759 -0.0050171660259366035 -0.0007135436585530871
1.741363763809204 -0.004971788264811039 -0.0008489549741497165
1.7556610107421875 -0.004937330260872841 -0.00148692143903845
1.7701231241226196 -0.005107961595058441 -0.0020159288449691963
1.7846969366073608 -0.005201919004321098 -0.002256948648357072
1.7987173795700073 -0.005245584063231945 -0.002256947251370512
1.8130722045898438 -0.005339439492672682 -0.0016344893788397437
1.8274160623550415 -0.005350823048502207 -0.001483825639945322
1.8420532941818237 -0.005350945983082056 -0.0009367151204620598
1.8614429235458374 -0.005378699861466885 -0.0009367151204620598
1.8758777379989624 -0.005511111579835415 -9.637494290974503e-05
1.8903193473815918 -0.005512526258826256 -9.637496473769042e-05
1.904526948928833 -0.005581261124461889 -0.0005180935627387119
1.9188135862350464 -0.005516810808330774 -0.000909532003866423
1.9332895278930664 -0.00557651137933135 -0.0013553284562629515
1.9476003646850586 -0.005605155136436224 -0.001844273753155213
1.9619349241256714 -0.005675062071532011 -0.00121823561447481
1.9809869527816772 -0.005635210312902927 -0.0018776459814643508
1.9953147172927856 -0.005811822135001421 -0.0014938237582269851
2.0048859119415283 -0.005981457885354757 -0.0018271096467803152
2.0237321853637695 -0.006001307629048824 -0.0020843402675659183
2.0380520820617676 -0.006017617881298065 -0.0017393598051075102
2.0523719787597656 -0.005983815528452396 -0.001864524512365673
2.0668294429779053 -0.005977264139801264 -0.0010687052882001132
2.0809290409088135 -0.006025289185345173 -0.0006118999478037204
2.0954575538635254 -0.005980354733765125 -0.0005160571702124648
2.1148252487182617 -0.006049630232155323 -0.0009251711412205406
2.128894329071045 -0.005799577571451664 -0.001703100757437029
2.143404483795166 -0.006020962726324797 -0.0021539319786225758
2.157728672027588 -0.005957943387329578 -0.0039031408748649776
2.171769857406616 -0.0060182479210197926 -0.00450297755193684
2.186052083969116 -0.006140631623566151 -0.004993381502739968
2.2002406120300293 -0.006192442495375872 -0.004657229438411094
2.219393014907837 -0.006406533531844616 -0.003932238474891817
2.2332656383514404 -0.006534343119710684 -0.0035634256990881245
2.247704267501831 -0.006687057204544544 -0.0030327333365964327
2.2620739936828613 -0.006678420584648848 -0.0032844911083255864
2.2764055728912354 -0.006718630902469158 -0.003284490409839706
2.2906129360198975 -0.006777463015168905 -0.003335272576224625
2.305121898651123 -0.006800706963986158 -0.004208334464192941
2.3195040225982666 -0.006862968672066927 -0.00420833306600439
2.338733434677124 -0.00712181581184268 -0.005101166213285461
2.3533475399017334 -0.007283361162990332 -0.004986255352000446
2.3676488399505615 -0.007554933894425631 -0.00492522313487275
2.38181471824646 -0.007631838321685791 -0.005591549888427924
2.396156072616577 -0.007886148057878017 -0.005884065222154839
2.4100053310394287 -0.008022219873964787 -0.006867934809385269
2.4240634441375732 -0.008009322918951511 -0.006867939000621259
2.438190460205078 -0.007948397658765316 -0.006633361185820335
2.457590103149414 -0.007938910275697708 -0.0066004643522035115
2.4719603061676025 -0.008093215525150299 -0.0060316671908314705
2.4860312938690186 -0.008350608870387077 -0.0063158268116897485
2.500594139099121 -0.008539676666259766 -0.006213082332850572
2.5151195526123047 -0.008728115819394588 -0.006320830127772674
2.529348373413086 -0.008827612735331059 -0.006832404365394965
2.5438385009765625 -0.008949696086347103 -0.00722501488165764
2.563321828842163 -0.009247888810932636 -0.007225011155470504
2.577463150024414 -0.009428014978766441 -0.008201400306698104
2.5917649269104004 -0.009502739645540714 -0.008784456804510399
2.606135129928589 -0.009560813196003437 -0.008784456804510399
2.620250940322876 -0.009556211531162262 -0.009653558388481217
2.6346492767333984 -0.009541600942611694 -0.01061918824942232
2.648508310317993 -0.00968320481479168 -0.01086113486914361
2.6627657413482666 -0.00987161323428154 -0.011505690184096973
2.6767420768737793 -0.010021417401731014 -0.011659201827232813
2.696298837661743 -0.010251644998788834 -0.01228971083424844
2.710638999938965 -0.010360202752053738 -0.013365258396991186
2.7248096466064453 -0.010560638271272182 -0.013958578236303806
2.7393059730529785 -0.010819086804986 -0.015106139700135359
2.753554105758667 -0.011123702861368656 -0.015382177004337083
2.7676432132720947 -0.011439044959843159 -0.015399097314817596
2.7817888259887695 -0.011752083897590637 -0.015334492676820799
2.79547381401062 -0.012087779119610786 -0.012625166177110276
2.81496262550354 -0.012395603582262993 -0.01203941755948911
2.8291032314300537 -0.012504343874752522 -0.011541665663921858
2.843216896057129 -0.012887279503047466 -0.011541665663921858
2.857516288757324 -0.01295606978237629 -0.011541665663921858
2.871880292892456 -0.013222497887909412 -0.011767897182839882
2.8858516216278076 -0.013429779559373856 -0.011876843375224074
2.900216817855835 -0.013657200150191784 -0.011236753719056443
2.9142792224884033 -0.013898899778723717 -0.010263619951581315
2.93355393409729 -0.014155647717416286 -0.009963714651646643
2.9479198455810547 -0.014310733415186405 -0.009668340232315893
2.9620676040649414 -0.014346101321280003 -0.009558434509080506
2.976674795150757 -0.014429152943193913 -0.010810759833590198
2.9910778999328613 -0.014642689377069473 -0.011161214423673568
3.0050694942474365 -0.014701029285788536 -0.012806205122975036
3.0192816257476807 -0.014938299544155598 -0.01459757486446411
3.033202886581421 -0.015117105096578598 -0.01637153187017415
3.0523111820220947 -0.015587967820465565 -0.01637153187017415
3.0665316581726074 -0.01572667434811592 -0.017911607739748786
3.0804219245910645 -0.016181789338588715 -0.017911602151446396
3.0944347381591797 -0.016437381505966187 -0.018100653593320134
3.108403205871582 -0.016674038022756577 -0.01809587957853648
['bump_right']
3.122232437133789 -0.016894115135073662 -0.019162496436867727
3.1273984909057617 -0.01495667640119791 -0.03678977840997432
3.1259853839874268 -0.014913610182702541 -0.03870793946109086
3.1213457584381104 -0.014922356233000755 -0.03175804625796083
3.1160714626312256 -0.015236579813063145 -0.03256002219169303
3.109715461730957 -0.015250611118972301 -0.03866523016616981
3.102384328842163 -0.0146139245480299 -0.0389491770475484
3.0975492000579834 -0.014543242752552032 -0.0389491770475484
3.08842396736145 -0.014289794489741325 -0.03892555816367288
3.081789255142212 -0.013860407285392284 -0.03805037915954737
3.075166940689087 -0.013626215048134327 -0.035673021711627055
3.06950044631958 -0.013392582535743713 -0.029394448746246284
3.067444086074829 -0.013294114731252193 -0.015387361132133938
3.0652859210968018 -0.013125963509082794 0.006978091021771576
3.0641348361968994 -0.013024596497416496 0.0438950088406748
3.0640296936035156 -0.013056020252406597 0.09037382110380575
3.0643959045410156 -0.013345491141080856 0.13912282911211668
3.064274787902832 -0.013436615467071533 0.18685171625275238
3.0642223358154297 -0.013518933206796646 0.23463280510643275
3.0644798278808594 -0.013677739538252354 0.2977374263014579
3.0642969608306885 -0.013853730633854866 0.3442855795890014
3.0642759799957275 -0.01407630369067192 0.39009900885013676
3.064284563064575 -0.014159223064780235 0.43730480287332285
3.0642802715301514 -0.01433444395661354 0.4850177397153096
3.0644290447235107 -0.014488406479358673 0.5318243560988751
3.0644071102142334 -0.014668754301965237 0.5794009495499519
3.0646321773529053 -0.014620155096054077 0.6264554308290109
3.0647964477539062 -0.014642471447587013 0.6895984500005851
3.064919948577881 -0.01481844112277031 0.7365492988092208
3.064882755279541 -0.014869261533021927 0.768129487728876
3.065141439437866 -0.015004804357886314 0.8311790213608814
3.0652005672454834 -0.015061214566230774 0.877332752243145
3.065248489379883 -0.015173761174082756 0.9255766377762328
3.065375566482544 -0.015264366753399372 0.9723570675711032
3.0654563903808594 -0.015390167944133282 1.0181524408529727
3.0654382705688477 -0.01538804080337286 1.0654976258282043
3.0654613971710205 -0.015552894212305546 1.1118636054813735
3.065931558609009 -0.01576228067278862 1.1801724412153274
3.065171480178833 -0.016158893704414368 1.2711269740189133
3.0656893253326416 -0.01591542921960354 1.3146196418754328
3.066011428833008 -0.015830034390091896 1.3617993853775745
3.065941333770752 -0.01608608476817608 1.4085580886166837
3.0660436153411865 -0.016132719814777374 1.469441805509125
3.0661277770996094 -0.016168702393770218 1.51612355207416
3.066073417663574 -0.016321230679750443 1.5639885547858476
3.0662333965301514 -0.01619897596538067 1.612321701661899
3.0663726329803467 -0.016149450093507767 1.6575254625197278
3.0665299892425537 -0.016130993142724037 1.704329485329862
3.0666663646698 -0.016119318082928658 1.751699768517241
3.0666699409484863 -0.01615958660840988 1.783426289340199
3.0668752193450928 -0.015968944877386093 1.8619917842716178
3.0670552253723145 -0.015779618173837662 1.9097208199772415
3.0671491622924805 -0.01573438011109829 1.9575666063165238
3.0672976970672607 -0.01547114085406065 2.005891881619349
3.0674631595611572 -0.015460832044482231 2.0516623475338625
3.0672760009765625 -0.014718347229063511 2.0968297033092473
3.066248655319214 -0.012633634731173515 2.137618512354657
3.063876152038574 -0.008991753682494164 2.1727480701848614
3.0592992305755615 -0.0025074819568544626 2.2122800211400295
3.0547244548797607 0.0037969350814819336 2.2345252292635895
3.0491535663604736 0.011212721467018127 2.2525113164152692
3.042154550552368 0.019787300378084183 2.266235821746775
3.0340287685394287 0.029074057936668396 2.276736726516917
3.0248970985412598 0.039442311972379684 2.2834934970360456
3.0154173374176025 0.05041249841451645 2.2839312174176736
3.0053517818450928 0.06144191697239876 2.2855534951615804
2.992279291152954 0.0757378488779068 2.2879690457289734
2.982988119125366 0.08611913025379181 2.2861070751075556
2.9732470512390137 0.09701214730739594 2.2848406273422674
2.963447332382202 0.10782956331968307 2.2851953432163175
2.9539620876312256 0.11815696954727173 2.2854087078442533
2.944409132003784 0.1290530562400818 2.2869815263666986
2.9351718425750732 0.1395656019449234 2.2887356336266147
2.9251749515533447 0.1505953073501587 2.2897932693363225
2.912496566772461 0.16451303660869598 2.2910661385222113
2.9029436111450195 0.17504531145095825 2.292785602651535
2.8927762508392334 0.18606987595558167 2.2936220203829203
2.8829128742218018 0.19646979868412018 2.293949140607194
2.8734285831451416 0.20691534876823425 2.295426119076517
2.863542079925537 0.2175004929304123 2.2975721118820336
2.8536698818206787 0.22774352133274078 2.3001077915257793
2.8434479236602783 0.23874978721141815 2.3024241589654713
2.833630323410034 0.24901141226291656 2.303706866769999
2.8211605548858643 0.2626297175884247 2.302525066356158
2.8109452724456787 0.2733520567417145 2.301220655140176
2.8006417751312256 0.2843158543109894 2.3003397030413324
2.7912862300872803 0.29445964097976685 2.300748110632326
2.78157639503479 0.30489447712898254 2.302282044006689
2.7720744609832764 0.3153737485408783 2.3034424551185433
2.7619497776031494 0.3260522186756134 2.3039002344397757
2.749194383621216 0.3397521674633026 2.3043477246740696
2.739166259765625 0.35005563497543335 2.305204142959357
2.729076385498047 0.36071449518203735 2.3054428399593414
2.7194223403930664 0.3710264563560486 2.3060414648226666
2.7094480991363525 0.38116034865379333 2.307033751901243
2.699432134628296 0.3917746841907501 2.3083176635742095
2.689493417739868 0.402179479598999 2.3090716142942425
2.6793482303619385 0.41272613406181335 2.309397018757017
2.6696219444274902 0.4230819344520569 2.3096401712700643
2.656529664993286 0.4368424415588379 2.3093051790802686
2.64633846282959 0.4476233124732971 2.309026762500079
2.6368038654327393 0.45768335461616516 2.3088507023806266
2.6271584033966064 0.46819090843200684 2.3092541414357792
2.617170572280884 0.4787440598011017 2.309892722706365
2.6073789596557617 0.48930463194847107 2.3113646297321897
2.5975704193115234 0.49992865324020386 2.31243614862101
2.587904930114746 0.5100207328796387 2.313750249151708
2.5748956203460693 0.5240756869316101 2.3148859041674785
2.564852237701416 0.5350937247276306 2.3150379628662
2.5553297996520996 0.5451854467391968 2.3159933267898793
2.545518159866333 0.5556624531745911 2.317137757155411
2.535905599594116 0.56572425365448 2.317137757155411
2.52595591545105 0.5761300921440125 2.317137757155411
2.5158421993255615 0.5870910286903381 2.317137757155411
2.506394863128662 0.5972397923469543 2.3166153241935517
2.4931821823120117 0.6112035512924194 2.3162519836749715
2.4831364154815674 0.6218892931938171 2.31548923575942
2.473534107208252 0.631928026676178 2.3148446460661183
2.463923454284668 0.6423264145851135 2.3151955660853285
2.4540746212005615 0.6526890397071838 2.3163895754840116
2.4439570903778076 0.6634647250175476 2.316879992595922
2.4339022636413574 0.6741436719894409 2.317337490234489
2.4210636615753174 0.68781578540802 2.3174714503005065
2.411391019821167 0.6982095241546631 2.317086400436752
2.4015262126922607 0.7088525295257568 2.3164801977500913
2.3920044898986816 0.7191526889801025 2.315957081345506
2.3822271823883057 0.729745626449585 2.3162395954735886
2.372610330581665 0.7401713728904724 2.315906572840634
2.3629562854766846 0.7505012154579163 2.315906572840634
2.3528759479522705 0.761186957359314 2.3155500891332763
2.34027361869812 0.775023877620697 2.3152432320547467
2.3305108547210693 0.7856869101524353 2.314564745641763
2.3206026554107666 0.7961649894714355 2.3127934906857393
2.311246633529663 0.8064471483230591 2.3125495803677323
2.301405429840088 0.8170043230056763 2.312831892956147
2.291734457015991 0.8275395631790161 2.313428200088846
2.2821102142333984 0.8379849791526794 2.3137011294656737
2.2718584537506104 0.8492924571037292 2.314240984947922
2.2627108097076416 0.8594269752502441 2.3155520238047806
2.249838352203369 0.873456597328186 2.315079849755473
2.240046262741089 0.8841966986656189 2.313868503929828
2.2305409908294678 0.8946133255958557 2.3137378726869526
2.2207846641540527 0.9053364992141724 2.3134114497229845
2.2111856937408447 0.9157466888427734 2.3134114497229845
2.201425790786743 0.9265063405036926 2.3137938790824615
2.1918110847473145 0.9371111989021301 2.3137893924932564
2.1823034286499023 0.9472909569740295 2.312361436402723
2.1695079803466797 0.9614104628562927 2.3120353724679554
2.1593525409698486 0.9725381135940552 2.3120353724679554
2.149991035461426 0.9828111529350281 2.3117664434104053
2.140317678451538 0.9933087229728699 2.3123042769557602
2.131021738052368 1.0036062002182007 2.31337974312586
2.1209895610809326 1.0144836902618408 2.314645807767766
2.111041307449341 1.025303602218628 2.31591126389151
2.1016578674316406 1.0355526208877563 2.316077680894097
2.0921883583068848 1.0460762977600098 2.315956777151695
2.0791900157928467 1.0604174137115479 2.315956777151695
2.06976318359375 1.0703011751174927 2.3147969633091776
2.060023784637451 1.0807920694351196 2.314855600394253
2.0503146648406982 1.091238260269165 2.3151209262520727
2.0402753353118896 1.1018959283828735 2.3162350904228384
2.0300936698913574 1.1128880977630615 2.3173148549676723
2.0175275802612305 1.1263628005981445 2.3180408539115698
2.007765293121338 1.1368153095245361 2.319633016569505
1.9976825714111328 1.1476051807403564 2.3217456540017656
1.9876956939697266 1.1578798294067383 2.322617009694439
1.9776830673217773 1.1684678792953491 2.3233651630829057
1.9678616523742676 1.1790289878845215 2.3258757766062783
1.9576956033706665 1.189285397529602 2.327377244254458
1.9477200508117676 1.1996738910675049 2.3283822080179277
1.9345487356185913 1.2134839296340942 2.3288297764345636
1.924416422843933 1.224217414855957 2.328425121080489
1.9144054651260376 1.2344979047775269 2.328329311112717
1.9042701721191406 1.2448511123657227 2.3284621086923107
1.8940376043319702 1.255348563194275 2.328837888465572
1.8839248418807983 1.2652260065078735 2.3288378884766616
1.8735731840133667 1.27615487575531 2.331109053619327
1.8636783361434937 1.2862797975540161 2.331109053619327
1.8537232875823975 1.296123743057251 2.332016922798322
1.8424409627914429 1.307515025138855 2.3356428744100417
1.8353846073150635 1.314427137374878 2.3364370048640275
['bump_front_right']
1.830466866493225 1.3188387155532837 2.3312165455221674
1.8255329132080078 1.324346899986267 2.31079437291396
1.8263031244277954 1.3249115943908691 2.319679771859367
1.8343194723129272 1.3164916038513184 2.321046803326941
1.839730143547058 1.3108654022216797 2.321046803326941
1.845160722732544 1.305091142654419 2.3205757020399735
1.8499971628189087 1.2999128103256226 2.3200889256108685
1.8543401956558228 1.2952817678451538 2.3197670032446505
1.8590726852416992 1.2900794744491577 2.319345506790118
1.8639322519302368 1.284724235534668 2.3199195667164356
1.8682680130004883 1.280133843421936 2.320008989008555
1.8743828535079956 1.2736588716506958 2.31958177822646
1.879085898399353 1.26853609085083 2.3191261476274794
1.8830467462539673 1.2641682624816895 2.318974007182351
1.88633394241333 1.2605267763137817 2.319870519132548
1.8884680271148682 1.2580443620681763 2.332843786085811
1.8887321949005127 1.257807731628418 2.3475105704752117
1.8883663415908813 1.2583489418029785 2.3495206917113722
1.8885291814804077 1.2580019235610962 2.3721418321895955
1.8884094953536987 1.257822036743164 2.4357468977619745
1.888378620147705 1.2582906484603882 2.487948414271855
1.8884726762771606 1.2581768035888672 2.535721743803535
1.8884462118148804 1.2583659887313843 2.5848536208946533
1.8884252309799194 1.2585995197296143 2.6327709842197415
1.8885060548782349 1.2586441040039062 2.6800267596964984
1.888554573059082 1.2588621377944946 2.729760143552825
1.888445258140564 1.2590696811676025 2.776742926291309
1.8884509801864624 1.2592742443084717 2.8427858202053944
1.8886162042617798 1.25933039188385 2.8895382812295898
1.8887062072753906 1.259450912475586 2.9372797064119194
1.8888920545578003 1.259583592414856 2.984177344452237
1.8887499570846558 1.2598869800567627 3.03066706102661
1.8888037204742432 1.25984525680542 3.07848309932477
1.8888462781906128 1.2601001262664795 3.127093791516414
1.8888194561004639 1.2601313591003418 -3.1098139277881947
1.8887640237808228 1.2602072954177856 -3.0614442829741013
1.8886650800704956 1.2605087757110596 -2.995668161930365
1.8886048793792725 1.2605376243591309 -2.949424757783701
1.8884519338607788 1.260600209236145 -2.902442693669658
1.8881886005401611 1.2608083486557007 -2.853226884092626
1.88813054561615 1.260818362236023 -2.8075919239990412
1.8879233598709106 1.2609657049179077 -2.7589940895101654
1.8879485130310059 1.2610536813735962 -2.7135281601573173
1.8879698514938354 1.2611559629440308 -2.6645770354623357
1.8877630233764648 1.261495590209961 -2.6021489582351167
1.8877289295196533 1.26151704788208 -2.573234136251936
1.88762629032135 1.2617074251174927 -2.5093846671876854
1.8873984813690186 1.262001395225525 -2.464382603134084
1.8875528573989868 1.2621145248413086 -2.417816403282567
1.8873618841171265 1.2623088359832764 -2.3694257967267496
1.8874393701553345 1.2624754905700684 -2.3249569436537745
1.8873111009597778 1.2625430822372437 -2.2768790694687393
1.8868907690048218 1.2625985145568848 -2.213180600510279
1.886911153793335 1.2627389430999756 -2.1677885230877822
1.8867909908294678 1.2628189325332642 -2.119577784676955
1.886597990989685 1.2629332542419434 -2.073206482538314
1.8863476514816284 1.2629584074020386 -2.025833156154401
1.886095404624939 1.262965440750122 -1.978650388585743
1.8859663009643555 1.2630242109298706 -1.9321911902745919
1.8858503103256226 1.2630702257156372 -1.8837668558986898
1.8851574659347534 1.26205313205719 -1.8234960326050234
1.884374737739563 1.259158968925476 -1.7833970953244076
1.883404016494751 1.2546793222427368 -1.7478532242977716
1.882416844367981 1.2486099004745483 -1.717469525682514
1.8811299800872803 1.2409944534301758 -1.6926812322135265
1.8800400495529175 1.2320361137390137 -1.6744546536094378
1.8789000511169434 1.2216548919677734 -1.659835981434808
1.8778655529022217 1.2096889019012451 -1.6508151490522869
1.876606822013855 1.1916149854660034 -1.6455374885604526
1.87555992603302 1.1767596006393433 -1.6444302260780173
1.8744642734527588 1.161881685256958 -1.644717640878403
1.8736515045166016 1.1472188234329224 -1.6430293809190153
1.8728264570236206 1.1330301761627197 -1.6414901469138024
1.8721601963043213 1.1189720630645752 -1.6413563666972508
1.8712173700332642 1.1047767400741577 -1.6410030138222236
1.8703618049621582 1.0905367136001587 -1.6410030138085312
1.8692351579666138 1.0714805126190186 -1.6398119493167174
1.868330955505371 1.0564159154891968 -1.6388155200385939
1.8676267862319946 1.0423775911331177 -1.6378231099513936
1.8668866157531738 1.0278701782226562 -1.6360068075692171
1.8661304712295532 1.0134055614471436 -1.6355487440156733
1.8653696775436401 0.9994673132896423 -1.6355054501132016
1.8647377490997314 0.9847242832183838 -1.6346546304021836
1.863640546798706 0.9656552672386169 -1.633492674608241
1.8630664348602295 0.9517066478729248 -1.6335311508178731
1.862173318862915 0.9368985891342163 -1.6316814195044407
1.8615533113479614 0.922851026058197 -1.6310076069508141
1.8607555627822876 0.9085794687271118 -1.6310761387166217
1.8601796627044678 0.8943053483963013 -1.6309514081254934
1.859503984451294 0.8799358606338501 -1.628923079460087
1.8586996793746948 0.86568284034729 -1.6292185027516717
1.8578940629959106 0.8516877889633179 -1.629477635155216
1.8569562435150146 0.8325284123420715 -1.6295011622866329
1.856214165687561 0.8178451061248779 -1.6292326217369215
1.8556382656097412 0.8033443689346313 -1.6280863220466888
1.8549669981002808 0.7883586287498474 -1.6274716369072242
1.8541948795318604 0.7739636898040771 -1.6260871401864214
1.8533159494400024 0.7600311636924744 -1.626249815909242
1.8526839017868042 0.7457526326179504 -1.626073684378708
1.8519628047943115 0.7314484119415283 -1.625562330271262
1.8510383367538452 0.7121604084968567 -1.624913789582793
1.850265622138977 0.6979207992553711 -1.6233628419671033
1.8494642972946167 0.6834264993667603 -1.6240529676998512
1.8487874269485474 0.6687804460525513 -1.6239174175192743
1.84787917137146 0.6547389626502991 -1.6231448195869886
1.8469902276992798 0.6406044960021973 -1.6229491727261167
1.8461281061172485 0.6257598996162415 -1.621587185591866
1.845378041267395 0.6114467978477478 -1.6223058546361075
1.8444958925247192 0.5927525758743286 -1.6223058546361075
1.8436421155929565 0.5776585340499878 -1.6219256907787747
1.8428436517715454 0.5633029937744141 -1.6213929611937576
1.8421088457107544 0.5483706593513489 -1.6209406803759432
1.841455101966858 0.5341678261756897 -1.6213147035829547
1.8409148454666138 0.5201223492622375 -1.6213146171793797
1.8400989770889282 0.505702793598175 -1.6207268177756076
1.839091181755066 0.48642194271087646 -1.621357237494831
1.8382154703140259 0.47237715125083923 -1.6206758816783664
1.8375163078308105 0.45752254128456116 -1.6206758816783664
1.8369204998016357 0.4432778060436249 -1.6206758816783664
1.8359984159469604 0.42846420407295227 -1.6189468011508112
1.8352066278457642 0.4140337407588959 -1.6184857858748969
1.8345144987106323 0.39994069933891296 -1.6184857858748969
1.833679437637329 0.3851982355117798 -1.6184857858748969
1.8325494527816772 0.3656505346298218 -1.617706326373777
1.8317979574203491 0.3512572944164276 -1.618554818191177
1.831278681755066 0.3370530307292938 -1.6188335576983233
1.8305448293685913 0.3228168487548828 -1.6181969299817944
1.8299481868743896 0.3080107867717743 -1.6176182308350637
1.8292123079299927 0.2930682897567749 -1.6161008183139811
1.8284523487091064 0.2789142429828644 -1.6161008183139811
1.8278851509094238 0.2645377516746521 -1.6157574588636818
1.8272368907928467 0.2506299316883087 -1.616456060375086
1.8263708353042603 0.2313055396080017 -1.6172401740078703
1.825602412223816 0.21671737730503082 -1.616003721443252
1.8249878883361816 0.20250055193901062 -1.6163721533503348
1.8242853879928589 0.1877688467502594 -1.6153584951497644
1.8236054182052612 0.1732780486345291 -1.6158009949488596
1.8228809833526611 0.158971905708313 -1.616279889748755
1.8220919370651245 0.1446974128484726 -1.6159205502196758
1.8213493824005127 0.1254703402519226 -1.6169461373949774
1.8207526206970215 0.11138643324375153 -1.6169827072297251
1.8200825452804565 0.09677902609109879 -1.6169827072297251
1.8193106651306152 0.08242927491664886 -1.6153584159138041
1.8186067342758179 0.06777767091989517 -1.6144681543355042
1.8180255889892578 0.05372149124741554 -1.6140067693864113
1.8174997568130493 0.03957817330956459 -1.6131123638717042
1.8167991638183594 0.025181936100125313 -1.6130099454674633
1.8160532712936401 0.006158800330013037 -1.613964312233978
1.815455436706543 -0.007909001782536507 -1.613964312233978
1.8147897720336914 -0.022210337221622467 -1.6131973599965959
1.8141835927963257 -0.03664768114686012 -1.6127383627404772
1.8135713338851929 -0.05106372386217117 -1.6112122585610333
1.812842607498169 -0.06562316417694092 -1.6098879838712232
1.812308430671692 -0.08012406527996063 -1.6098986464874279
1.8116934299468994 -0.09423970431089401 -1.6094651577232173
1.811198115348816 -0.10850642621517181 -1.609042729653024
1.8102890253067017 -0.1276838481426239 -1.6095984853370155
1.8099515438079834 -0.14239895343780518 -1.6088690477589218
1.809472680091858 -0.15670956671237946 -1.6076832492475428
1.8089377880096436 -0.1711423099040985 -1.6074388391717718
1.8082906007766724 -0.18536652624607086 -1.6067989850115414
1.807892918586731 -0.1996219903230667 -1.6071338045507428
1.8074965476989746 -0.21373248100280762 -1.6075216338991178
1.8069332838058472 -0.2281797230243683 -1.607583584482059
1.8061617612838745 -0.24708762764930725 -1.6063448990070046
1.8055808544158936 -0.26142144203186035 -1.6059662339078222
1.8049896955490112 -0.27563172578811646 -1.6053851539628574
1.8046116828918457 -0.2900591194629669 -1.6046252313399267
1.803934931755066 -0.3041701912879944 -1.6036737535904029
1.8035145998001099 -0.3189258873462677 -1.6034323431691204
1.8031634092330933 -0.3330063223838806 -1.6023884753265474
1.8025422096252441 -0.3521057367324829 -1.6023884753265474
1.8021975755691528 -0.36616984009742737 -1.6023884753265474
1.8018938302993774 -0.3802708387374878 -1.6021859450092795
1.80176842212677 -0.39456507563591003 -1.6013544027693773
1.8013743162155151 -0.4089469909667969 -1.600671938438155
1.8010950088500977 -0.42326420545578003 -1.600288340563101
1.80069899559021 -0.4372556805610657 -1.599119923850641
1.8003804683685303 -0.45159387588500977 -1.5999383241745793
1.8000761270523071 -0.4656749665737152 -1.6001048295807292
1.7994840145111084 -0.48464152216911316 -1.5993070450698432
1.799312710762024 -0.4995991885662079 -1.599190210269246
1.7990531921386719 -0.5139251351356506 -1.5991902102721098
1.7986313104629517 -0.5282246470451355 -1.5985451635409547
1.798323154449463 -0.5424438714981079 -1.598023363176725
1.797906517982483 -0.5563377737998962 -1.5977967166623126
1.7975932359695435 -0.5703048706054688 -1.5971714758471895
1.796988844871521 -0.5893914103507996 -1.5972443759251578
1.7965998649597168 -0.6036316156387329 -1.5970792408628132
1.7965037822723389 -0.6173335909843445 -1.596623380273997
1.7961556911468506 -0.6316345930099487 -1.5970550998013089
1.7959402799606323 -0.6463726162910461 -1.5974140679655997
1.7955201864242554 -0.6604591608047485 -1.5971664252698432
1.795189380645752 -0.6748059391975403 -1.5971664252698432
1.7947463989257812 -0.6877921223640442 -1.5980886653901931
1.7943440675735474 -0.6997652649879456 -1.5994829513993978
1.7939229011535645 -0.7124213576316833 -1.5994173390939646
['bump_left']
1.7935444116592407 -0.7223449349403381 -1.5980703964043623
['bump_front_left']
1.7929279804229736 -0.7234252691268921 -1.585807966387186
1.7935363054275513 -0.7231552004814148 -1.5882344468330862
1.7939543724060059 -0.7208131551742554 -1.5915019728097413
1.793958306312561 -0.7163395285606384 -1.592335679571509
1.7941951751708984 -0.7103502154350281 -1.5936443633058235
1.7941806316375732 -0.7029287815093994 -1.5940976149154975
1.7943726778030396 -0.6934906840324402 -1.5946601177334754
1.7943185567855835 -0.6869701147079468 -1.5953814877671095
1.7944419384002686 -0.6802703142166138 -1.5968029092546374
1.7946295738220215 -0.6750443577766418 -1.5971503365536652
1.794848084449768 -0.6716595888137817 -1.582809552558383
1.7949057817459106 -0.6692188382148743 -1.5577137482383538
1.7948110103607178 -0.6678272485733032 -1.525273015212068
1.7948344945907593 -0.667229950428009 -1.4836528771168362
1.7946879863739014 -0.6676099300384521 -1.4175896915247965
1.7945330142974854 -0.6678519248962402 -1.3687982870029314
1.7944486141204834 -0.6678932309150696 -1.3212766466077432
1.794263243675232 -0.6680023074150085 -1.2736023137967045
1.7941161394119263 -0.6680184602737427 -1.2268446800900927
1.794015884399414 -0.6680803298950195 -1.178213533154991
1.7939257621765137 -0.6680813431739807 -1.1305098231525421
1.7935688495635986 -0.6682726144790649 -1.0681869768285248
1.7934224605560303 -0.668312132358551 -1.0221007771236625
1.7934422492980957 -0.6683400869369507 -0.9738067113866113
1.793479561805725 -0.6683681011199951 -0.9257361404674657
1.7934294939041138 -0.6685288548469543 -0.877451969712067
1.7934216260910034 -0.6684000492095947 -0.8306294054589547
1.793348789215088 -0.6685300469398499 -0.7827183129568153
1.7931236028671265 -0.6686327457427979 -0.7367143307842087
1.7928993701934814 -0.6686367392539978 -0.6751873768420563
1.7928329706192017 -0.6687745451927185 -0.6281684519819369
1.7928434610366821 -0.6689141988754272 -0.5810474923397488
1.792677402496338 -0.669061541557312 -0.5332526062087305
1.7924532890319824 -0.6690952181816101 -0.4856166884762356
1.7923164367675781 -0.6693435907363892 -0.43856147497301523
1.7922011613845825 -0.6693416237831116 -0.3923027689397956
1.7920035123825073 -0.6694548726081848 -0.34546549755513367
1.791799545288086 -0.6694080829620361 -0.30032603852210815
1.7916818857192993 -0.6695254445075989 -0.23717869584483436
1.7917040586471558 -0.6697633266448975 -0.19017192765980584
1.7916011810302734 -0.6699486374855042 -0.14280236358168014
1.7914403676986694 -0.6700760126113892 -0.09548337017471445
1.7914690971374512 -0.6702715754508972 -0.04881269594590535
1.7914438247680664 -0.6703866720199585 -0.003018031012845753
1.7913633584976196 -0.6705400943756104 0.042630895508678227
1.7913053035736084 -0.6706889867782593 0.0902637575427976
1.7913826704025269 -0.670898973941803 0.15389991720715537
1.7913607358932495 -0.6710184216499329 0.18461953569634068
1.7914083003997803 -0.6712299585342407 0.24658005315673798
1.7913402318954468 -0.6712961792945862 0.29382292301832463
1.7915093898773193 -0.6714548468589783 0.3407060810160868
1.7915645837783813 -0.6716032028198242 0.3877080755074544
1.7914003133773804 -0.671666145324707 0.43555849627404675
1.7913939952850342 -0.6718960404396057 0.4988662430468833
1.7914961576461792 -0.6721193194389343 0.5455541270700275
1.7921549081802368 -0.6716463565826416 0.59113782514349
1.7944082021713257 -0.6702388525009155 0.6334732380671482
1.797984004020691 -0.667720377445221 0.666067282924684
1.80246102809906 -0.664093554019928 0.6954044116246655
1.8080693483352661 -0.6592705249786377 0.7195504960287377
1.8148092031478882 -0.6533176302909851 0.7391971800912964
1.8226711750030518 -0.6464013457298279 0.7543111443430388
1.8344124555587769 -0.63495934009552 0.766027180919978
1.8443607091903687 -0.6252844929695129 0.7716735712047098
1.854831576347351 -0.6150902509689331 0.7709669097535063
1.8650562763214111 -0.6047736406326294 0.7707083237207598
1.8751839399337769 -0.5948984026908875 0.770772308711984
1.8853846788406372 -0.585056483745575 0.7697162556011985
1.8956936597824097 -0.5748766660690308 0.769467708196485
1.9097360372543335 -0.5613496899604797 0.7694279137293752
1.9196816682815552 -0.5515167713165283 0.7702610216889633
1.9301338195800781 -0.5412541031837463 0.7710795044110259
1.940646767616272 -0.5310541987419128 0.7705401690479055
1.9506874084472656 -0.5211712121963501 0.7717587319650948
1.9609233140945435 -0.5112717151641846 0.7720920769518708
1.9710853099822998 -0.50121009349823 0.7714044301305499
1.9814716577529907 -0.4908677041530609 0.7726038546268128
1.9920350313186646 -0.480633020401001 0.7735035604851289
2.0056190490722656 -0.46756884455680847 0.7740478589988871
2.0160090923309326 -0.45730355381965637 0.774121174010475
2.026306390762329 -0.4471687078475952 0.7744568717919708
2.036503791809082 -0.43719935417175293 0.7744568717919708
2.0468223094940186 -0.42703408002853394 0.7734262295549812
2.056680202484131 -0.4170728921890259 0.7723304865549054
2.0671091079711914 -0.40688586235046387 0.7714479700456378
2.077440023422241 -0.39683377742767334 0.7715973438841108
2.090782880783081 -0.3839483857154846 0.7730390279654339
2.101161479949951 -0.373513400554657 0.773747122628172
2.1113791465759277 -0.3634277284145355 0.7743135210317266
2.1213865280151367 -0.35378497838974 0.77399345625186
2.131364107131958 -0.34390386939048767 0.773319959816467
2.1410772800445557 -0.3341580629348755 0.7725254200063095
2.1514275074005127 -0.32410162687301636 0.7720297966703477
2.165053606033325 -0.3106015622615814 0.7722269056958341
2.1751866340637207 -0.30052822828292847 0.7722269056958341
2.1854469776153564 -0.2904529273509979 0.7722269056958341
2.1957952976226807 -0.2805465757846832 0.7722269056958341
2.2057254314422607 -0.2706640362739563 0.7706960527368744
2.215942859649658 -0.260544091463089 0.7702392574889299
2.2262606620788574 -0.25028690695762634 0.7698789664056276
2.236253261566162 -0.2402399778366089 0.7699249071075654
2.249547004699707 -0.22698909044265747 0.7702556548866636
2.259845733642578 -0.21676260232925415 0.7717596028158322
2.2700726985931396 -0.20672298967838287 0.772132957835914
2.280456304550171 -0.19649001955986023 0.7719876901313056
2.2902016639709473 -0.1868818998336792 0.772324508144139
2.300339698791504 -0.17693579196929932 0.7724729734412306
2.310436487197876 -0.16702568531036377 0.7720842646430276
2.320716619491577 -0.1570751816034317 0.7716533377713809
2.3342623710632324 -0.1436917930841446 0.7714974957016658
2.3443353176116943 -0.13353568315505981 0.772193551413975
2.354797124862671 -0.12340937554836273 0.7729914010663815
2.36540150642395 -0.11292985826730728 0.7736859715612755
2.375155210494995 -0.10358624160289764 0.7737366748317531
2.3850388526916504 -0.09368783980607986 0.7738770183364888
2.3948233127593994 -0.08405894786119461 0.7739938411528166
2.4056360721588135 -0.07324658334255219 0.7739998493269669
2.415614128112793 -0.06326057016849518 0.7758096170263888
2.425835371017456 -0.05328620225191116 0.7771275406111372
2.4394302368164062 -0.03984633833169937 0.7789349415960878
2.4493911266326904 -0.029888752847909927 0.7802223544567181
2.45919132232666 -0.020070893689990044 0.7805226579262218
2.46966290473938 -0.009607491083443165 0.7806786030183034
2.4796438217163086 0.00033475644886493683 0.780791725157025
2.489799737930298 0.010617870837450027 0.7814655199563906
2.4997878074645996 0.02052347920835018 0.7819177062962569
2.513000965118408 0.03376537188887596 0.7818427834234256
2.5233359336853027 0.04428066313266754 0.7822738536744942
2.5334086418151855 0.05446992442011833 0.7822738536744942
2.543299913406372 0.0645410418510437 0.7822738536744942
2.553551197052002 0.07443510740995407 0.7828631974325448
2.5634207725524902 0.08443114906549454 0.7823860863004548
2.5736145973205566 0.09477433562278748 0.7830342617846276
2.5833964347839355 0.10456006228923798 0.7836044860394017
2.596970558166504 0.11818629503250122 0.7859684517495423
2.6073286533355713 0.12890100479125977 0.7866217280000489
2.616950750350952 0.13838161528110504 0.7869272278960325
2.6272151470184326 0.14839768409729004 0.7870797908921858
2.637113332748413 0.1585572510957718 0.78571319921194
2.647346258163452 0.16887693107128143 0.7848964525974862
2.6580970287323 0.17956677079200745 0.7849554814304682
2.6678626537323 0.18966242671012878 0.7849554814304682
2.6809933185577393 0.20303913950920105 0.7858067599321819
2.6912500858306885 0.21342246234416962 0.7865806753842857
2.7010984420776367 0.22320862114429474 0.7868417702303709
2.7109735012054443 0.23337030410766602 0.7867484880904005
2.7209296226501465 0.24348871409893036 0.7868253726110892
2.731152296066284 0.25388577580451965 0.7869544078870415
2.7415034770965576 0.26440081000328064 0.7871254376984538
2.7511463165283203 0.2741032540798187 0.7884535159001156
2.7645962238311768 0.28756633400917053 0.7892961251950923
2.775127410888672 0.2980988621711731 0.7907255095388186
2.7847096920013428 0.3077496290206909 0.7907254545333436
2.794668436050415 0.3179105520248413 0.790696920774581
2.804504871368408 0.3278033435344696 0.7900829990329572
2.8143603801727295 0.337911456823349 0.7885079718434186
2.8247883319854736 0.34855473041534424 0.7889815846473169
2.834548234939575 0.3583911061286926 0.7891889210232269
2.8476061820983887 0.3718264698982239 0.7910399601470024
2.857570171356201 0.3820069432258606 0.7925675289619556
2.8673367500305176 0.39192044734954834 0.7930158839148866
2.8771936893463135 0.402003675699234 0.7941345518636669
2.8872499465942383 0.4122421145439148 0.7945099346509673
2.897200584411621 0.4224543869495392 0.7945099346509673
2.9071593284606934 0.4328373074531555 0.7945099346509673
2.916940689086914 0.44264671206474304 0.7960821607859809
2.930112600326538 0.45643699169158936 0.796292233232855
2.9403634071350098 0.46684297919273376 0.7972958049441291
2.9500863552093506 0.4766346216201782 0.7973638800913634
2.9600653648376465 0.486728698015213 0.7968800738573765
2.9697351455688477 0.4968845546245575 0.7952681278555452
2.9795572757720947 0.5069588422775269 0.7952680179463253
2.989705801010132 0.5174005627632141 0.7952680179463253
2.9991261959075928 0.5275325775146484 0.7950295316178703
3.012547016143799 0.5412188768386841 0.7975466394049348
3.0227677822113037 0.5519673228263855 0.7992691339023201
3.0323486328125 0.5618791580200195 0.8004337948355789
3.0419158935546875 0.5720854997634888 0.7998735918615691
3.05173397064209 0.5822470784187317 0.7999912512695178
3.061821222305298 0.5926785469055176 0.8001051873790316
3.072026491165161 0.6033158302307129 0.8001051873790316
3.0814783573150635 0.6136811375617981 0.7997741283062655
3.0947413444519043 0.6273958683013916 0.8006277312887904
3.1048471927642822 0.6379066109657288 0.8006277312887904
3.114318370819092 0.6477554440498352 0.7999782733877915
3.1242473125457764 0.6581613421440125 0.7989415011322136
3.1339497566223145 0.6682196855545044 0.798174853979819
3.1440505981445312 0.6787496209144592 0.797711617680588
3.1542956829071045 0.689421534538269 0.798951863009031
3.1637449264526367 0.69942706823349 0.7993940477344389
3.1770246028900146 0.7130148410797119 0.80094879005144
3.1867477893829346 0.723351776599884 0.8014852098835848
3.1966965198516846 0.7338374853134155 0.8013086213250363
3.2063443660736084 0.7440435290336609 0.8021218541507918
3.2158362865448 0.7540606260299683 0.8024018947244722
3.2254347801208496 0.7644688487052917 0.8020769473700406
3.2355947494506836 0.775025486946106 0.8020769473700406
3.245053768157959 0.7850171327590942 0.8028331303252952
3.254897356033325 0.7953728437423706 0.8037842908939316
3.268019437789917 0.8090192675590515 0.8032366417505948
3.277541399002075 0.8194178342819214 0.8030497271494932
3.2871603965759277 0.8295702934265137 0.803993798200773
3.296750783920288 0.8397087454795837 0.8039788225704675
3.3063814640045166 0.8502465486526489 0.8039788225704675
3.316051483154297 0.8606605529785156 0.8038034395935402
3.325679302215576 0.8710533380508423 0.8051462842198783
3.338623046875 0.8847784399986267 0.807107073627424
3.3479843139648438 0.8951453566551208 0.8073984943186154
3.3576607704162598 0.9053044319152832 0.8078899009805686
3.3672215938568115 0.9156572222709656 0.8086940098152865
3.3767948150634766 0.9260974526405334 0.8086940098216592
3.3863961696624756 0.9364736080169678 0.8079845523315491
3.3960206508636475 0.9467114210128784 0.8079125656463999
3.4088733196258545 0.9604078531265259 0.807912722125872
3.4152276515960693 0.9674285650253296 0.8073006478101583
3.428016185760498 0.9812824726104736 0.8087902507484472
3.4377293586730957 0.9917011260986328 0.8091098920428307
3.4471123218536377 1.0019959211349487 0.8089236311550206
3.456458330154419 1.0120929479599 0.8083654823594726
3.466207981109619 1.0225560665130615 0.8079316205895593
3.4756789207458496 1.0325075387954712 0.8085261583389546
3.4851438999176025 1.0431488752365112 0.808957135062022
3.4980509281158447 1.0573166608810425 0.8127392762162274
3.5076353549957275 1.067891001701355 0.8137714330221896
3.5171902179718018 1.078222632408142 0.8140788636290409
3.526441812515259 1.0883415937423706 0.8143951340311862
3.535876750946045 1.0986478328704834 0.813035070089459
3.5456490516662598 1.1090863943099976 0.813035070089459
3.5548477172851562 1.119364857673645 0.813035070089459
3.564272165298462 1.1299461126327515 0.8138218618362768
3.576829433441162 1.1439993381500244 0.8159543963433574
3.585850238800049 1.1539876461029053 0.8168719936897636
3.593595266342163 1.162986397743225 0.8187325150767545
3.6004695892333984 1.1706619262695312 0.8215199988264462
3.6068854331970215 1.178023099899292 0.8196404057897664
3.6139168739318848 1.1859374046325684 0.8184746276696578
3.6208455562591553 1.1938490867614746 0.8190023814958287
3.627943754196167 1.2019942998886108 0.8190023815038074
3.6370670795440674 1.2120646238327026 0.8195454436464892
3.643904685974121 1.2198985815048218 0.8196127089672831
3.650888681411743 1.2278077602386475 0.8200771686456376
3.657953977584839 1.2355952262878418 0.82081174266514
3.665897846221924 1.2445513010025024 0.821826940787759
3.6752357482910156 1.2547513246536255 0.8222267849780183
['bump_left']
3.6824758052825928 1.262542724609375 0.8322371259289748
3.6834516525268555 1.2625715732574463 0.8465548447796005
3.68200421333313 1.2615373134613037 0.8422507565910735
3.677806854248047 1.2582435607910156 0.8348649571174521
3.6738200187683105 1.2537943124771118 0.8346953429738517
3.6691646575927734 1.2485357522964478 0.8355390382622134
3.6642377376556396 1.2434998750686646 0.8360620381090501
3.6592190265655518 1.2382707595825195 0.8365096573792413
3.6589207649230957 1.2380729913711548 0.8357489139918076
3.6466140747070312 1.224936842918396 0.835576057139143
3.646397829055786 1.224578857421875 0.8365249025923368
3.634320020675659 1.2118325233459473 0.8377367773690791
3.6294147968292236 1.206606149673462 0.8388670211503364
3.624532461166382 1.201587438583374 0.8391836395858118
3.6202597618103027 1.1971688270568848 0.8397369469073028
3.6180226802825928 1.1947033405303955 0.8501594857779696
3.618156671524048 1.194812536239624 0.8564240934902324
3.618825912475586 1.1952757835388184 0.8869199563467878
3.61846923828125 1.1953202486038208 0.9330577580067031
3.6182961463928223 1.195422887802124 0.9863929901207964
3.6188149452209473 1.195533037185669 1.0329382517007242
3.61860728263855 1.19558846950531 1.0795644801663893
3.6186623573303223 1.1955559253692627 1.128851582538673
3.618805170059204 1.1955621242523193 1.1741167812084128
3.6188042163848877 1.1955746412277222 1.2209741515061134
3.618880033493042 1.19557785987854 1.2833845546130234
3.618722677230835 1.1956660747528076 1.3312589837103301
3.618809223175049 1.1957831382751465 1.3795512626850321
3.6187195777893066 1.1957383155822754 1.426057708249476
3.6187925338745117 1.1958582401275635 1.47270182813403
3.618837833404541 1.1957919597625732 1.5192181635501765
3.618744373321533 1.1956202983856201 1.5669764043162726
3.618813991546631 1.1956335306167603 1.6147684525897086
3.6186699867248535 1.1955671310424805 1.6616814739091814
3.6187679767608643 1.1956650018692017 1.7260089802463396
3.6189088821411133 1.1956523656845093 1.7724647790071342
3.6188645362854004 1.1954429149627686 1.8180655023146186
3.618840456008911 1.1954082250595093 1.866721017486723
3.618814468383789 1.1955864429473877 1.9143503800782744
3.618861436843872 1.195600152015686 1.9619370387516528
3.618767261505127 1.1955664157867432 2.010213899811501
3.618837833404541 1.1958446502685547 2.0721063222336062
3.6188058853149414 1.1956757307052612 2.119661775246319
3.618846893310547 1.195920467376709 2.168252522425109
3.618777275085449 1.1958061456680298 2.2160780470016768
3.6187400817871094 1.19606351852417 2.264814394117011
3.6186752319335938 1.1962140798568726 2.310703801219562
3.618623733520508 1.1962363719940186 2.3579008618304957
3.618685722351074 1.1964125633239746 2.4067725414331016
3.618556261062622 1.1965731382369995 2.4691121788835306
3.6186094284057617 1.1965670585632324 2.5166716881721674
3.6185333728790283 1.1966564655303955 2.5647050978600574
3.6183595657348633 1.1968605518341064 2.6114196792273554
3.6181774139404297 1.1969090700149536 2.6598686995139023
3.6180102825164795 1.1970025300979614 2.705953859807555
3.6181483268737793 1.1972025632858276 2.754188753695353
3.6180713176727295 1.197340488433838 2.800478924556166
3.6179187297821045 1.1973932981491089 2.864034920707721
3.617763042449951 1.1974297761917114 2.912788169050179
3.6176328659057617 1.1975444555282593 2.9587383192115957
3.6167945861816406 1.1976096630096436 3.003700020149508
3.6140265464782715 1.1981576681137085 3.0474469703902196
3.609431028366089 1.198541283607483 3.0807926594300272
3.6032865047454834 1.1988047361373901 3.111434461700557
3.595947742462158 1.1989963054656982 3.1364519598349956
3.5835835933685303 1.1989731788635254 -3.1207177630266103
3.572399854660034 1.198660135269165 -3.107226369515813
3.5597801208496094 1.1979808807373047 -3.0983395596074104
3.5456793308258057 1.1972620487213135 -3.0932686329717316
3.5307483673095703 1.196483850479126 -3.0920786815793355
3.51617169380188 1.1957248449325562 -3.092620373831807
3.5014796257019043 1.1945949792861938 -3.0911903391453595
3.4871256351470947 1.1937990188598633 -3.090152261212868
3.467540979385376 1.1923907995224 -3.0883197782280196
3.452509880065918 1.191318154335022 -3.086622472539169
3.4377894401550293 1.1902649402618408 -3.085774663490631
3.423264503479004 1.1893150806427002 -3.0852060333894826
3.408519983291626 1.1881881952285767 -3.0847167933863746
3.3944740295410156 1.1870923042297363 -3.0845496638579912
3.379822254180908 1.1861305236816406 -3.081372020354998
3.3649792671203613 1.1849229335784912 -3.080831763596673
3.3459036350250244 1.1835757493972778 -3.0791523428925793
3.3309831619262695 1.1823753118515015 -3.079264168035793
3.3168928623199463 1.1813160181045532 -3.0794589454472523
3.3025238513946533 1.1803112030029297 -3.0791521092119774
3.288069725036621 1.1791760921478271 -3.0799779894622943
3.2741997241973877 1.1780226230621338 -3.0799376998449866
3.259542226791382 1.1768187284469604 -3.0799376998449866
3.2449827194213867 1.1757513284683228 -3.079931734773581
3.2257425785064697 1.1742137670516968 -3.079931734773581
3.21140456199646 1.1730388402938843 -3.079925289121339
3.196828842163086 1.1718586683273315 -3.079965352938313
3.182243824005127 1.1705207824707031 -3.079965352938313
3.167320966720581 1.1693406105041504 -3.079345222883207
3.1536107063293457 1.1683255434036255 -3.0785908657495384
3.139400005340576 1.1670455932617188 -3.0785551170100613
3.124997138977051 1.165940284729004 -3.077258825145974
3.1058456897735596 1.1642987728118896 -3.077258825145974
3.0911757946014404 1.163037896156311 -3.076817508375404
3.0772528648376465 1.1619422435760498 -3.076456544370264
3.0626513957977295 1.1606242656707764 -3.0765323698536973
3.048361301422119 1.1595288515090942 -3.0766067418913194
3.0343265533447266 1.1583281755447388 -3.077085256040218
3.019866943359375 1.156975269317627 -3.0771334180172203
3.00561785697937 1.1558966636657715 -3.0763912245400737
2.986379623413086 1.154170274734497 -3.075989013395493
2.972111463546753 1.1531046628952026 -3.075879342492957
2.95747971534729 1.1518231630325317 -3.075879342492957
2.943336248397827 1.1507301330566406 -3.075662374971556
2.9295289516448975 1.1495864391326904 -3.076031446670802
2.9154696464538574 1.1484172344207764 -3.076615094675629
2.900888442993164 1.1472162008285522 -3.076457022392768
2.8866817951202393 1.146195888519287 -3.07664417554076
2.867835521697998 1.1448674201965332 -3.0760655401715584
2.8528077602386475 1.143957257270813 -3.078606131398389
2.838423728942871 1.1425347328186035 -3.0798337413691472
2.8240725994110107 1.1416749954223633 -3.0786991071776906
2.810051679611206 1.1405514478683472 -3.0786991071776906
2.7955219745635986 1.1395782232284546 -3.078439471987767
2.781479597091675 1.138543725013733 -3.0782852174199204
2.7664215564727783 1.1375203132629395 -3.0782852174199204
2.7470929622650146 1.136149287223816 -3.076829438743038
2.7327349185943604 1.1350302696228027 -3.076180934620244
2.7184603214263916 1.134028673171997 -3.076180934620244
2.7040352821350098 1.1329768896102905 -3.0750517759794684
2.690154552459717 1.132067322731018 -3.0742101738282606
2.6756067276000977 1.1310712099075317 -3.0734880013219934
2.6609432697296143 1.1299740076065063 -3.07150769242826
2.6464295387268066 1.1289706230163574 -3.070230724297577
2.6276416778564453 1.1276565790176392 -3.06907463170187
2.6127636432647705 1.126447081565857 -3.06766057557248
2.598421096801758 1.1253957748413086 -3.066701174187079
2.5839781761169434 1.1243219375610352 -3.0657260538502302
2.569298267364502 1.123284935951233 -3.064260244856321
2.555211067199707 1.1221821308135986 -3.0635323561001306
2.540430784225464 1.120951771736145 -3.0614743288035915
2.5257973670959473 1.1198986768722534 -3.0599641825068504
2.5061140060424805 1.1185048818588257 -3.0567665118235525
2.491391181945801 1.1173980236053467 -3.055113322462031
2.4770326614379883 1.1162549257278442 -3.055113322462031
2.462528705596924 1.1149595975875854 -3.053166625906499
2.4483120441436768 1.1138248443603516 -3.052841906312715
2.433884620666504 1.1123582124710083 -3.0519440187211173
2.4192938804626465 1.1110197305679321 -3.0495274130870413
2.404735803604126 1.1094690561294556 -3.0485258101037385
2.385209321975708 1.1076418161392212 -3.0459704440697126
2.3709676265716553 1.1062675714492798 -3.0445585292600152
2.3565967082977295 1.1047909259796143 -3.043386457697101
2.342656135559082 1.10340416431427 -3.043142078429775
2.328444242477417 1.1018508672714233 -3.0426697788984245
2.313838005065918 1.100199580192566 -3.0408420460587586
2.2993791103363037 1.0987743139266968 -3.038599486604572
2.285043716430664 1.0971697568893433 -3.036227465547667
2.2660741806030273 1.0950827598571777 -3.0336046198536595
2.251938581466675 1.0935405492782593 -3.033139712468284
2.237539052963257 1.0917797088623047 -3.0330300269042145
2.223433256149292 1.0899990797042847 -3.0321688601778254
2.2093238830566406 1.088455319404602 -3.0298535873895833
2.1953370571136475 1.086899757385254 -3.02922559692763
2.181220054626465 1.0852243900299072 -3.0268549904298485
2.166888475418091 1.083518624305725 -3.0253896749187494
2.14774227142334 1.0812031030654907 -3.0232427091767735
2.1336255073547363 1.0793954133987427 -3.02054596017782
2.119605779647827 1.0776342153549194 -3.019940136625875
2.1051979064941406 1.075655221939087 -3.0184323765418433
2.0913913249969482 1.0736087560653687 -3.0176782567863603
2.077265977859497 1.071826457977295 -3.016516684629242
2.062920331954956 1.06997549533844 -3.01551056153445
2.0481972694396973 1.0682324171066284 -3.01276326528723
2.02927827835083 1.065665602684021 -3.0100407536335427
2.0153398513793945 1.0637993812561035 -3.009649272072662
2.0012457370758057 1.0618438720703125 -3.009649272072662
1.9867602586746216 1.0598851442337036 -3.0088603472235325
1.9727563858032227 1.0578721761703491 -3.0088603472235325
1.958387017250061 1.055846929550171 -3.006913668645265
1.9443529844284058 1.0538221597671509 -3.0061757489045418
1.9299068450927734 1.0518583059310913 -3.0052556924657168
1.9105639457702637 1.0492022037506104 -3.0036408893350006
1.8963334560394287 1.0471761226654053 -3.002635953863638
1.8816336393356323 1.0450513362884521 -3.001781951029291
1.86709463596344 1.0428953170776367 -3.001690399524252
1.8532195091247559 1.04082453250885 -3.001558301161309
1.8391656875610352 1.038808822631836 -3.0013515876334753
1.8250563144683838 1.0366626977920532 -3.000826841331694
1.810168743133545 1.0344537496566772 -2.9999997747532463
1.7910780906677246 1.0317747592926025 -2.999197975688656
1.776953935623169 1.0296869277954102 -2.9979002548264497
1.7625648975372314 1.0277228355407715 -2.997586007129169
1.748095154762268 1.0254793167114258 -2.9976687380404203
1.733892798423767 1.0234187841415405 -2.9970772290395122
1.7194403409957886 1.0212090015411377 -2.9970772290395122
1.7052809000015259 1.0190707445144653 -2.9970772290395122
1.6908750534057617 1.0168882608413696 -2.99587918730895
1.6718153953552246 1.0140740871429443 -2.994591707981101
1.6573048830032349 1.0118120908737183 -2.993805417664815
1.6429446935653687 1.0096004009246826 -2.9936997751530043
1.6284476518630981 1.0072917938232422 -2.9936997751530043
1.614401936531067 1.005294680595398 -2.993187199314053
1.600167989730835 1.0032670497894287 -2.9929175435778324
1.5858920812606812 1.0010169744491577 -2.9919228424614035
1.5715947151184082 0.9986158609390259 -2.9919228424614035
1.552252173423767 0.9956526756286621 -2.990617042317178
1.5426539182662964 0.9941561818122864 -2.990617042317178
1.5234462022781372 0.9912564158439636 -2.990684991723788
1.5090065002441406 0.9888935089111328 -2.9899311069299186
1.494680643081665 0.9864963889122009 -2.990450619516844
1.480338454246521 0.9842286109924316 -2.990450619516844
1.465783953666687 0.9819718599319458 -2.9902553644481085
1.4511008262634277 0.9795224666595459 -2.990415556265429
1.4316517114639282 0.9764525294303894 -2.988954785171142
1.417409062385559 0.9741702079772949 -2.988300091760468
1.4030399322509766 0.971938967704773 -2.988673933455475
1.3888808488845825 0.9697427749633789 -2.989072077032052
1.3745063543319702 0.9673939347267151 -2.9890026983313946
1.359955072402954 0.9651511907577515 -2.988761424304913
1.3455637693405151 0.9627576470375061 -2.988761424304913
1.3312028646469116 0.9605892300605774 -2.9880433252896617
1.3118921518325806 0.9575446844100952 -2.9880433252896617
1.2975573539733887 0.955120325088501 -2.9880433252896617
1.2830411195755005 0.9529449939727783 -2.987527614222278
1.268758773803711 0.9507268071174622 -2.987029326022064
1.2542994022369385 0.9483934044837952 -2.9869649543108485
1.240015983581543 0.9461077451705933 -2.9871516151857134
1.2259671688079834 0.9436823129653931 -2.9871516151857134
1.2113075256347656 0.9414803981781006 -2.986330265927673
1.1922481060028076 0.9382938742637634 -2.985615969710157
1.1777867078781128 0.9359385967254639 -2.9840364545417377
1.1635819673538208 0.9336181282997131 -2.985203747541444
1.149362325668335 0.9314384460449219 -2.985414275707683
1.1351337432861328 0.9289374947547913 -2.9860186696552113
1.1208235025405884 0.9267098903656006 -2.9863777091974906
1.1065285205841064 0.9243258237838745 -2.9862131841212207
1.0920051336288452 0.9221470355987549 -2.985975501450775
1.0726087093353271 0.9188675880432129 -2.9857869259257406
1.058318018913269 0.9166379570960999 -2.9861378555259432
1.0439112186431885 0.9143072962760925 -2.986220604031532
1.0294917821884155 0.912071168422699 -2.9863602978037207
1.014979362487793 0.9097272157669067 -2.986728904706192
1.0006970167160034 0.9074491262435913 -2.986099706183671
0.9862406253814697 0.9052272439002991 -2.985465511586928
0.9717274904251099 0.9027910232543945 -2.985377057248593
0.9525484442710876 0.899806559085846 -2.984539979424887
0.9381089210510254 0.8974964022636414 -2.984517823109859
0.9234779477119446 0.8951766490936279 -2.984741439240904
0.909264326095581 0.8927778005599976 -2.985144606154612
0.8950592279434204 0.8905159831047058 -2.985582829908666
0.8808920383453369 0.8884872198104858 -2.9863815206388975
0.866158127784729 0.8860653638839722 -2.9860031663876923
0.8514162302017212 0.88388592004776 -2.985345372413277
0.8321242332458496 0.8807185888290405 -2.9850513827716285
0.8175005912780762 0.8784953355789185 -2.98448968536696
0.8026109337806702 0.8761817216873169 -2.9845573978230893
0.7885850667953491 0.8738580942153931 -2.9852836017781845
0.774141252040863 0.871681272983551 -2.985253097649058
0.7598280310630798 0.86945641040802 -2.9860584533429857
0.7448592782020569 0.867041826248169 -2.9853212907545377
0.7301213145256042 0.864861011505127 -2.985062608250941
0.7112988233566284 0.8619041442871094 -2.984503507258962
0.6963975429534912 0.8598926067352295 -2.984503507258962
0.6819631457328796 0.8575776815414429 -2.9868073363880945
0.6679398417472839 0.8553332686424255 -2.9872450801725794
0.6533730030059814 0.853033721446991 -2.9881165029903105
0.6392897963523865 0.8508642315864563 -2.988596678821653
0.6245717406272888 0.8485939502716064 -2.988572848217991
0.6096391081809998 0.8462817668914795 -2.988572848217991
0.5952973365783691 0.84409499168396 -2.9887206576227947
0.5755090117454529 0.8409976363182068 -2.988924739488424
0.5609604716300964 0.8387908339500427 -2.9886300536754473
0.5470885634422302 0.836696982383728 -2.9883935418705163
0.5329088568687439 0.83444744348526 -2.988630287732212
0.5186482071876526 0.832189679145813 -2.9886131337595154
0.5041965842247009 0.829925537109375 -2.9886131337595154
0.48940080404281616 0.827697217464447 -2.988120073010147
0.47528141736984253 0.8255149126052856 -2.987647988886067
0.4562043249607086 0.8226180672645569 -2.98754001896714
0.44142383337020874 0.8202904462814331 -2.987498523728837
0.4274836480617523 0.8181245923042297 -2.987498523728837
0.41326409578323364 0.8159103989601135 -2.9874668192841227
0.39867734909057617 0.8136047720909119 -2.9874639413290542
0.3841615915298462 0.8113015294075012 -2.9874639413290542
0.3689301013946533 0.8091466426849365 -2.985602859869242
0.3550184369087219 0.8069894909858704 -2.985602859869242
0.3356565535068512 0.8039916753768921 -2.9838499885429193
0.320650577545166 0.8016828298568726 -2.9839839966042025
0.3066389262676239 0.7994715571403503 -2.98402285740924
0.29221102595329285 0.7972862720489502 -2.9839134233561877
0.27799150347709656 0.7951217293739319 -2.9845065875588723
0.26378852128982544 0.7928738594055176 -2.9845065875588723
0.24934808909893036 0.7906047701835632 -2.984067915617809
0.23501117527484894 0.78830486536026 -2.984067915617809
0.21528413891792297 0.7853580713272095 -2.984067915617809
0.20137783885002136 0.7832106947898865 -2.984067915617809
0.18715447187423706 0.7809416055679321 -2.9834327564757612
0.17277227342128754 0.7785987257957458 -2.9844992141300075
0.15845391154289246 0.7763597369194031 -2.9844992141300075
0.14373436570167542 0.7741373181343079 -2.9844992141300075
0.12844118475914001 0.7716540694236755 -2.9844992141300075
0.10982023179531097 0.7687544226646423 -2.9839343951713753
0.09515295922756195 0.7665900588035583 -2.9822816743910563
0.08107888698577881 0.764293372631073 -2.9822816743910563
0.06680542230606079 0.7621323466300964 -2.9822816743910563
0.05229396000504494 0.7597728967666626 -2.9822816743910563
0.037786468863487244 0.757583498954773 -2.9821088359966983
0.02287372760474682 0.755160391330719 -2.9815688287384248
0.00877702422440052 0.7528291940689087 -2.980626582450867
-0.005743108224123716 0.7503097057342529 -2.9798066569442407
['cliff_front_right']
-0.022752778604626656 0.7477753758430481 -2.9783814058896962
['cliff_front_left', 'cliff_front_right']
-0.02652345784008503 0.7473153471946716 -2.9769387415161503
-0.026875432580709457 0.7472912073135376 -2.9762213043070105
['cliff_front_right']
-0.02314082905650139 0.747907280921936 -2.9744687283334965
-0.017129462212324142 0.7490817904472351 -2.97481417541201
-0.010288599878549576 0.7501952648162842 -2.975129832904441
-0.0029909827280789614 0.7514429688453674 -2.974743125221319
0.0074491193518042564 0.753240168094635 -2.9741039062780605
0.01551465317606926 0.7546398639678955 -2.9740767553107945
0.022713303565979004 0.7559873461723328 -2.9740767553107945
0.030469806864857674 0.7573583722114563 -2.974680184034758
0.03803855553269386 0.7585973143577576 -2.9743278042245653
0.04537513479590416 0.7598168849945068 -2.9743278042245653
0.051772214472293854 0.760761559009552 -2.9734566139970164
0.0562312975525856 0.7615633010864258 -2.9647080881530545
0.05929388850927353 0.7619735598564148 -2.9438259589571545
0.06203523278236389 0.7624677419662476 -2.903312214844176
0.06178567558526993 0.762605607509613 -2.8892963074257296
0.06158548220992088 0.7627298831939697 -2.8924612951758233
0.0618475042283535 0.7627497315406799 -2.8682875493402213
0.06222892180085182 0.7622969746589661 -2.8198871304968964
0.061790041625499725 0.7624279856681824 -2.7646589721219863
0.06151386722922325 0.7624533176422119 -2.7169861589896094
0.061606407165527344 0.7626878023147583 -2.6695435224081563
0.06138978898525238 0.7628515958786011 -2.605631368905084
0.06119995564222336 0.762936532497406 -2.5594182283727687
0.06096000596880913 0.7632071375846863 -2.511240006274546
0.06084957346320152 0.7633166909217834 -2.464350985199502
0.060659971088171005 0.7634465098381042 -2.4170023923152915
0.06040019914507866 0.7635596990585327 -2.3693780510378764
0.06014930456876755 0.7636505961418152 -2.3234750772516555
0.05991296470165253 0.7637193202972412 -2.2755510856144188
0.05961133539676666 0.7637867331504822 -2.2099528848918397
0.05941036343574524 0.7638790607452393 -2.1639248820990704
0.059154149144887924 0.7639344930648804 -2.117036372409856
0.058994486927986145 0.7640514969825745 -2.070056954904013
0.05884077027440071 0.7641968727111816 -2.0229282653607186
0.05858813598752022 0.7642987370491028 -1.9738581836184113
0.05834902822971344 0.7643274068832397 -1.9280606273829808
0.05804505571722984 0.7644446492195129 -1.8649648936467917
0.05772416293621063 0.7644684314727783 -1.8170150494475326
0.05750121921300888 0.764525830745697 -1.7710689442045935
0.057214558124542236 0.764543890953064 -1.7242964393590892
0.05697620287537575 0.7644108533859253 -1.676939823165053
0.05677887424826622 0.7643855810165405 -1.6290937093831996
0.056594762951135635 0.7645106315612793 -1.579894348624515
0.05628032237291336 0.7644264698028564 -1.5337829565900623
0.0561131052672863 0.7644537687301636 -1.4857609625976012
0.055789168924093246 0.7644598484039307 -1.4202893873323739
0.055618491023778915 0.7644506692886353 -1.3737661884126944
0.055397018790245056 0.7644656896591187 -1.326176984463364
0.05516841262578964 0.7642764449119568 -1.2781400122040114
0.05508820712566376 0.764336109161377 -1.231250788613448
0.05491151288151741 0.7644166946411133 -1.1820025860174053
0.05467653274536133 0.7643014788627625 -1.1373038651173775
0.05449206382036209 0.7643934488296509 -1.074169264582395
0.054394759237766266 0.7642483711242676 -1.0251280480517528
0.05426545441150665 0.7643626928329468 -0.9809089324249425
0.05412155017256737 0.7643707394599915 -0.9329141745450091
0.05392291396856308 0.7644075751304626 -0.8848252156749448
0.05367494747042656 0.7643449306488037 -0.838731521131993
0.05390331521630287 0.7638403177261353 -0.7938731364239434
0.055314261466264725 0.7620689272880554 -0.7507802690364398
0.05844756215810776 0.7590339779853821 -0.7166447036657174
0.06473591923713684 0.7537848353385925 -0.6745094411204012
0.07029297947883606 0.7490774989128113 -0.6529891157735227
0.07758907973766327 0.7435020208358765 -0.6339597000568341
0.08612757921218872 0.7370153665542603 -0.6187051303238693
0.0959150642156601 0.7302049398422241 -0.6079362057930812
0.10673695057630539 0.7223103046417236 -0.6040280278928228
0.11890954524278641 0.7141231298446655 -0.603896234881161
0.13109514117240906 0.7059318423271179 -0.6021612028427606
0.14688630402088165 0.6950904130935669 -0.6011292125435961
0.1588655412197113 0.6871405243873596 -0.6011290417436559
0.1706271469593048 0.6791849136352539 -0.5979875465475121
0.18223801255226135 0.6711477041244507 -0.596094835273224
0.19405290484428406 0.6631113886833191 -0.595523769087452
0.20570559799671173 0.6549662947654724 -0.5949340147170741
0.21737082302570343 0.6470217108726501 -0.5949118572845643
0.23299802839756012 0.6363670229911804 -0.5949848614048635
0.24455609917640686 0.6285592317581177 -0.5947622307940421
0.2563548684120178 0.6204926371574402 -0.5933309443925476
0.2683924734592438 0.6122549176216125 -0.5930833812545576
0.2800459563732147 0.6042258143424988 -0.5922937321725847
0.29195332527160645 0.5961313247680664 -0.5895998691861285
0.3035048842430115 0.5880967378616333 -0.5892323177409622
0.3153470456600189 0.5801939964294434 -0.5904851204449492
0.3270074427127838 0.5721219778060913 -0.5909334928371158
0.34310176968574524 0.5610690116882324 -0.5913361263110387
0.354953795671463 0.5529771447181702 -0.5911512331029267
0.3665443956851959 0.5451837182044983 -0.5917993042087022
0.37845250964164734 0.5370377898216248 -0.5909360546507271
0.39046192169189453 0.5287914276123047 -0.5909360546507271
0.4019816517829895 0.5211774706840515 -0.5912856567203943
0.4141218364238739 0.5127626657485962 -0.5906837633404196
0.429923415184021 0.5021513104438782 -0.5918297651294698
0.43745940923690796 0.4970381259918213 -0.5915549039782182
0.45319825410842896 0.486388236284256 -0.5907988316917592
0.4649403691291809 0.47846224904060364 -0.590263710254052
0.4770886301994324 0.47024092078208923 -0.5893777398509941
0.4893307387828827 0.4620029628276825 -0.5876795773523549
0.5012081861495972 0.45431870222091675 -0.5869628524351138
0.5129141807556152 0.446373850107193 -0.5868200256569003
0.5245236754417419 0.4386398196220398 -0.587556343816146
0.5406174659729004 0.42772093415260315 -0.5883725092621491
0.5525733232498169 0.41965219378471375 -0.588861902655587
0.5643371939659119 0.41168633103370667 -0.5888276226767074
0.5762386322021484 0.4035675823688507 -0.58882788542903
0.5882335305213928 0.39534199237823486 -0.5898449691450924
0.5995461344718933 0.38766607642173767 -0.5901012296551658
0.6112614870071411 0.37959596514701843 -0.5900065656407294
0.6230551600456238 0.3715372085571289 -0.5906337346992051
0.6389138698577881 0.36056363582611084 -0.5904488278519182
0.6507551670074463 0.35273540019989014 -0.5900162023609825
0.6622028946876526 0.3447418808937073 -0.5896375515901701
0.6739219427108765 0.33677682280540466 -0.5888534162948427
0.6854774355888367 0.32890990376472473 -0.5878314898162175
0.6980181336402893 0.3203369081020355 -0.5878314898162175
0.7096129059791565 0.3127233684062958 -0.5882730565412
0.7251598834991455 0.30193892121315 -0.5882730565412
0.7369800209999084 0.2940322458744049 -0.5888876770441828
0.7489608526229858 0.2858417332172394 -0.5878646308369381
0.7606467008590698 0.2779490351676941 -0.587891957169205
0.7729461193084717 0.2698962390422821 -0.5875211805693872
0.7848134636878967 0.2616591453552246 -0.5872443911344092
0.796436607837677 0.25400418043136597 -0.5873776033617958
0.8081594705581665 0.24611948430538177 -0.5863593981836002
0.8194564580917358 0.23833705484867096 -0.586359398184565
0.8358059525489807 0.22731883823871613 -0.585394725676297
0.8478041887283325 0.219257190823555 -0.585394725676297
0.8594954609870911 0.21139274537563324 -0.5843535875364813
0.871526300907135 0.20316708087921143 -0.5825111087556483
0.8838170170783997 0.19490696489810944 -0.5820235869694631
0.8951367139816284 0.1874491572380066 -0.5817048336109957
0.9067843556404114 0.17958511412143707 -0.5808965586566853
0.9227043390274048 0.16889256238937378 -0.5803994919164714
0.9345883131027222 0.16092704236507416 -0.5803994919164714
0.9462323784828186 0.1531597524881363 -0.5801251091712191
0.9583563208580017 0.1452404260635376 -0.5801313308979745
0.9701572060585022 0.13744643330574036 -0.5798942859421325
0.9821701049804688 0.12949460744857788 -0.5792683320571994
0.9943069815635681 0.12145521491765976 -0.5782717698014466
1.0057722330093384 0.11373259872198105 -0.5779540060282383
1.017838954925537 0.10577961802482605 -0.5777439304904826
1.0341264009475708 0.09528888761997223 -0.5785080779400543
1.0459132194519043 0.08764714002609253 -0.5774497095550591
1.0581028461456299 0.07986792176961899 -0.5770688906567935
1.0700818300247192 0.072044737637043 -0.5759229709125674
1.0820637941360474 0.06417912244796753 -0.5741278630902882
1.0941741466522217 0.05628584697842598 -0.5743394281801668
1.1059458255767822 0.04851316288113594 -0.5744410143677994
1.118095874786377 0.04049743339419365 -0.5744410143677994
1.1339558362960815 0.03040599636733532 -0.5762985456358168
1.1462860107421875 0.022079436108469963 -0.575858825526514
1.1583871841430664 0.014430977404117584 -0.5756168286344747
1.1700928211212158 0.00670198816806078 -0.5742331338472227
1.1822094917297363 -0.001045771175995469 -0.5728537983272968
1.1940879821777344 -0.008866490796208382 -0.5723875534438634
1.2064416408538818 -0.01697034388780594 -0.5723877249867927
1.2224024534225464 -0.02729503996670246 -0.5716255205945086
1.2346446514129639 -0.03518063202500343 -0.570634970244831
1.2468032836914062 -0.04307837411761284 -0.5704348726052303
1.2588979005813599 -0.050824519246816635 -0.5701533257459503
1.2711585760116577 -0.05882015451788902 -0.568071933846808
1.2832725048065186 -0.06658881157636642 -0.5680755858694749
1.2955143451690674 -0.07438425719738007 -0.5685209474236894
1.3071553707122803 -0.08186458051204681 -0.5684320346628472
1.3231568336486816 -0.09229069203138351 -0.5692088041668572
1.3356107473373413 -0.10040750354528427 -0.5694634018033522
1.3474993705749512 -0.10798013210296631 -0.5693828178053018
1.3600064516067505 -0.1160692423582077 -0.5686592828024336
1.372154712677002 -0.12377726286649704 -0.5682108543727541
1.3839271068572998 -0.13142655789852142 -0.5661006609035781
1.3957847356796265 -0.13890483975410461 -0.5661006609051547
1.4080032110214233 -0.14654158055782318 -0.5659846651948341
1.4203526973724365 -0.15455789864063263 -0.5645971937945664
1.4368975162506104 -0.1650899350643158 -0.5645830030312554
1.4488632678985596 -0.17259261012077332 -0.564408987226449
1.4609946012496948 -0.18035775423049927 -0.565017169513623
1.4734309911727905 -0.1881258189678192 -0.5647405746466472
1.4851882457733154 -0.1958407312631607 -0.5646981578680426
1.497179627418518 -0.2034377008676529 -0.5664512812336653
1.5093382596969604 -0.21102407574653625 -0.5664194424977074
1.5251766443252563 -0.2211976796388626 -0.5669792084963253
1.5375111103057861 -0.228864848613739 -0.5669243162984121
1.5493544340133667 -0.23645538091659546 -0.5663846727825924
1.5620282888412476 -0.24443970620632172 -0.5653398507153038
1.574478030204773 -0.25244876742362976 -0.5632120320623675
1.5861432552337646 -0.2598227858543396 -0.5626067070425566
1.5982370376586914 -0.26740381121635437 -0.562210489148664
1.6098530292510986 -0.2749268114566803 -0.5620515773085261
1.6222853660583496 -0.2828749120235443 -0.5620623993842155
1.6378178596496582 -0.29296889901161194 -0.5619681564619055
1.6500412225723267 -0.30071529746055603 -0.562358389754829
1.6625187397003174 -0.30848440527915955 -0.5617868147466613
1.6745119094848633 -0.31605789065361023 -0.5611560740989012
1.6867352724075317 -0.32366424798965454 -0.5613198914788766
1.6987239122390747 -0.33129000663757324 -0.5611399975196865
1.7106163501739502 -0.33865463733673096 -0.5607801907644027
1.7272229194641113 -0.3491770327091217 -0.561429037345677
1.7393368482589722 -0.3566156029701233 -0.5612172607574039
1.7513439655303955 -0.3640964925289154 -0.5606473147130636
1.7640208005905151 -0.37196844816207886 -0.5606473147115099
1.7763128280639648 -0.37976372241973877 -0.5594336494088831
1.7882137298583984 -0.3870351314544678 -0.5577524537447021
1.8002408742904663 -0.3946531116962433 -0.5577263359042395
1.8125009536743164 -0.40203696489334106 -0.5579102777628591
1.828735113143921 -0.4121244549751282 -0.5577326060695502
1.841012716293335 -0.4196731746196747 -0.5581823458178372
1.8534375429153442 -0.4275052547454834 -0.5577934248718154
1.8660982847213745 -0.435491681098938 -0.5572790405647947
1.8782763481140137 -0.4431264400482178 -0.5569136163222966
1.8904085159301758 -0.450630784034729 -0.5576951826922866
1.9025237560272217 -0.4580603241920471 -0.5582582264725293
1.9147661924362183 -0.4654850661754608 -0.5575316340990268
1.931276559829712 -0.4758121073246002 -0.5573767679913407
1.943658709526062 -0.4831918478012085 -0.556554899929552
1.956096887588501 -0.4909266531467438 -0.5549362026623402
1.9684720039367676 -0.4982790946960449 -0.553991538872117
1.9805629253387451 -0.5058315396308899 -0.552267881941863
1.9925899505615234 -0.5132117867469788 -0.5510464549725387
2.0052711963653564 -0.5209709405899048 -0.5508700618277034
2.0178964138031006 -0.5286271572113037 -0.5509258810791926
2.0341567993164062 -0.5383062362670898 -0.5516167034461388
2.0466346740722656 -0.5459029674530029 -0.5523557233589209
2.058934211730957 -0.5532287359237671 -0.5523556660340369
2.0707199573516846 -0.5605641007423401 -0.5521016993551108
2.0807669162750244 -0.5665884613990784 -0.5509403369787553
['bump_right']
2.0892157554626465 -0.5715892314910889 -0.5502590392251162
['bump_front_center']
2.093672275543213 -0.5736570358276367 -0.5566084968573995
2.0929107666015625 -0.5732467174530029 -0.5569902808527113
2.090175151824951 -0.5724003911018372 -0.5512237940345466
2.0865378379821777 -0.5701263546943665 -0.5530742311642548
2.081146478652954 -0.5671257972717285 -0.5533161569598286
2.074835777282715 -0.563225507736206 -0.5533407842561587
2.0688703060150146 -0.5596280097961426 -0.5542256310915323
2.063260078430176 -0.5561791658401489 -0.5543823477485847
2.057285785675049 -0.5525185465812683 -0.5545384477116111
2.0519261360168457 -0.5489971041679382 -0.5531262063615092
2.0467917919158936 -0.5458324551582336 -0.5376674609402357
2.0443198680877686 -0.5440200567245483 -0.5118303793026153
2.04258131980896 -0.5430899262428284 -0.4799087909650497
2.04182505607605 -0.5427667498588562 -0.43993380966243234
2.042078733444214 -0.54291832447052 -0.3933331858669501
2.042494058609009 -0.5431726574897766 -0.34319531975547385
2.0427050590515137 -0.5433298945426941 -0.2929480631410486
2.0426712036132812 -0.5435413718223572 -0.24531795931335654
2.0425832271575928 -0.5436463952064514 -0.18217492969293564
2.042682409286499 -0.543889582157135 -0.1322373801218357
2.042680501937866 -0.5439339280128479 -0.0833410546029553
2.042829990386963 -0.5441179871559143 -0.03643280122266467
2.0429060459136963 -0.5442417860031128 0.009960637644533756
2.0430455207824707 -0.5444201827049255 0.057717877979476064
2.042982578277588 -0.5446377396583557 0.10553187544756612
2.0429840087890625 -0.5447177886962891 0.15271909850819326
2.043219804763794 -0.5449647307395935 0.21477179171682426
2.0432379245758057 -0.5451887845993042 0.2621402899801965
2.043213367462158 -0.5451195240020752 0.3084553399912982
2.043376922607422 -0.5451979041099548 0.35525911070435356
2.0433483123779297 -0.5454836487770081 0.4025830281879829
2.043368101119995 -0.5455872416496277 0.4489479487919306
2.0434579849243164 -0.54561448097229 0.4978982641534719
2.043569564819336 -0.5456506013870239 0.5453935044695946
2.043609380722046 -0.5458508133888245 0.6074347327472034
2.0435967445373535 -0.545966386795044 0.6546147981104874
2.0437114238739014 -0.545992374420166 0.7014593826960112
2.043816089630127 -0.5460435748100281 0.7486655101536794
2.043829917907715 -0.5461407899856567 0.7953725245645755
2.0440661907196045 -0.5461183786392212 0.8427087747510598
2.0441136360168457 -0.5461305975914001 0.8897751464014471
2.044312000274658 -0.5462020635604858 0.9368234401467327
2.0444467067718506 -0.5462551712989807 0.9831772211668085
2.044322967529297 -0.5464786291122437 1.0451293489006248
2.0446360111236572 -0.5465712547302246 1.09088141391212
2.04461669921875 -0.5467188954353333 1.1379340554551762
2.0447256565093994 -0.5467718839645386 1.1863287182417723
2.044983148574829 -0.5466557741165161 1.2336897616669393
2.0451138019561768 -0.5466989278793335 1.2795034409943489
2.0451576709747314 -0.5468173027038574 1.3272319947201605
2.045405387878418 -0.5469185709953308 1.3756106146729032
2.0455172061920166 -0.5470804572105408 1.436363902167329
2.0455496311187744 -0.5472018718719482 1.484398053431098
2.0456206798553467 -0.5470858216285706 1.5336146974029787
2.0456624031066895 -0.5472458600997925 1.5784984804868276
2.045722723007202 -0.5464765429496765 1.6225950643195932
2.0455968379974365 -0.5441783666610718 1.6644836225504387
2.0451533794403076 -0.5399600267410278 1.7009989152420304
2.0439372062683105 -0.5319381952285767 1.739309395605403
2.0426559448242188 -0.5241418480873108 1.7644883787557422
2.040693521499634 -0.5149953961372375 1.7841880505624002
2.0383198261260986 -0.5041582584381104 1.798213108096911
2.035421133041382 -0.4923509955406189 1.8075840002730652
2.0321874618530273 -0.4791463017463684 1.8107954369504622
2.0287094116210938 -0.4652498662471771 1.8106164984767228
2.025002956390381 -0.4506964087486267 1.8103408654150932
2.0201268196105957 -0.4320240616798401 1.8125725136015063
2.017669916152954 -0.4226306080818176 1.814107501503964
2.0129311084747314 -0.40418320894241333 1.8144840424756281
2.009403705596924 -0.3902621269226074 1.815216820722421
2.0059127807617188 -0.37635883688926697 1.8152603743087612
2.0025718212127686 -0.3625631630420685 1.8152603743095983
1.9990617036819458 -0.3483816087245941 1.815692059687067
1.9955235719680786 -0.3345009386539459 1.8161068281521786
1.9918285608291626 -0.3205563426017761 1.8169257921735018
1.9870343208312988 -0.3021683990955353 1.8183452354954108
1.9833422899246216 -0.28815728425979614 1.8187111680438786
1.9796555042266846 -0.2740556299686432 1.818417303889482
1.9759770631790161 -0.26040413975715637 1.81904133848214
1.9723979234695435 -0.24664105474948883 1.8193023311471008
1.9685394763946533 -0.23295897245407104 1.8193023311471008
1.9650126695632935 -0.21909815073013306 1.8214798290698901
1.9602084159851074 -0.20068462193012238 1.8223610758647473
1.9563783407211304 -0.18671786785125732 1.8229000620954565
1.952653408050537 -0.1727430671453476 1.824504660429849
1.9490851163864136 -0.15897490084171295 1.8239236486947024
1.945517659187317 -0.14509110152721405 1.823110939292995
1.9418675899505615 -0.13135327398777008 1.8225787380979384
1.9382624626159668 -0.1174352765083313 1.822294563106089
1.9344640970230103 -0.10336075723171234 1.8227731445670465
1.9293814897537231 -0.08463915437459946 1.8246480721371088
1.9257323741912842 -0.07041715085506439 1.8268092556948794
1.922080636024475 -0.05655378848314285 1.826760504561533
1.918316125869751 -0.0427766777575016 1.8264557770201324
1.9144269227981567 -0.028794068843126297 1.8264116491136526
1.9104084968566895 -0.014957685023546219 1.8262038311479594
1.9066810607910156 -0.0008931984193623066 1.8262038311479594
1.9030117988586426 0.012884870171546936 1.8266797172171614
1.8992249965667725 0.026555415242910385 1.8267884352744554
1.8941850662231445 0.04514928162097931 1.8267884352744554
1.8903571367263794 0.05895521119236946 1.8267884352744554
1.8864965438842773 0.07290837913751602 1.8267884352744554
1.8828151226043701 0.08674178272485733 1.827092240338974
1.878921627998352 0.10041756182909012 1.8278597616615075
1.8751509189605713 0.114077627658844 1.828147977063177
1.8712509870529175 0.1279885470867157 1.828147977063177
1.8674417734146118 0.14195790886878967 1.8288760096593022
1.8624272346496582 0.16064588725566864 1.829856300834272
1.8584872484207153 0.17459982633590698 1.8304821823135378
1.8546364307403564 0.1882917433977127 1.8307956354114212
1.8507249355316162 0.20188327133655548 1.8307621155440919
1.8468374013900757 0.21560700237751007 1.8307229724817455
1.8429073095321655 0.2293030470609665 1.8311130314393749
1.8389588594436646 0.24300315976142883 1.8317326202337607
1.8338580131530762 0.261319637298584 1.832927809115433
1.8299460411071777 0.27504390478134155 1.8345406710353078
1.8260014057159424 0.28873834013938904 1.8348356157262609
1.822052240371704 0.3024682104587555 1.8347094275716875
1.818218469619751 0.3165266513824463 1.8347094275716875
1.8145123720169067 0.33008939027786255 1.8341083640977753
1.8104833364486694 0.3437110483646393 1.834099410908603
1.8066635131835938 0.3575989305973053 1.8342625142036217
1.8027681112289429 0.37142735719680786 1.8348459570344635
1.7974830865859985 0.3901100158691406 1.8367825301353755
1.793339490890503 0.4042280614376068 1.8374560855574942
1.7893539667129517 0.4180440604686737 1.8382012355339834
1.7852795124053955 0.4315480887889862 1.8382012355339834
1.7815667390823364 0.4448869824409485 1.8381700521948314
1.7774596214294434 0.4588353633880615 1.8384486441308159
1.7735679149627686 0.4726802408695221 1.8388300952456864
1.7696725130081177 0.4863203763961792 1.839042025420729
1.7643240690231323 0.5046555399894714 1.84008588955477
1.7602837085723877 0.5186768174171448 1.8408462023527317
1.7564001083374023 0.5323547720909119 1.8408462023527317
1.7523510456085205 0.5461457371711731 1.840798241228518
1.7482141256332397 0.5598299503326416 1.840798241228518
1.7441881895065308 0.5740525126457214 1.8410435567887018
1.739943027496338 0.588138222694397 1.8412153978683126
1.7359733581542969 0.601673424243927 1.8421640553531151
1.7305597066879272 0.6201364994049072 1.8426035449306823
1.726424217224121 0.6343404650688171 1.8430138705559695
1.7223851680755615 0.6480742692947388 1.8444348938465416
1.7185266017913818 0.661517858505249 1.8442877702920077
1.714590072631836 0.6749639511108398 1.8440868061773135
1.7106202840805054 0.688667893409729 1.844311668349992
1.7064590454101562 0.7026444673538208 1.8452126112351632
1.7025521993637085 0.7165681719779968 1.846400897719047
1.697218894958496 0.735210120677948 1.8477376378293957
1.6931072473526 0.7492190003395081 1.8477376378293957
1.6890419721603394 0.7625798583030701 1.8477376378293957
1.6849361658096313 0.7764594554901123 1.8484038722007161
1.6810742616653442 0.7898529767990112 1.8487631771066666
1.676867961883545 0.8044403791427612 1.8488580468812215
1.6726092100143433 0.8185328245162964 1.8486574894764143
1.6685595512390137 0.8316355347633362 1.8486574894764143
1.663292407989502 0.8503753542900085 1.8508581458671753
1.6593111753463745 0.8641178011894226 1.8510597015062304
1.655264139175415 0.877830445766449 1.8512802512752837
1.6511788368225098 0.8916063904762268 1.851038341103666
1.6470930576324463 0.9048770666122437 1.8509209116775382
1.642848014831543 0.9188864827156067 1.8509209116775382
1.6386610269546509 0.9331353902816772 1.8524856612480152
1.6345857381820679 0.946234941482544 1.8527825050860502
1.6289650201797485 0.9650304317474365 1.8547237497094042
1.6247726678848267 0.9787275791168213 1.8550492923810074
1.6205726861953735 0.9925505518913269 1.8547903526940546
1.6164686679840088 1.006171464920044 1.854999817371278
1.6124211549758911 1.0198235511779785 1.8548727944042942
1.6083565950393677 1.0333387851715088 1.8549360820816059
1.604166865348816 1.0474153757095337 1.8554866406319512
1.5984617471694946 1.065872073173523 1.8560240889248198
1.594161033630371 1.079453468322754 1.8560240889248198
1.5899404287338257 1.0933209657669067 1.8575488252224128
1.5858930349349976 1.1069047451019287 1.8574718504900178
1.5817396640777588 1.1207126379013062 1.8575777510921805
1.5775822401046753 1.1344330310821533 1.8569411120357049
1.5733405351638794 1.1481221914291382 1.8567447270878694
1.5690898895263672 1.1616404056549072 1.8577623745126173
1.5650025606155396 1.1752630472183228 1.858399179701552
1.5591115951538086 1.1939293146133423 1.859243332924314
1.5549509525299072 1.2076417207717896 1.8592486330253029
1.5502305030822754 1.221432089805603 1.8594689213144864
1.545906901359558 1.2351514101028442 1.8604072746831237
1.5417441129684448 1.2488521337509155 1.8604072746831237
1.5373919010162354 1.2628074884414673 1.8604072746831237
1.5333174467086792 1.2759294509887695 1.860223178857707
1.52924382686615 1.2888907194137573 1.8614578232822259
1.5241492986679077 1.3047888278961182 1.8654400623143172
['bump_right']
['bump_front_center']
1.5213377475738525 1.3126617670059204 1.864614573380383
1.520676612854004 1.3109784126281738 1.8593522761269146
1.5217292308807373 1.3100714683532715 1.8633673689174433
1.5225732326507568 1.3077435493469238 1.864847013237422
1.523847222328186 1.3032814264297485 1.8612101247315143
1.5257349014282227 1.2971640825271606 1.861931218145921
1.5277708768844604 1.2898294925689697 1.862310302273487
1.5305007696151733 1.2809648513793945 1.8626262664208724
1.5323686599731445 1.2746061086654663 1.862354785055687
1.5343421697616577 1.2681142091751099 1.8620918780550577
1.5362390279769897 1.261620044708252 1.8620918780550577
1.538010597229004 1.2552682161331177 1.8617779465520965
1.5398091077804565 1.2491300106048584 1.8641646488248436
1.5412336587905884 1.2443454265594482 1.8719690252136894
1.5421653985977173 1.2408318519592285 1.8930635433708576
1.5431541204452515 1.2377450466156006 1.931629083154411
1.5436052083969116 1.2366812229156494 1.9690017976049765
1.5435415506362915 1.2368072271347046 2.0157260580635925
1.5434123277664185 1.2370622158050537 2.0658574611772798
1.5433335304260254 1.237227439880371 2.1135323630236598
1.543373465538025 1.2372921705245972 2.1620911982058098
1.5434705018997192 1.2371858358383179 2.207898583606829
1.5436047315597534 1.2373931407928467 2.254569106400134
1.5436962842941284 1.2375701665878296 2.3204235648306364
1.5437664985656738 1.2374935150146484 2.3661222277545915
1.5437042713165283 1.2376892566680908 2.4143534068197385
1.5437816381454468 1.237902283668518 2.4622869171960233
1.5439741611480713 1.237733006477356 2.510733627848333
1.5439138412475586 1.2378385066986084 2.558976638092969
1.5437700748443604 1.2379508018493652 2.6050658817448076
1.5438218116760254 1.2380644083023071 2.6516258681520797
1.543944001197815 1.2381243705749512 2.698131070197562
1.5439101457595825 1.238253116607666 2.7614662725446633
1.543818712234497 1.238396406173706 2.8089297015214214
1.5438531637191772 1.2385139465332031 2.855974211147944
1.543941855430603 1.2384912967681885 2.9033763460522755
1.543959379196167 1.238556146621704 2.95182015495266
1.544030785560608 1.2386380434036255 2.9991304894737083
1.5439867973327637 1.2388266324996948 3.0460884613275256
1.543892741203308 1.2388474941253662 3.1100928807644053
1.5438153743743896 1.2389709949493408 -3.126823902616519
1.5438207387924194 1.2390822172164917 -3.0788276126583196
1.5437134504318237 1.2392730712890625 -3.029937744146711
1.543686032295227 1.2393901348114014 -2.982539166790637
1.5436071157455444 1.2396327257156372 -2.933357472813222
1.5435867309570312 1.239730954170227 -2.888178817360885
1.543468713760376 1.2397831678390503 -2.842003111042304
1.5433629751205444 1.2399241924285889 -2.7773265874840862
1.543264627456665 1.24008047580719 -2.730671188081709
1.5432316064834595 1.2401504516601562 -2.683124033547509
1.5429551601409912 1.240301489830017 -2.635048905783015
1.5429494380950928 1.2403497695922852 -2.5878941508108935
1.5428177118301392 1.2404835224151611 -2.5395855325400833
1.5427932739257812 1.2406857013702393 -2.4958221361065567
1.5427370071411133 1.2407680749893188 -2.4487419222110094
1.5424989461898804 1.240885853767395 -2.383277436085354
1.542443037033081 1.2410564422607422 -2.3372454517259915
1.5424689054489136 1.2411717176437378 -2.291327997474725
1.541819453239441 1.2405993938446045 -2.246940625466145
1.5402666330337524 1.2387696504592896 -2.2058510936579605
1.5375232696533203 1.2351406812667847 -2.1720945931336217
1.5342248678207397 1.2302064895629883 -2.1422471984867895
1.5300559997558594 1.2239233255386353 -2.1175728147073967
1.5236235857009888 1.213468074798584 -2.091932358827858
1.5181936025619507 1.2038530111312866 -2.0783868420961986
1.5121560096740723 1.192906141281128 -2.06962347108016
1.5057283639907837 1.1811028718948364 -2.066955190169171
1.4986776113510132 1.1677744388580322 -2.0655341865253085
1.4917941093444824 1.1550567150115967 -2.0653119577531607
1.485024094581604 1.142406940460205 -2.064985255708115
1.4781289100646973 1.1297742128372192 -2.064290528871064
1.469265103340149 1.1125400066375732 -2.0628771497421368
1.4624576568603516 1.0999538898468018 -2.062445101786385
1.455675721168518 1.0875885486602783 -2.0612725822631552
1.4488193988800049 1.0747581720352173 -2.060972619337781
1.4418374300003052 1.0620100498199463 -2.0613670586656343
1.4351444244384766 1.049202561378479 -2.061581989084609
1.4282821416854858 1.0362707376480103 -2.0609979523274986
1.4214493036270142 1.0236055850982666 -2.061271867063881
1.4146298170089722 1.0108771324157715 -2.0611740063534167
1.4056764841079712 0.9940139651298523 -2.0597762725508386
1.3987700939178467 0.9811360239982605 -2.059539273111411
1.3918088674545288 0.968265175819397 -2.058363537755321
1.385186791419983 0.9555701613426208 -2.058363537755321
1.3782405853271484 0.9427892565727234 -2.0572825190805
1.3714299201965332 0.9301531314849854 -2.0572825190805
1.3647459745407104 0.9173135161399841 -2.056607305174056
1.3555673360824585 0.8999079465866089 -2.0561608506322964
1.3487015962600708 0.8871800303459167 -2.0546541420775597
1.3419960737228394 0.8743805885314941 -2.053591658434315
1.335337519645691 0.861592710018158 -2.053026183542655
1.328519344329834 0.8488119840621948 -2.0536279409431453
1.3218563795089722 0.836529552936554 -2.053796228762585
1.3152681589126587 0.8239035606384277 -2.055108556969553
1.30860435962677 0.8111186027526855 -2.0546626757211435
1.2995749711990356 0.7938860654830933 -2.054353294298309
1.2927800416946411 0.7810329794883728 -2.053685902133499
1.286152958869934 0.7685485482215881 -2.05246633409061
1.279293417930603 0.7556315064430237 -2.05246633409061
1.2722362279891968 0.7422844171524048 -2.0512422924989724
1.2656608819961548 0.7297971844673157 -2.0512422924989724
1.2589576244354248 0.7167832255363464 -2.0515069445787524
1.2522894144058228 0.703877866268158 -2.0513239091652418
1.2434368133544922 0.6869223117828369 -2.0514696251867135
1.2365299463272095 0.6735771894454956 -2.0509472725551725
1.229880928993225 0.6607906818389893 -2.0509472725551725
1.2228692770004272 0.6477413177490234 -2.0511460421424927
1.2160313129425049 0.6346110105514526 -2.052101535574144
1.2093636989593506 0.6221486926078796 -2.0517654219399826
1.2025272846221924 0.6093824505805969 -2.053041485475317
1.1934632062911987 0.5919414162635803 -2.0539258743716444
1.1869897842407227 0.5794088244438171 -2.052995355916015
1.1801310777664185 0.5665629506111145 -2.05232524317559
1.1735502481460571 0.5540751814842224 -2.0519242568633813
1.1667217016220093 0.5413331985473633 -2.05133668299204
1.159945011138916 0.52837073802948 -2.0498483162363277
1.1531373262405396 0.5155830979347229 -2.0493724664817927
1.1464601755142212 0.5028302669525146 -2.0492352802782405
1.1398124694824219 0.49005356431007385 -2.0480323148546726
1.1306952238082886 0.47284263372421265 -2.0473163552546736
1.123895525932312 0.459920734167099 -2.0471330503221186
1.1173079013824463 0.4474591314792633 -2.0471330503221186
1.110395908355713 0.4343600571155548 -2.0481848718549918
1.1032986640930176 0.4208269715309143 -2.048747113047032
1.0968762636184692 0.4085296094417572 -2.0488455923181093
1.0902053117752075 0.39570650458335876 -2.049429369477577
1.0808521509170532 0.3779195249080658 -2.049429369477577
1.0743552446365356 0.3658064305782318 -2.0487192873360662
1.0672802925109863 0.3525013327598572 -2.0486092915331198
1.0606451034545898 0.3398897349834442 -2.0472118695356665
1.0538445711135864 0.32668083906173706 -2.04668978903695
1.0469744205474854 0.3138761818408966 -2.046569858953687
1.0403755903244019 0.30108872056007385 -2.0465979661384783
1.033499836921692 0.2881627380847931 -2.0461010110011006
1.0268356800079346 0.275249719619751 -2.045398434973805
1.0176517963409424 0.25781819224357605 -2.0440135232068575
1.0109530687332153 0.2451404482126236 -2.0432831293867855
1.004504680633545 0.2323661744594574 -2.042195271250954
0.9978274703025818 0.2195882499217987 -2.041216758251997
0.9914337396621704 0.20699800550937653 -2.0408496999047863
0.9846742153167725 0.1940554529428482 -2.039361486641632
0.9778867363929749 0.18111172318458557 -2.03868725632338
0.9691926836967468 0.16405563056468964 -2.037551729991457
0.9621822237968445 0.15082032978534698 -2.0361995061808966
0.9559134244918823 0.1382034718990326 -2.0361995061808966
0.9491657614707947 0.12518613040447235 -2.034830108099024
0.942663311958313 0.1122158095240593 -2.034499231357372
0.936406135559082 0.09956903755664825 -2.0345999095926537
0.9298245906829834 0.0865105539560318 -2.03520163396992
0.923338770866394 0.07381992787122726 -2.03643694708033
0.9167038202285767 0.06091635674238205 -2.036998663638007
0.907711386680603 0.043464694172143936 -2.037888530790188
0.9013899564743042 0.03071972168982029 -2.0388727673411213
0.8946513533592224 0.01790417544543743 -2.038643270643735
0.887991189956665 0.004893398843705654 -2.039224230952126
0.881389319896698 -0.007765586953610182 -2.039224230952126
0.8749035596847534 -0.020637214183807373 -2.038955109680283
0.8683298826217651 -0.03376679867506027 -2.0398931931667725
0.8618676662445068 -0.04665983095765114 -2.039145857564616
0.8530993461608887 -0.06380485743284225 -2.03823960152659
0.8468232154846191 -0.0764743983745575 -2.0378685177829974
0.840162992477417 -0.08949599415063858 -2.036896245010109
0.8335773944854736 -0.1024731695652008 -2.036190464270055
0.8269155621528625 -0.11539116501808167 -2.0353813209225757
0.8205752372741699 -0.1280989944934845 -2.0347638808713313
0.8142194151878357 -0.14086852967739105 -2.0346029628329076
0.807661771774292 -0.15394343435764313 -2.0347924576447323
0.7991881966590881 -0.1711222529411316 -2.0343248979398654
0.7928369045257568 -0.18382129073143005 -2.0330315675836568
0.7861403226852417 -0.19704660773277283 -2.032337635930285
0.779710054397583 -0.20998629927635193 -2.0315270543014186
0.7733321189880371 -0.2228669971227646 -2.030543846102171
0.7668079137802124 -0.23595494031906128 -2.029944448532863
0.7604418992996216 -0.2489049732685089 -2.0300786462459532
0.7541112303733826 -0.26183563470840454 -2.0296378082177973
0.7453019022941589 -0.27946949005126953 -2.028942374426989
0.738840639591217 -0.29218193888664246 -2.0279475183991136
0.732322096824646 -0.30536702275276184 -2.0269327184816586
0.7258018255233765 -0.3182242214679718 -2.02672581511718
0.7195454835891724 -0.33096736669540405 -2.027874478670337
0.7133684754371643 -0.3434625566005707 -2.02814559812895
0.7069692015647888 -0.35654136538505554 -2.028764230129908
0.7002899050712585 -0.3699358403682709 -2.02995501165825
0.692034900188446 -0.3867468237876892 -2.030171304077768
0.6853931546211243 -0.399758517742157 -2.029694851361168
0.6787797212600708 -0.4129350185394287 -2.029373762883708
0.6723119020462036 -0.4259124994277954 -2.0293049537446857
0.6658278107643127 -0.43885961174964905 -2.0287623788443927
0.6595199704170227 -0.4514519274234772 -2.0287623788443927
0.6530418992042542 -0.4641866981983185 -2.02936456280143
0.6464509963989258 -0.4774399399757385 -2.0296444049876246
0.6380756497383118 -0.4941936433315277 -2.0296444049876246
0.6314857602119446 -0.5072742104530334 -2.0296444049876246
0.6249538660049438 -0.5205128192901611 -2.0292949327812733
0.6183393001556396 -0.533466100692749 -2.028636927404799
0.612011730670929 -0.5459610819816589 -2.028636927404799
0.6056854128837585 -0.5586004853248596 -2.0298324233378278
0.5993149280548096 -0.5714612603187561 -2.0298324233378278
0.5926955342292786 -0.5846393704414368 -2.029698982236335
0.5841698050498962 -0.601759135723114 -2.027474116665787
0.5775917768478394 -0.6151131987571716 -2.025758222029124
0.5711131691932678 -0.6279652714729309 -2.025099480346755
0.5646728873252869 -0.6410699486732483 -2.024761899090067
0.5584150552749634 -0.6536285877227783 -2.023473029145322
0.551843523979187 -0.6669603586196899 -2.0238669482843927
0.5457272529602051 -0.679475724697113 -2.0242361740762136
0.5371285080909729 -0.6972563862800598 -2.024219795898724
0.5304886698722839 -0.7103723883628845 -2.024219795898724
0.5242370367050171 -0.7230762839317322 -2.0247476335505046
0.5175483226776123 -0.7367346882820129 -2.0247130357623226
0.5109013915061951 -0.7499798536300659 -2.0255502614629615
0.5047001242637634 -0.7625182271003723 -2.0270447299943495
0.49838075041770935 -0.7753341794013977 -2.027322194761258
0.4919683337211609 -0.7880840301513672 -2.028219728397956
0.48546573519706726 -0.8013675212860107 -2.029096110017157
0.47702687978744507 -0.8181872367858887 -2.0280626983092946
0.47033318877220154 -0.8316274881362915 -2.028083271768782
0.46373140811920166 -0.8448206782341003 -2.028128203648842
0.4574401080608368 -0.8572774529457092 -2.028128203648842
0.4511314034461975 -0.8701492547988892 -2.0280866688552432
0.44455283880233765 -0.882972776889801 -2.0281901702760528
0.4380805194377899 -0.8957431316375732 -2.0287985671115805
0.43145355582237244 -0.9090128540992737 -2.028721885832427
0.4230705201625824 -0.9258232116699219 -2.028193476437047
0.4175899624824524 -0.9364801645278931 -2.027081480364153
0.41309842467308044 -0.9451338052749634 -2.026409671999201
0.40871572494506836 -0.9537070393562317 -2.0270394644521104
['bump_left']
['bump_front_left']
0.4044881761074066 -0.9611074328422546 -2.024383980404726
0.4046676754951477 -0.9605820775032043 -2.016126173898513
0.4056902229785919 -0.9600210189819336 -2.0210170909367315
0.4072228670120239 -0.957629382610321 -2.023564508756873
0.4099121689796448 -0.9519397616386414 -2.022621406804494
0.41282492876052856 -0.9456093907356262 -2.0230520330206323
0.4158441126346588 -0.9389715194702148 -2.0227957033783523
0.4186584949493408 -0.933075487613678 -2.022443274912263
0.4213404953479767 -0.9269005060195923 -2.022443274912263
0.4243919551372528 -0.9207518696784973 -2.0224108787339485
0.4269571900367737 -0.9153944253921509 -2.0214352370690287
0.42893755435943604 -0.9114764928817749 -2.0091226927983175
0.430480420589447 -0.9081302881240845 -1.9753574363267834
0.43109971284866333 -0.9066328406333923 -1.9441496442142803
0.43130719661712646 -0.9060795307159424 -1.9016605744271542
0.43114495277404785 -0.9063277840614319 -1.8532715229314798
0.43087446689605713 -0.9066850543022156 -1.802838143749379
0.43042808771133423 -0.9067744612693787 -1.7542504232730944
0.4303891658782959 -0.906687319278717 -1.7068341547367354
0.43011900782585144 -0.906649649143219 -1.6597059059290031
0.4297303259372711 -0.9067104458808899 -1.5972836061708227
0.42962726950645447 -0.9066727161407471 -1.550342196403456
0.4294896721839905 -0.9067789316177368 -1.504268328738641
0.42933475971221924 -0.9067022204399109 -1.4585721710905422
0.4289799630641937 -0.9069024324417114 -1.4117390625540207
0.42891621589660645 -0.9068422317504883 -1.3636345169294672
0.4287780225276947 -0.9069414734840393 -1.3158469321532156
0.4286070466041565 -0.9070420265197754 -1.2696792949522355
0.4284420609474182 -0.9069324135780334 -1.2051338765966726
0.4282885193824768 -0.9068193435668945 -1.15740238101299
0.42805027961730957 -0.9067956805229187 -1.1092037245279693
0.42790696024894714 -0.9069438576698303 -1.0634779418716536
0.4277370274066925 -0.9069827795028687 -1.015540398117757
0.4276069402694702 -0.9071493744850159 -0.9676264207147701
0.4275224804878235 -0.907240629196167 -0.9207804890199626
0.42741265892982483 -0.9071707725524902 -0.8729065592181642
0.42715635895729065 -0.9075667262077332 -0.809891765140045
0.42697039246559143 -0.907459020614624 -0.7621982178776088
0.4268421232700348 -0.9077365398406982 -0.7137755204937903
0.42675748467445374 -0.9077533483505249 -0.6678805656986274
0.42653796076774597 -0.9077587723731995 -0.6187220922320856
0.4264972507953644 -0.9080536961555481 -0.5713910700897376
0.42631638050079346 -0.908039927482605 -0.524707428831708
0.42615634202957153 -0.9082937836647034 -0.4602856231619566
0.42600569128990173 -0.9084550738334656 -0.41446901022931865
0.4257742166519165 -0.9085162281990051 -0.36805315429165114
0.42562994360923767 -0.908636748790741 -0.32133559469703626
0.4255921244621277 -0.9088387489318848 -0.27525717835404123
0.42538076639175415 -0.9089586138725281 -0.22819520576455946
0.42520588636398315 -0.9091639518737793 -0.18095650900521876
0.4250682592391968 -0.9091532230377197 -0.13493942599016728
0.42490604519844055 -0.9092431664466858 -0.08646084295208299
0.4249430000782013 -0.9095252156257629 -0.041106501767820984
0.424818217754364 -0.9095711708068848 0.022081910005467185
0.4247260093688965 -0.9097790122032166 0.0701520177722766
0.42461565136909485 -0.9099778532981873 0.11477398569932888
0.4248878061771393 -0.909989595413208 0.16130842820433744
0.4273107945919037 -0.9096656441688538 0.20353957445302656
0.43157413601875305 -0.9087390303611755 0.23691513196014172
0.4371592104434967 -0.9073581695556641 0.26758004292937937
0.4437128007411957 -0.9055470824241638 0.2911366839328397
0.45513662695884705 -0.9022272229194641 0.31566114096143694
0.46528732776641846 -0.8988869786262512 0.3290123833157926
0.4762444794178009 -0.8952179551124573 0.3382847521195774
0.48908916115760803 -0.8908204436302185 0.34157623105244433
0.5025821924209595 -0.8855479955673218 0.34193728909936155
0.516461968421936 -0.8805285692214966 0.3428773616800127
0.5300857424736023 -0.875495970249176 0.3428125155023907
0.5475088357925415 -0.8689700365066528 0.343701758557474
0.560975193977356 -0.864120364189148 0.3434845946731855
0.5742206573486328 -0.8593059182167053 0.3437741841346502
0.5874582529067993 -0.8546265959739685 0.34302304798416844
0.6007522940635681 -0.849868655204773 0.3418062017020231
0.6140440106391907 -0.8450727462768555 0.3414568118721642
0.6272088289260864 -0.8403493165969849 0.3411812509474188
0.6405544281005859 -0.8354324102401733 0.3413598141410894
0.6585357189178467 -0.8289697170257568 0.3423248995381669
0.6720831394195557 -0.8240326642990112 0.34400274149006077
0.6852740049362183 -0.8193708658218384 0.34385987818110314
0.6986504197120667 -0.8145450353622437 0.34385987818110314
0.711988627910614 -0.809603750705719 0.34333420669153214
0.7253104448318481 -0.8049148917198181 0.34333420669153214
0.7390437126159668 -0.7997298836708069 0.3438380127810479
0.752617359161377 -0.7948353886604309 0.3453798235637141
0.7704117298126221 -0.7881566882133484 0.34686669990507923
0.7837700247764587 -0.7834416031837463 0.34688100648442427
0.7967842817306519 -0.7785786986351013 0.3457495826015929
0.8099724650382996 -0.7737647294998169 0.344786772374579
0.8232841491699219 -0.7687891721725464 0.3444724596696003
0.836550235748291 -0.7638850808143616 0.34526380727803907
0.8497635126113892 -0.7589339017868042 0.34627194503059716
0.8632357120513916 -0.7540878653526306 0.347659116117604
0.8812379240989685 -0.7474069595336914 0.3479806178115616
0.8947792649269104 -0.74245285987854 0.34808410440600446
0.9083418250083923 -0.7372745871543884 0.34820951495843433
0.9217597842216492 -0.7321786880493164 0.3492478127881936
0.9351136088371277 -0.7271709442138672 0.34893639146290406
0.9482583403587341 -0.7222189903259277 0.3489337365486442
0.9617661237716675 -0.7171851396560669 0.34973428606782125
0.9752935171127319 -0.712135374546051 0.35057877313447494
0.9932495355606079 -0.7053998112678528 0.35181906613625674
1.0068103075027466 -0.7003784775733948 0.35181900744810424
1.0199487209320068 -0.6955915093421936 0.3517259962860579
1.0329034328460693 -0.690619945526123 0.3517323120011168
1.0463216304779053 -0.685707688331604 0.3517022269319163
1.0597163438796997 -0.6806555986404419 0.35239719579085116
1.0733833312988281 -0.6754908561706543 0.35422212044164275
1.0866823196411133 -0.6705050468444824 0.3548675449359315
1.0999116897583008 -0.6653344631195068 0.3559265942952171
1.117753028869629 -0.658618152141571 0.3562551020574444
1.1311609745025635 -0.6534560322761536 0.3569670048878853
1.1447288990020752 -0.6484315395355225 0.3578711075397738
1.1580907106399536 -0.6432410478591919 0.35783196361530223
1.1713191270828247 -0.6382219791412354 0.35890550255507203
1.1842737197875977 -0.6333816647529602 0.35985164522065816
1.1977492570877075 -0.6281628608703613 0.3604771209167208
1.2155464887619019 -0.6214923858642578 0.36223809091871156
1.2291449308395386 -0.6163045167922974 0.36215004102256915
1.24225652217865 -0.6109160780906677 0.3621499530762061
1.2556867599487305 -0.6059063076972961 0.3621498065020512
1.2688298225402832 -0.6008700132369995 0.36245566369234233
1.2822344303131104 -0.595876932144165 0.36245566369234233
1.2954821586608887 -0.5907800197601318 0.36311557883078494
1.309256911277771 -0.5853548049926758 0.3637814635765923
1.3273051977157593 -0.5783283114433289 0.3659698335044056
1.3404732942581177 -0.5729990005493164 0.3659698335044056
1.353918194770813 -0.5679751038551331 0.3669066411709128
1.3672690391540527 -0.5627759695053101 0.36725420757332844
1.38040030002594 -0.5577334761619568 0.366607452117947
1.3940720558166504 -0.5523300766944885 0.3665180215887972
1.4076473712921143 -0.5470180511474609 0.3675905142010506
1.4207864999771118 -0.5418322086334229 0.36806174055963436
1.4385864734649658 -0.5348938703536987 0.36938296675163623
1.452085256576538 -0.5295460820198059 0.36867604592762376
1.4653466939926147 -0.5244404673576355 0.36867607522713247
1.4787722826004028 -0.5190325975418091 0.3684057508926842
1.4918889999389648 -0.5137791037559509 0.36845323999208884
1.505514144897461 -0.5085620284080505 0.3696214356083462
1.519176959991455 -0.503328800201416 0.3707879399055643
1.5322891473770142 -0.4982195496559143 0.3712962243753181
1.550389051437378 -0.49103912711143494 0.37304765133098544
1.564164400100708 -0.48548951745033264 0.3742662282735511
1.5771827697753906 -0.48016130924224854 0.3742662282812755
1.5904490947723389 -0.474896639585495 0.3752594826873918
1.6031591892242432 -0.46973952651023865 0.3752594534043457
1.6166324615478516 -0.4643569886684418 0.3755958367979269
1.6303455829620361 -0.45890673995018005 0.37660939917937203
1.6434409618377686 -0.4536439776420593 0.37810585272281605
1.6612179279327393 -0.44649121165275574 0.3797312415403358
1.6746865510940552 -0.44124019145965576 0.3803312822690199
1.687675952911377 -0.4360174834728241 0.3803312822690199
1.7010173797607422 -0.4307519495487213 0.3804390139929408
1.7138460874557495 -0.4254174828529358 0.38028832830068954
1.7278412580490112 -0.4198073744773865 0.38093321084765613
1.7416729927062988 -0.4142598509788513 0.3814017026104466
1.7542450428009033 -0.409249484539032 0.3819308315283915
1.7723350524902344 -0.4019002914428711 0.3841822858507151
1.7854031324386597 -0.39636462926864624 0.38449097705851815
1.7985411882400513 -0.391051709651947 0.3849763954295355
1.8117338418960571 -0.3856140375137329 0.38497648318225314
1.8246556520462036 -0.38028186559677124 0.3847428497998059
1.8380169868469238 -0.3748927116394043 0.3855233139972365
1.8513166904449463 -0.3693021833896637 0.38648077812060705
1.8644033670425415 -0.36395081877708435 0.38730975823114794
1.8822139501571655 -0.35664328932762146 0.38784061898571154
1.8955672979354858 -0.35102400183677673 0.387840648223472
1.9087812900543213 -0.34547722339630127 0.38837100245732387
1.9218578338623047 -0.33998849987983704 0.3901209263577546
1.9351410865783691 -0.33450064063072205 0.3902695172653675
1.948235034942627 -0.3288906216621399 0.3913479327023311
1.9617819786071777 -0.3233417868614197 0.39359511875745934
1.9751218557357788 -0.3175981938838959 0.39416477478801565
1.9883530139923096 -0.31195878982543945 0.39628108848287635
2.0059609413146973 -0.30459198355674744 0.3972344295996935
2.019031047821045 -0.2990756034851074 0.39696050709339786
2.032130002975464 -0.2935151755809784 0.3968533621055734
2.045365333557129 -0.2878829538822174 0.39654414811850197
2.0589170455932617 -0.2820587754249573 0.3966663757704941
2.072087287902832 -0.27656272053718567 0.39881905390618394
2.085061550140381 -0.2707766890525818 0.39954172336837046
2.1026101112365723 -0.2631876766681671 0.4017551796889937
2.115621566772461 -0.2576792538166046 0.40185122771327997
2.128960609436035 -0.25182396173477173 0.40196089220261627
2.1421854496002197 -0.24612145125865936 0.40234576508225484
2.1552698612213135 -0.24040569365024567 0.40234576508225484
2.1685421466827393 -0.23469579219818115 0.40340355924454857
2.1813805103302 -0.229212686419487 0.4036438564142637
2.1943864822387695 -0.22345635294914246 0.40383275843266075
2.2122552394866943 -0.21556618809700012 0.40537472182950407
2.225219249725342 -0.2099769115447998 0.4063022405082914
2.2381956577301025 -0.20434293150901794 0.40614570438973696
2.250936985015869 -0.19890856742858887 0.40579025221056036
2.2641115188598633 -0.1931682676076889 0.40531774001832743
2.277480125427246 -0.18741831183433533 0.4053220274731379
2.290452241897583 -0.18173573911190033 0.4054865178218226
2.3036882877349854 -0.17620328068733215 0.40680194592128144
2.3215627670288086 -0.16840416193008423 0.4076875429158204
2.334001302719116 -0.16298189759254456 0.4075801100666856
2.3470211029052734 -0.15716730058193207 0.4072385287197411
2.3602583408355713 -0.1513921618461609 0.40713605620534826
2.373307943344116 -0.14571672677993774 0.4071360853917359
2.3864190578460693 -0.13990476727485657 0.408012780488462
2.3994476795196533 -0.13417206704616547 0.4102409588774355
2.4122731685638428 -0.1286267340183258 0.4107421393037893
2.4301068782806396 -0.12095723301172256 0.4107421393037893
2.442756414413452 -0.11559785902500153 0.410908335181712
2.4558157920837402 -0.10976237058639526 0.41073019185212173
2.4684646129608154 -0.1041511744260788 0.41012395656668765
2.4816954135894775 -0.09813980013132095 0.4094571932290394
2.495039463043213 -0.09233427792787552 0.409456690967373
2.5078928470611572 -0.0866069346666336 0.41071070149423755
2.5209498405456543 -0.08077146112918854 0.41195272952732254
2.5387985706329346 -0.07278651744127274 0.4138417807134374
2.5516669750213623 -0.06715869158506393 0.41472508307274814
2.5646209716796875 -0.06145844981074333 0.41510195854340265
2.5772054195404053 -0.05586175620555878 0.4151517511431698
2.5902082920074463 -0.0501420684158802 0.4151929352354814
2.6033987998962402 -0.044230569154024124 0.41488526930574854
2.616381883621216 -0.03831871226429939 0.41558351000605204
2.629260778427124 -0.032461557537317276 0.4158329367237123
2.641805410385132 -0.02675439976155758 0.41601699024863
2.658996343612671 -0.019033266231417656 0.4160170194159194
2.671745777130127 -0.01327141746878624 0.41557378141178086
2.6846976280212402 -0.007498603779822588 0.41557375224274046
2.697920083999634 -0.0015056317206472158 0.4155511468237172
2.7110514640808105 0.004271809943020344 0.41631943309456876
2.7238078117370605 0.010005551390349865 0.4177325947290079
2.736863136291504 0.015858858823776245 0.41901966156571246
2.7546043395996094 0.024094872176647186 0.4199285686542701
2.7670395374298096 0.029786918312311172 0.42076894659483893
2.7801454067230225 0.03601190447807312 0.42091661371895944
2.7929844856262207 0.04192750155925751 0.4209020412387512
2.806011915206909 0.0477948822081089 0.4206239019508175
2.8193488121032715 0.053743697702884674 0.4206239019508175
2.8315048217773438 0.05949025601148605 0.42053037253646425
2.844545602798462 0.06540626287460327 0.4205303725374544
2.8623828887939453 0.07344546914100647 0.42228543749741715
2.8751089572906494 0.07925847917795181 0.42303728943102464
2.8881311416625977 0.08516135811805725 0.42324160606623223
2.9008257389068604 0.09089678525924683 0.42324160606623223
2.9142370223999023 0.09692429006099701 0.42324160606623223
2.927797794342041 0.1030709370970726 0.42403414447224397
2.940408945083618 0.10884903371334076 0.4250413845069268
2.953688144683838 0.1148810163140297 0.42688214222110843
2.9709811210632324 0.12274828553199768 0.4289296808307653
2.983811616897583 0.1285669356584549 0.42960424294483396
2.996713876724243 0.13448403775691986 0.42915980015432587
3.0096981525421143 0.1405746191740036 0.4290786674690969
3.0226519107818604 0.14649730920791626 0.4287425366903482
3.0355570316314697 0.15235471725463867 0.4287425366903482
3.0484070777893066 0.15831151604652405 0.42831318306767924
3.0612952709198 0.16417670249938965 0.4278106112317401
3.07425856590271 0.1702917367219925 0.42751668370666784
3.091702699661255 0.17841008305549622 0.42709284017178306
3.1048080921173096 0.18449565768241882 0.42709301946688155
3.117860794067383 0.1907343864440918 0.42709301946435
3.1309356689453125 0.19675272703170776 0.4276124414356154
3.1437582969665527 0.20282073318958282 0.4275981193752262
3.1566765308380127 0.208881214261055 0.4282160028792588
3.1696486473083496 0.21478085219860077 0.4288004176243092
3.187157154083252 0.2227725386619568 0.4303210182300692
3.2001795768737793 0.22883078455924988 0.4304721427166492
3.213012456893921 0.23481394350528717 0.429510903345373
3.226017475128174 0.24084238708019257 0.4276363871382789
3.238506317138672 0.24665215611457825 0.4261497359580048
3.251488447189331 0.2527879774570465 0.42592684707740514
3.2643489837646484 0.2586400806903839 0.4263921539226028
3.2772200107574463 0.2645689845085144 0.426775019731947
3.2947776317596436 0.27267318964004517 0.4275030903372159
3.3074727058410645 0.27851375937461853 0.42756390233287134
3.3201117515563965 0.284261018037796 0.42688865248482033
3.333134174346924 0.29024097323417664 0.42652177054202256
3.346127986907959 0.29646220803260803 0.4253117233498814
3.3587496280670166 0.3025655150413513 0.42596992496118735
3.371650457382202 0.30857717990875244 0.42723017951559433
3.384523868560791 0.3145315945148468 0.4276472740425311
3.401870012283325 0.3225330114364624 0.4276009928498853
3.414741039276123 0.3284718096256256 0.42694877819141996
3.4271140098571777 0.3342180550098419 0.42593761487728
3.439943313598633 0.3403654098510742 0.42521649324513794
3.4530680179595947 0.3463515341281891 0.42491039715239
3.4656434059143066 0.352270245552063 0.42434171183894803
3.4783926010131836 0.358059823513031 0.42413258758377587
3.4910433292388916 0.36387547850608826 0.4245621648555997
3.508413314819336 0.3720323443412781 0.4260880012277448
3.5214450359344482 0.37833595275878906 0.42656721817997273
3.5340843200683594 0.38433051109313965 0.4269631321245417
3.5471420288085938 0.39034682512283325 0.42789260125362966
3.5602598190307617 0.39631637930870056 0.42801394172054763
3.572510004043579 0.4022093713283539 0.42801394172054763
3.585084915161133 0.40816599130630493 0.4284780946257258
3.5976686477661133 0.4141133427619934 0.42874510077445505
3.6149399280548096 0.42213916778564453 0.4305430342013294
3.6275599002838135 0.4281071722507477 0.42974107763438796
3.6399340629577637 0.4341331720352173 0.42877031036314067
3.652726888656616 0.44010642170906067 0.42842292769825807
3.6657700538635254 0.4461634159088135 0.42760145361094665
3.6782917976379395 0.45230695605278015 0.4271638801408527
3.6911401748657227 0.45827654004096985 0.4283672663821946
3.703856945037842 0.46432065963745117 0.4293897924711697
3.7211813926696777 0.4723866879940033 0.4306644228772206
3.7332892417907715 0.47806239128112793 0.43148166895074136
['bump_right']
['bump_front_right']
3.743345022201538 0.4831109046936035 0.43180355402199094
3.746368885040283 0.4847412705421448 0.4244313859581517
3.746093273162842 0.48418161273002625 0.42706882046964084
3.7449142932891846 0.4834519326686859 0.42663859072294624
3.7410731315612793 0.4816272258758545 0.42532026230690567
3.7357184886932373 0.4788791537284851 0.42534085694544405
3.7266957759857178 0.4749230146408081 0.4243320793922961
3.7203240394592285 0.47212105989456177 0.4246477700085587
3.7140493392944336 0.4693751335144043 0.42486207624003186
3.707733392715454 0.46645399928092957 0.42467257232568767
3.701202869415283 0.46350428462028503 0.4244270435725827
3.6949377059936523 0.4607274532318115 0.4245812806954853
3.6886909008026123 0.45780885219573975 0.42467453166920127
3.6826441287994385 0.4550190269947052 0.4237468558214369
3.6740829944610596 0.45105603337287903 0.4232325509689
3.6682608127593994 0.44855472445487976 0.4232325509689
3.664106845855713 0.44673770666122437 0.42508869075930156
3.6616477966308594 0.44569483399391174 0.43838170566078627
3.6620376110076904 0.4457378387451172 0.4430359561203456
3.6624276638031006 0.4459754526615143 0.4425978257814567
3.6620421409606934 0.44587430357933044 0.47049737493089155
3.6617417335510254 0.4460411071777344 0.5177070078248281
3.661914348602295 0.44605553150177 0.587399132111158
3.6617517471313477 0.44590291380882263 0.6355411335647771
3.661893844604492 0.4457152187824249 0.6824996094210005
3.6619975566864014 0.44559037685394287 0.7298386362260667
3.6619439125061035 0.44546952843666077 0.7771080087581395
3.66192889213562 0.44538068771362305 0.8251941904136516
3.662130117416382 0.44537216424942017 0.8728842201683249
3.6621477603912354 0.4454689621925354 0.9212366037689284
3.6620326042175293 0.44521626830101013 0.983701047915852
3.662020683288574 0.4451228380203247 1.0306829102980333
3.6621696949005127 0.44498610496520996 1.0767798511774562
3.662266969680786 0.44497165083885193 1.1249041163140803
3.6622626781463623 0.4449230432510376 1.1718715636324537
3.6622488498687744 0.4449447989463806 1.2188839600120676
3.6622049808502197 0.44493964314460754 1.2666764437271791
3.662280559539795 0.4449825584888458 1.3136177800015054
3.662320852279663 0.4449200928211212 1.375602245642459
3.6623566150665283 0.44494739174842834 1.4232991012107434
3.6623387336730957 0.4449717700481415 1.4690579338865897
3.662339925765991 0.445046603679657 1.5160475114549667
3.6622703075408936 0.44499826431274414 1.5627709538255974
3.6622862815856934 0.4450099468231201 1.609946504316899
3.662367820739746 0.4449424147605896 1.6571945909060208
3.662414312362671 0.4448212683200836 1.7038192391226208
3.662475109100342 0.4449100196361542 1.765436043827617
3.6625468730926514 0.44498175382614136 1.8131025430708747
3.6625757217407227 0.4449886679649353 1.8616752491313795
3.6626267433166504 0.4451267421245575 1.910471405127999
3.6626503467559814 0.445222407579422 1.9572711433604437
3.662764072418213 0.4452302157878876 2.0045467694398806
3.6626389026641846 0.44527071714401245 2.052345205258526
3.662508964538574 0.44532009959220886 2.09852169842673
3.6625421047210693 0.4454449415206909 2.1617145795769637
3.6626198291778564 0.44560033082962036 2.2085998053433413
3.6626880168914795 0.44565409421920776 2.254800306588414
3.662630558013916 0.44561222195625305 2.3037585940836993
3.6626369953155518 0.4457571506500244 2.3502767169132035
3.6625916957855225 0.4459152817726135 2.396374201289499
3.6626696586608887 0.4459708631038666 2.4431205451012
3.6626741886138916 0.44588416814804077 2.4914388911794627
3.6626110076904297 0.44606807827949524 2.5572798353500734
3.661740779876709 0.4467441439628601 2.6008314947486175
3.6595237255096436 0.4480705261230469 2.6415226468990904
3.655411958694458 0.45024120807647705 2.6775221964236047
3.6499664783477783 0.452847957611084 2.7077558248247233
3.6431140899658203 0.45610275864601135 2.732405667442177
3.6349711418151855 0.4595875144004822 2.753445170799077
3.6250851154327393 0.4635758101940155 2.7695126175780573
3.610309362411499 0.46920230984687805 2.782719125302641
3.5973427295684814 0.47374609112739563 2.7858044928437873
3.582534074783325 0.47878846526145935 2.787184255553781
3.568385601043701 0.48369473218917847 2.786188836081339
3.554537773132324 0.4884633421897888 2.7870290301108427
3.5412955284118652 0.49322646856307983 2.787461047586093
3.527719736099243 0.497913658618927 2.787535395022581
3.5136795043945312 0.5028735399246216 2.788036355840817
3.495892286300659 0.5090938806533813 2.789390331175695
3.482072114944458 0.5140445828437805 2.7898740749298296
3.4681313037872314 0.5191173553466797 2.7914707744661307
3.4541101455688477 0.5238333344459534 2.7923838945657824
3.4409313201904297 0.5284639596939087 2.793972709216424
3.427049160003662 0.5331040024757385 2.793972709216424
3.413158416748047 0.5378665924072266 2.7946508061136197
3.3988828659057617 0.5428457260131836 2.79571368055086
3.380906581878662 0.549100935459137 2.796186678586445
3.367217540740967 0.5537748336791992 2.797360156408973
3.3533935546875 0.5585952997207642 2.797245001939563
3.3396894931793213 0.5633741617202759 2.797292212540007
3.3264198303222656 0.567828893661499 2.797316779728936
3.3130862712860107 0.5723344087600708 2.798023213830982
3.299105405807495 0.5770524740219116 2.798712507687238
3.2849292755126953 0.5819454789161682 2.8005971612583513
3.271287441253662 0.5864802002906799 2.8016729657179917
3.2536559104919434 0.5925300717353821 2.8033256518999314
3.2395756244659424 0.5973383784294128 2.804508430034412
3.225634813308716 0.602008044719696 2.806238654375041
3.2121329307556152 0.6064321994781494 2.807347805509669
3.1985161304473877 0.6107457280158997 2.808528204062402
3.1844289302825928 0.6153380870819092 2.809352891508932
3.170548439025879 0.6201282739639282 2.810081245098978
3.1574289798736572 0.6245469450950623 2.8107531472918184
3.1392736434936523 0.6307199597358704 2.8122968878460752
3.1254520416259766 0.6354497671127319 2.81260296950752
3.112006187438965 0.6397848129272461 2.8124952592168633
3.098581552505493 0.6442155838012695 2.812965363234949
3.084815502166748 0.6486483812332153 2.813503026579471
3.071077585220337 0.6532527208328247 2.8151686031897203
3.0570285320281982 0.657693088054657 2.816570737124116
3.0434060096740723 0.662106990814209 2.817432633344043
3.024656057357788 0.6679350137710571 2.817331794046043
3.0109810829162598 0.672407329082489 2.8186374089296904
2.9977009296417236 0.6769115924835205 2.8191263554628345
2.9837119579315186 0.6813521385192871 2.8181435903177063
2.9695675373077393 0.6858330368995667 2.818491453857453
2.9554250240325928 0.6902981996536255 2.8188841411771595
2.9413211345672607 0.6949537992477417 2.8193736116052697
2.9278595447540283 0.6991944313049316 2.81862973424773
2.909529447555542 0.7051219940185547 2.8181498003572916
2.895728588104248 0.7094329595565796 2.816728592426039
2.882206678390503 0.713791012763977 2.8166101016016576
2.8682563304901123 0.7182690501213074 2.8167784221212386
2.8542351722717285 0.7227588295936584 2.817193038443497
2.840810537338257 0.727051854133606 2.818859352074933
2.8268160820007324 0.7317795157432556 2.819427693279933
2.808866262435913 0.7375094294548035 2.820150376725489
2.795196533203125 0.7420414090156555 2.820150376725489
2.7810630798339844 0.7466432452201843 2.8212640069744435
2.767271041870117 0.7511913776397705 2.8210315750599038
2.7538492679595947 0.7555127143859863 2.8209395448481875
2.740247964859009 0.7599330544471741 2.821206790144184
2.726205348968506 0.7644628286361694 2.820539974881095
2.711956262588501 0.7689204812049866 2.8200757617383054
2.694364070892334 0.7745532989501953 2.8200757617383054
2.6805105209350586 0.7791189551353455 2.8191743033731513
2.6669764518737793 0.7835865020751953 2.8184795842873425
2.6537725925445557 0.7879382967948914 2.817926872083469
2.6399881839752197 0.7923905849456787 2.818737009906281
2.626584768295288 0.7968519330024719 2.8189296792444916
2.6123197078704834 0.801529049873352 2.820016845226765
2.5988001823425293 0.8057711124420166 2.8209014069814997
2.5809884071350098 0.811579704284668 2.8209014069814997
2.567348003387451 0.8160706758499146 2.8209014069814997
2.553690195083618 0.82069331407547 2.8216755522678034
2.5403621196746826 0.8250327706336975 2.821411852806225
2.5266566276550293 0.8294613361358643 2.8217017693999082
2.51300048828125 0.8340854644775391 2.821856488323002
2.4993252754211426 0.838624894618988 2.8222966003772028
2.485858201980591 0.8432116508483887 2.8223101802110913
2.4726145267486572 0.8474821448326111 2.822764659748158
2.4540913105010986 0.8536966443061829 2.823782440263829
2.4404492378234863 0.8578824400901794 2.8232245436113406
2.4276928901672363 0.8619013428688049 2.824309353005304
2.4140241146087646 0.8663083910942078 2.8260190297744696
2.40002703666687 0.8709480166435242 2.826988001867761
2.385761260986328 0.8753440976142883 2.829141171017278
2.3721723556518555 0.8797273635864258 2.830186596370623
2.3590054512023926 0.8838872313499451 2.8299517544571584
2.3404574394226074 0.8898361921310425 2.829581284369219
2.3272695541381836 0.8939836621284485 2.8290638711284823
2.313948631286621 0.8982872366905212 2.8279590677843816
2.3001034259796143 0.9025755524635315 2.8273096144457894
2.2863054275512695 0.9071382880210876 2.827888033464638
2.2723655700683594 0.9115813970565796 2.8278901802696477
2.258526086807251 0.9159510731697083 2.8287780028247624
2.241241931915283 0.9216433167457581 2.8294854426180933
2.227051019668579 0.9263039827346802 2.8296144317094574
2.2134039402008057 0.9306769371032715 2.8296144317094574
2.200381278991699 0.934894859790802 2.8299682350503987
2.1866815090179443 0.9392674565315247 2.8299682350503987
2.17319393157959 0.9435752034187317 2.829835163622034
2.1589603424072266 0.9481898546218872 2.8300543136474365
2.1449947357177734 0.9527798891067505 2.8301105341275714
2.1319589614868164 0.9569697380065918 2.8299114881831056
2.11368989944458 0.9628748893737793 2.8295459984398477
2.100034713745117 0.9673648476600647 2.828703391017939
2.0872111320495605 0.9714816212654114 2.8281050142572144
2.0737266540527344 0.9759411811828613 2.8279697826753463
2.059465169906616 0.9804607033729553 2.8275956868924017
2.0455973148345947 0.9849565625190735 2.8276679666242948
2.0320682525634766 0.989345133304596 2.8281681726278376
2.0189096927642822 0.9937012195587158 2.8288645568780346
2.000826358795166 0.9996008276939392 2.8287577772139434
1.9869276285171509 1.003947138786316 2.828552749094899
1.9735983610153198 1.008262038230896 2.8301103148097115
1.9595681428909302 1.0126137733459473 2.8301103148097115
1.9459781646728516 1.0169651508331299 2.830572856620707
1.9322001934051514 1.0213068723678589 2.831484553459002
1.918172001838684 1.0258415937423706 2.832307325169677
1.9001606702804565 1.031420111656189 2.833646527690642
1.8864833116531372 1.0355995893478394 2.834413032457805
1.8726558685302734 1.0397872924804688 2.834525853084231
1.8588896989822388 1.0441213846206665 2.834417362296691
1.8452709913253784 1.0483486652374268 2.8349032076283134
1.8311885595321655 1.0527541637420654 2.835425388648708
1.8173710107803345 1.0569058656692505 2.8356661877901908
1.803637981414795 1.0611079931259155 2.8373844787041778
1.7851684093475342 1.06686270236969 2.8389036264703478
1.7710143327713013 1.0712097883224487 2.840166569645515
1.7578083276748657 1.0750941038131714 2.840166569645515
1.7436163425445557 1.0794326066970825 2.840509445816953
1.7294384241104126 1.0835988521575928 2.841214197273845
1.7155271768569946 1.0877406597137451 2.841765623783285
1.7016783952713013 1.0919138193130493 2.843138464473243
1.6878011226654053 1.0961039066314697 2.8441684093211923
1.6693220138549805 1.1014721393585205 2.844641919267983
1.6556134223937988 1.1056689023971558 2.845178838304325
1.6414964199066162 1.1097840070724487 2.8446414205413637
1.6275829076766968 1.114007592201233 2.8454697078247
1.6136406660079956 1.1179126501083374 2.845976353898075
1.5997874736785889 1.1219407320022583 2.8466832741827055
1.5859942436218262 1.1260743141174316 2.847506959124403
1.571835994720459 1.1299922466278076 2.848990229864445
1.553176760673523 1.135536789894104 2.851238236462449
1.539048671722412 1.1393810510635376 2.851294273780331
1.5252728462219238 1.1433717012405396 2.852297310824712
1.511292815208435 1.1474672555923462 2.853339695477446
1.4974156618118286 1.1515923738479614 2.853154391888027
1.4834717512130737 1.1554890871047974 2.8537628784405324
1.4693807363510132 1.1596159934997559 2.854135044221226
1.4551875591278076 1.1636261940002441 2.854248998110353
1.4416148662567139 1.1674548387527466 2.8537082410103887
1.423081398010254 1.172783374786377 2.8529660697728647
1.409407377243042 1.1766133308410645 2.8522836917819117
1.39549720287323 1.180705189704895 2.85190344337473
1.3814573287963867 1.1846288442611694 2.8528709021528553
1.367224097251892 1.1887019872665405 2.8528058687733213
1.3530741930007935 1.1927051544189453 2.853368538336091
1.3389194011688232 1.196683645248413 2.854389902187903
1.3206039667129517 1.2019357681274414 2.8546149953478985
1.306420087814331 1.206199288368225 2.854555129193008
1.292681097984314 1.2098503112792969 2.8549211047376364
1.2785730361938477 1.2138960361480713 2.8551189932314154
1.2646796703338623 1.2177919149398804 2.8551342465350795
1.2504868507385254 1.2216672897338867 2.8550703423436157
1.236181616783142 1.2256708145141602 2.8562197827261175
1.2225227355957031 1.2294976711273193 2.855709327728968
1.2086498737335205 1.2333320379257202 2.8562652948644636
1.190009355545044 1.238590955734253 2.8573985200650402
1.1760791540145874 1.2424135208129883 2.857026348330938
1.1622668504714966 1.2464672327041626 2.8581581033853647
1.1483269929885864 1.2504295110702515 2.8594083791234386
1.134501576423645 1.2545472383499146 2.8596754271622014
1.1203627586364746 1.2585628032684326 2.8603854224920826
1.1065475940704346 1.2625643014907837 2.860894713313437
1.0877914428710938 1.2677561044692993 2.861819069524999
1.0735535621643066 1.2718486785888672 2.861950890319544
1.0599290132522583 1.2758142948150635 2.861794490434036
['bump_right']
1.046256422996521 1.279384970664978 2.858602783713584
1.0407553911209106 1.2807031869888306 2.8455486249896476
1.0416182279586792 1.2803361415863037 2.8407652273342245
1.0441957712173462 1.279438853263855 2.842874737245278
1.048909068107605 1.2781126499176025 2.8463649806833673
1.0572096109390259 1.2764273881912231 2.8416199798765183
1.0643442869186401 1.2738929986953735 2.840789575844428
1.0703848600387573 1.2720825672149658 2.8401296054371112
1.0770753622055054 1.2699602842330933 2.839858973740968
1.0838189125061035 1.2677240371704102 2.8399312629162585
1.0897908210754395 1.2658486366271973 2.8409406886670734
1.0945333242416382 1.2643296718597412 2.8433506470727323
1.0977214574813843 1.263329029083252 2.8561630103234736
1.0999717712402344 1.262596607208252 2.8786985875944278
1.1016323566436768 1.2621008157730103 2.9262041885956513
1.1018003225326538 1.2622028589248657 2.970026499322215
1.1016234159469604 1.2622764110565186 3.0199484810599877
1.1015894412994385 1.262492060661316 3.070210458335119
1.1014726161956787 1.26268470287323 3.1175231931348852
1.1012845039367676 1.2628252506256104 -3.1178245528009674
1.101307988166809 1.2630583047866821 -3.07139324349919
1.1014676094055176 1.2632485628128052 -3.009366030058968
1.1013481616973877 1.2634838819503784 -2.960784184870863
1.1013602018356323 1.2635436058044434 -2.9138093046954436
1.1013116836547852 1.2637758255004883 -2.866367094752769
1.1010414361953735 1.2640132904052734 -2.819814447547756
1.100964069366455 1.2640206813812256 -2.7714774594870337
1.1007225513458252 1.2640842199325562 -2.7255797116819735
1.1005773544311523 1.2644095420837402 -2.6792040169044844
1.1005115509033203 1.2645155191421509 -2.632558849914602
1.1003670692443848 1.2645148038864136 -2.568001307208284
1.100192904472351 1.264694333076477 -2.519768456588695
1.0999253988265991 1.2648476362228394 -2.473401093965695
1.099761962890625 1.2649939060211182 -2.4270062275532545
1.0995893478393555 1.2650686502456665 -2.3790928490891723
1.0996960401535034 1.2651302814483643 -2.334185085076161
1.0995241403579712 1.2652562856674194 -2.285610873927098
1.0993373394012451 1.2652848958969116 -2.2390318046342257
1.099210500717163 1.265337347984314 -2.1762751112504217
1.0990816354751587 1.265377163887024 -2.128583906094513
1.0987874269485474 1.2654132843017578 -2.081645084105947
1.0988093614578247 1.265589952468872 -2.0345608028176914
1.0986003875732422 1.2657121419906616 -1.986177991709975
1.0984965562820435 1.2657769918441772 -1.939272234934053
1.0984140634536743 1.265876054763794 -1.8915980058875588
1.0982164144515991 1.265858769416809 -1.8438445747199892
1.0979734659194946 1.2659283876419067 -1.7817874001654814
1.0978118181228638 1.2659486532211304 -1.735247453962424
1.0976041555404663 1.265976071357727 -1.6875469843733617
1.0974229574203491 1.2660027742385864 -1.6409142305093973
1.097208023071289 1.2660475969314575 -1.5922937347137276
1.0970706939697266 1.2659560441970825 -1.547806395287619
1.0969353914260864 1.2660083770751953 -1.5005121486519741
1.0968624353408813 1.2661967277526855 -1.4535092212932958
1.0966448783874512 1.266136884689331 -1.3903971033125377
1.096396565437317 1.2661397457122803 -1.3436890095078813
1.096313238143921 1.265737533569336 -1.297314369701276
1.0967395305633545 1.263418197631836 -1.2546405369557867
1.0980323553085327 1.25922429561615 -1.2212545563052024
1.0999280214309692 1.2541719675064087 -1.1918524383505489
1.1024895906448364 1.2474981546401978 -1.1675134627069776
1.107235312461853 1.236183762550354 -1.1431658099528337
1.111585021018982 1.226785659790039 -1.1300056700765317
1.1167289018630981 1.2158085107803345 -1.1197806656879397
1.1224753856658936 1.2036482095718384 -1.115347018363577
1.1289891004562378 1.19022536277771 -1.1144217646874535
1.135515570640564 1.176997423171997 -1.1136899380959555
1.1417967081069946 1.1642377376556396 -1.1130519952856643
1.1480363607406616 1.151574969291687 -1.113681245998192
1.154360055923462 1.1389524936676025 -1.1130627049615045
1.1631312370300293 1.1215296983718872 -1.1112330235448558
1.1693086624145508 1.1086527109146118 -1.1102056587175504
1.1757316589355469 1.0959794521331787 -1.108747141704206
1.1822444200515747 1.0830438137054443 -1.1059379885561402
1.1888771057128906 1.0701342821121216 -1.105267288977471
1.1952625513076782 1.0575991868972778 -1.1068302003381527
1.2019152641296387 1.0447065830230713 -1.1062119610374748
1.2081096172332764 1.0319870710372925 -1.1054569563830643
1.2166370153427124 1.0151656866073608 -1.1052586176920438
1.2228703498840332 1.0023887157440186 -1.1045234672252064
1.2293586730957031 0.9898403882980347 -1.10426852055852
1.2359325885772705 0.9765954613685608 -1.103272056905552
1.2426824569702148 0.9632381200790405 -1.1026171487302263
1.2490791082382202 0.9508134126663208 -1.1022692983430653
1.255624532699585 0.9378294348716736 -1.1016689546160652
1.2643986940383911 0.9204613566398621 -1.1011783098552028
1.270859956741333 0.9079113602638245 -1.1002309868968472
1.2774379253387451 0.8949195146560669 -1.0993798907923387
1.2840921878814697 0.8821476101875305 -1.0987275650669395
1.2908306121826172 0.8689392805099487 -1.0979373301508855
1.2973716259002686 0.8560692667961121 -1.0975204604838051
1.3036266565322876 0.8434315919876099 -1.096632223148688
1.3101229667663574 0.8305523991584778 -1.096632223148688
1.3166515827178955 0.8179970979690552 -1.0966022552053356
1.3254796266555786 0.8007128238677979 -1.095914036823683
1.3320657014846802 0.7877516746520996 -1.094663529639663
1.3383439779281616 0.7752643823623657 -1.0932037985119187
1.3450262546539307 0.7621773481369019 -1.0916564765130405
1.3517552614212036 0.7489712238311768 -1.0907632084468997
1.358313798904419 0.7364656329154968 -1.090148534742907
1.3648571968078613 0.7238178849220276 -1.0898207254849257
1.37143874168396 0.7112950682640076 -1.0893767976099025
1.3802460432052612 0.694277286529541 -1.0875676600892283
1.386736273765564 0.6815054416656494 -1.0868727269372975
1.3933168649673462 0.668615460395813 -1.0863402620667015
1.400038480758667 0.6557385325431824 -1.0855985039305989
1.4067628383636475 0.6424255967140198 -1.086066982637192
1.4132294654846191 0.6303538084030151 -1.0873007539132997
1.4196484088897705 0.6176671981811523 -1.087433750059808
1.4263219833374023 0.6048740148544312 -1.088204779288906
1.4353801012039185 0.5876954197883606 -1.0879430836665416
1.441908597946167 0.5749012231826782 -1.0879878895631454
1.448630928993225 0.5621206164360046 -1.0879980165773262
1.4551502466201782 0.5491808652877808 -1.086455482110645
1.4617198705673218 0.5364335179328918 -1.0862745160728167
1.4682495594024658 0.5238041281700134 -1.0859989291218564
1.4751085042953491 0.5106537342071533 -1.0855582190922035
1.4818308353424072 0.49789106845855713 -1.0853999914807992
1.4904299974441528 0.4811406433582306 -1.0845092467754642
1.4971363544464111 0.4684482216835022 -1.0841035091421876
1.5038437843322754 0.4556441009044647 -1.0821647498911535
1.510262370109558 0.4430195093154907 -1.0820256442879028
1.5172260999679565 0.43005481362342834 -1.0826844918555825
1.5239354372024536 0.4171147048473358 -1.0829383137200377
1.5306766033172607 0.40454959869384766 -1.0839058153499566
1.5395921468734741 0.38750991225242615 -1.0839189138497132
1.5462169647216797 0.3746321201324463 -1.0841133549167605
1.5528358221054077 0.36201217770576477 -1.0842626127216368
1.5596821308135986 0.3487495481967926 -1.0839383858930705
1.5664936304092407 0.3360375761985779 -1.083549261019374
1.5729981660842896 0.3233740031719208 -1.082837437330171
1.5797204971313477 0.3105900287628174 -1.083310453384179
1.58632230758667 0.29805004596710205 -1.0830702226045879
1.5953121185302734 0.2809049189090729 -1.0833480601189969
1.6021170616149902 0.26813411712646484 -1.0833480601189969
1.6088109016418457 0.25532039999961853 -1.0817573191925687
1.615393877029419 0.24264150857925415 -1.0817573191925687
1.6221034526824951 0.22977624833583832 -1.0805072842776482
1.6287591457366943 0.21697387099266052 -1.0808471506198845
1.6356240510940552 0.20400424301624298 -1.0807233593361893
1.642317295074463 0.19136416912078857 -1.0807233593361893
1.6512144804000854 0.17432741820812225 -1.0818630862127459
1.6579551696777344 0.16155977547168732 -1.0812105487390304
1.6645036935806274 0.14909090101718903 -1.0802443036818048
1.6714121103286743 0.13624969124794006 -1.0802443036818048
1.6785255670547485 0.12310925126075745 -1.079157651799826
1.6850073337554932 0.11067239195108414 -1.0785752881921384
1.6916416883468628 0.09811140596866608 -1.0784410735609435
1.6983356475830078 0.08556787669658661 -1.0790975091692332
1.7051137685775757 0.07282500714063644 -1.0798202008811286
1.7140766382217407 0.05607127770781517 -1.0799156045703084
1.7207536697387695 0.04340062290430069 -1.0797005220374107
1.7275547981262207 0.030399847775697708 -1.0786801469780503
1.7342978715896606 0.017590541392564774 -1.0786801469780503
1.7410651445388794 0.005142108537256718 -1.0786801469780503
1.747878074645996 -0.007657485082745552 -1.0793281965803403
1.7544492483139038 -0.019998494535684586 -1.0796851869744453
1.7612825632095337 -0.03297484293580055 -1.0796851869744453
1.7704322338104248 -0.049840349704027176 -1.0789453092265815
1.7770694494247437 -0.06225269287824631 -1.076725928531258
1.7840169668197632 -0.07507412135601044 -1.0762308082174004
1.7910205125808716 -0.08800118416547775 -1.0751449950539531
1.7977287769317627 -0.10045453906059265 -1.0741425414891452
1.8045066595077515 -0.1132325679063797 -1.0747714361538474
1.8111501932144165 -0.12580445408821106 -1.0747342212202649
1.8204169273376465 -0.14229300618171692 -1.076037382357341
1.8271944522857666 -0.15497419238090515 -1.0747739082299153
1.833846092224121 -0.16735237836837769 -1.0747739082299153
1.8408517837524414 -0.180439755320549 -1.073465755050647
1.8479701280593872 -0.19350767135620117 -1.0724112117102564
1.8546172380447388 -0.20571011304855347 -1.072106639022128
1.8615056276321411 -0.21830734610557556 -1.0722733154405748
1.8682568073272705 -0.23068870604038239 -1.0723743396020455
1.8751887083053589 -0.2435164600610733 -1.0730146650798627
1.8842403888702393 -0.26053115725517273 -1.0712454450976765
1.8910404443740845 -0.2728039622306824 -1.0706162499291232
1.8981198072433472 -0.2854257822036743 -1.068653119625155
1.9052664041519165 -0.29832813143730164 -1.0680807016063731
1.912121057510376 -0.3102888762950897 -1.06734818826446
1.9188529253005981 -0.32275569438934326 -1.0667079756502593
1.9256787300109863 -0.3349494934082031 -1.0679600198538997
1.9351035356521606 -0.35183197259902954 -1.0682218422632128
1.9418758153915405 -0.36401623487472534 -1.068326980208733
1.9488800764083862 -0.3763684928417206 -1.0681738243757932
1.9559658765792847 -0.389020711183548 -1.0674316879774273
1.9631811380386353 -0.4016736149787903 -1.067462155877815
1.9701951742172241 -0.4141809344291687 -1.0669725301883513
1.977380394935608 -0.42681652307510376 -1.0674882851198113
1.9842499494552612 -0.43895652890205383 -1.0683072524827366
1.9912058115005493 -0.4516163468360901 -1.0685163458289013
2.0004639625549316 -0.46810004115104675 -1.0695795921067934
2.007493734359741 -0.48072609305381775 -1.0687221298654872
2.0145773887634277 -0.49326950311660767 -1.0687578200123997
2.021594524383545 -0.5057893991470337 -1.067751647679843
2.0285441875457764 -0.518257200717926 -1.0673408104643758
2.0354795455932617 -0.5306819677352905 -1.0689071920910969
2.042508363723755 -0.5433604121208191 -1.0700430505953016
2.049342155456543 -0.555504560470581 -1.0711488855453104
2.0573861598968506 -0.5696587562561035 -1.0715471742416605
2.062195301055908 -0.5781887173652649 -1.0715467450148415
2.0667593479156494 -0.5867103338241577 -1.0716713299603262
['bump_front_center']
2.0704617500305176 -0.5936039686203003 -1.0719706758678138
2.0706732273101807 -0.5939915776252747 -1.0700950675634529
2.0703465938568115 -0.5932721495628357 -1.071947801832706
2.0695438385009766 -0.5915541648864746 -1.073187503907844
2.0666236877441406 -0.5864383578300476 -1.0712727460021574
2.0632829666137695 -0.5804510712623596 -1.071188247403709
2.059687376022339 -0.5739888548851013 -1.0711886158089694
2.0565006732940674 -0.5680762529373169 -1.0718094065905477
2.0532801151275635 -0.5620049238204956 -1.0729587618720857
2.0499091148376465 -0.5557934045791626 -1.073944708509125
2.0467922687530518 -0.5499938130378723 -1.0735757660669838
2.043409824371338 -0.5439610481262207 -1.0730120120588504
2.04013729095459 -0.5380380153656006 -1.0730577668245314
2.035917282104492 -0.5303241610527039 -1.0731969004311435
2.0327367782592773 -0.5243868827819824 -1.0731969004311435
2.0299363136291504 -0.51909339427948 -1.0709590212239486
2.0277504920959473 -0.5150951743125916 -1.0593714906439282
2.026775360107422 -0.512794017791748 -1.0367290029601455
2.026962995529175 -0.5135549902915955 -1.0292424718447366
2.0270214080810547 -0.5138506293296814 -1.0297291084758782
2.026879072189331 -0.5133216977119446 -1.0055521862278158
2.0269527435302734 -0.5132599472999573 -0.9426017344571447
2.026841878890991 -0.5132660269737244 -0.8921006534822119
2.0266733169555664 -0.5135048031806946 -0.8421130078967739
2.026535749435425 -0.5134655833244324 -0.796441578560843
2.0265181064605713 -0.5132520794868469 -0.7480129462208394
2.02638578414917 -0.5135825276374817 -0.7007260595217836
2.0263397693634033 -0.5135427117347717 -0.6530739418269427
2.0263373851776123 -0.5137075185775757 -0.6049105550948213
2.026423692703247 -0.5139631628990173 -0.5427039601206911
2.0263595581054688 -0.5140240788459778 -0.4952549349115496
2.0264477729797363 -0.51416015625 -0.4462614293102641
2.026475429534912 -0.5142529606819153 -0.3996784176155028
2.026374578475952 -0.5143601894378662 -0.35135773960212485
2.026414632797241 -0.5145330429077148 -0.3051654694851209
2.026564359664917 -0.5147361755371094 -0.2582589038385546
2.0264925956726074 -0.5148133039474487 -0.2093116967538416
2.0266027450561523 -0.5151494145393372 -0.1464877287941121
2.0264952182769775 -0.51523756980896 -0.09890641097724433
2.0264036655426025 -0.5153765082359314 -0.04993708179213761
2.026456356048584 -0.51543790102005 -0.0035684662939680896
2.0264954566955566 -0.5155311226844788 0.04320578945364562
2.0265114307403564 -0.5156795382499695 0.09051744468253835
2.026610851287842 -0.5159599781036377 0.13793759595147242
2.0264694690704346 -0.5160746574401855 0.18501038570872277
2.026487350463867 -0.5163615942001343 0.24845768462660606
2.0265865325927734 -0.5164833664894104 0.2966064364814814
2.026594877243042 -0.5166645050048828 0.3427796154083612
2.026641607284546 -0.5167076587677002 0.3890954377351973
2.0269572734832764 -0.5169159173965454 0.43624487997175065
2.026902437210083 -0.5171263813972473 0.4827061870557101
2.0270230770111084 -0.5171990990638733 0.5303509466976055
2.027050018310547 -0.5172890424728394 0.5790273966561861
2.027174234390259 -0.517425000667572 0.625865583957453
2.02738881111145 -0.5176969170570374 0.6892887543724188
2.0274386405944824 -0.5177448391914368 0.7364006779840837
2.0275166034698486 -0.5178676247596741 0.7818782565210303
2.0275087356567383 -0.5181167721748352 0.8290943083540544
2.0277457237243652 -0.5182560086250305 0.8766391382181709
2.0275650024414062 -0.5183127522468567 0.9226986805442272
2.02772855758667 -0.5183418989181519 0.9706002641361134
2.0276503562927246 -0.5184221863746643 1.0165988256311098
2.0277059078216553 -0.5185711979866028 1.0823434723900367
2.0283572673797607 -0.5177741646766663 1.127300816070169
2.0294272899627686 -0.5156471729278564 1.1664933743986456
2.031301975250244 -0.5115549564361572 1.2007007602374762
2.0332794189453125 -0.5060624480247498 1.230486316608941
2.035688877105713 -0.4989995062351227 1.2558975452630912
2.0385420322418213 -0.49058228731155396 1.2774590960454622
2.041555166244507 -0.4805023670196533 1.293164078247239
2.0460124015808105 -0.4645616114139557 1.3059774145694487
2.0495173931121826 -0.45139655470848083 1.3099049957350335
2.0530455112457275 -0.43678924441337585 1.3108634644809016
2.0566248893737793 -0.4225645363330841 1.3108634644809016
2.060030698776245 -0.4086645543575287 1.3109267384231584
2.0637049674987793 -0.3944661021232605 1.3113616292552261
2.067103862762451 -0.38097864389419556 1.3110399038662683
2.0705795288085938 -0.3672468066215515 1.310653902583256
2.0752694606781006 -0.3485615849494934 1.3098315591244325
2.0786726474761963 -0.33484160900115967 1.3098315591244325
2.0824155807495117 -0.3206687867641449 1.3105209097857193
2.0858101844787598 -0.3073570430278778 1.3112658534650816
2.0892529487609863 -0.2932920753955841 1.312753133413735
2.092883586883545 -0.2793227732181549 1.3120641497531735
2.0963029861450195 -0.2658303678035736 1.3117271522548555
2.100050210952759 -0.2517956793308258 1.3123637397258254
2.1048262119293213 -0.23257967829704285 1.311461662711318
2.108318328857422 -0.21895051002502441 1.3126836099668049
2.1119234561920166 -0.2048896998167038 1.3131129563523445
2.1156132221221924 -0.19112873077392578 1.3124363374035393
2.119244337081909 -0.1772010326385498 1.3122268043004692
2.1227927207946777 -0.16330334544181824 1.311321135920229
2.1262447834014893 -0.1495850831270218 1.3113110972761557
2.12994384765625 -0.13556382060050964 1.311305571462172
2.134650945663452 -0.11672040075063705 1.3117724105945499
2.138169527053833 -0.10302329063415527 1.3119336403032027
2.1416027545928955 -0.08901488780975342 1.3123655767202296
2.1451549530029297 -0.07537627220153809 1.312654251597418
2.148540735244751 -0.06115652248263359 1.3133799721057564
2.1520614624023438 -0.047013044357299805 1.31406202770196
2.155489921569824 -0.033416327089071274 1.3146014002162827
2.160162925720215 -0.015118101611733437 1.3146014002162827
2.163670778274536 -0.0005775047466158867 1.3149517269323967
2.1671438217163086 0.013448959216475487 1.316421091848364
2.1706502437591553 0.027324624359607697 1.3170529510129616
2.174095630645752 0.04111921042203903 1.3157272159987135
2.1774308681488037 0.05508450046181679 1.315624336509019
2.1807801723480225 0.06866369396448135 1.315136100473549
2.1842174530029297 0.08225461095571518 1.3146647281974035
2.188633441925049 0.10077036917209625 1.3151885459085852
2.1921510696411133 0.11490971595048904 1.3153264879758826
2.1952335834503174 0.1284274160861969 1.3153280171323172
2.198613166809082 0.14205366373062134 1.3163209170666883
2.2020602226257324 0.15568988025188446 1.3166470892677986
2.2054684162139893 0.16957348585128784 1.3171125702079625
2.2089202404022217 0.1837257444858551 1.3177060977451795
2.2122952938079834 0.19721947610378265 1.3191787852758767
2.21584415435791 0.21107351779937744 1.3194255609640797
2.2205212116241455 0.2300875186920166 1.319249425665049
2.2240569591522217 0.24367199838161469 1.320878793405196
2.227750301361084 0.25793537497520447 1.320031964769142
2.2311904430389404 0.27173733711242676 1.3196181615356035
2.234694719314575 0.28594064712524414 1.3196181615356035
2.2380194664001465 0.2995778024196625 1.3196181615356035
2.241356611251831 0.3128662705421448 1.3199046251963595
2.2458980083465576 0.33127257227897644 1.320798387867838
2.2496602535247803 0.3460000157356262 1.3217053629633078
2.2528059482574463 0.35943153500556946 1.3217053629633078
2.256284713745117 0.37342169880867004 1.3222582018921687
2.259486198425293 0.3871426284313202 1.3226620077010396
2.2628157138824463 0.4009748697280884 1.3222956147447604
2.26617169380188 0.4146991968154907 1.3221807513542054
2.26931095123291 0.42818108201026917 1.3222714798718227
2.273810386657715 0.447199285030365 1.3222595196992597
2.277419090270996 0.4616203308105469 1.3221785603441802
2.2806620597839355 0.4746822118759155 1.3220784761450266
2.284255027770996 0.4884350895881653 1.3220784761450266
2.287597417831421 0.5022250413894653 1.3207723237742726
2.2910261154174805 0.5165797472000122 1.3207723237742726
2.2946579456329346 0.5305088758468628 1.3210188116545105
2.2978920936584473 0.543953537940979 1.3210457841118226
2.30133056640625 0.5577266216278076 1.3216013143840477
2.3060290813446045 0.5768798589706421 1.3212859694469967
2.3094191551208496 0.5903673768043518 1.3219845487834891
2.3128304481506348 0.604268491268158 1.3222811002280999
2.316272020339966 0.6182406544685364 1.3228848783823628
2.3198201656341553 0.632599949836731 1.3227612191330744
2.3232216835021973 0.6461390256881714 1.3227612191330744
2.3266520500183105 0.6597450971603394 1.322899348722405
2.330320358276367 0.6740383505821228 1.3219571410088506
2.3352372646331787 0.6931203603744507 1.3227050179819135
2.3388473987579346 0.7066435217857361 1.32270268513577
2.3423995971679688 0.7207465767860413 1.3212771174403777
2.346156358718872 0.7345281839370728 1.3210866276464754
2.349703550338745 0.7480714917182922 1.321168871029896
2.353362798690796 0.7618530988693237 1.3212058644164175
2.3571438789367676 0.7758972644805908 1.321503570301593
2.3620057106018066 0.7945406436920166 1.3217901721100551
2.3656699657440186 0.8082700967788696 1.3217036765106474
2.369281768798828 0.8221156001091003 1.321516431364276
2.3730647563934326 0.836169958114624 1.3226598093816206
2.3768551349639893 0.8506094217300415 1.3227854600374394
2.3803601264953613 0.8639127612113953 1.322583325763695
2.3841376304626465 0.8777674436569214 1.3230510411450687
2.389127492904663 0.8968644738197327 1.32247048798439
2.392887592315674 0.910526692867279 1.3224468257304207
2.396719455718994 0.9244524240493774 1.3224468257304207
2.400343894958496 0.9385775327682495 1.3227952224157726
2.404250383377075 0.9527230262756348 1.3227952224157726
2.40781831741333 0.9668720364570618 1.3227952224157726
2.4114086627960205 0.9805119037628174 1.3231506779566544
2.4149343967437744 0.9940330982208252 1.3231506779566544
2.4185736179351807 1.0080702304840088 1.3238336953426642
2.423461675643921 1.0272836685180664 1.3257934355710363
2.426910161972046 1.0410858392715454 1.3262202281817863
2.4302945137023926 1.0548591613769531 1.3272253804201417
2.4338643550872803 1.068900465965271 1.3283480958601406
2.437356948852539 1.0831022262573242 1.328621156431262
2.440648317337036 1.0970741510391235 1.3290576240489507
2.443972110748291 1.1110705137252808 1.329618994681088
2.447265863418579 1.124943494796753 1.329618994681088
2.450547456741333 1.1390262842178345 1.3298836219204295
2.454766273498535 1.1577122211456299 1.3304163760846344
2.4580163955688477 1.171480417251587 1.3306442473505162
2.461230754852295 1.1859076023101807 1.3304468874879225
2.4643564224243164 1.1998677253723145 1.3304468874879225
2.467564582824707 1.214066743850708 1.3304468874879225
2.470719337463379 1.227687954902649 1.330877113949421
2.473853588104248 1.2415398359298706 1.3309535559112655
2.4774186611175537 1.2588363885879517 1.3317222508482112
2.47977614402771 1.2695012092590332 1.3350683287587224
2.481858015060425 1.2790429592132568 1.3339210775756594
2.484057903289795 1.2893661260604858 1.3320084045118987
2.4862260818481445 1.2998442649841309 1.3324432157969524
2.4887092113494873 1.3104640245437622 1.3315915513560022
2.4910366535186768 1.3208069801330566 1.3305987302737374
['bump_left']
['bump_front_left']
2.492623805999756 1.3280359506607056 1.3316656168198175
2.4929609298706055 1.3297656774520874 1.334646342358663
2.492358446121216 1.32878839969635 1.3312971246486833
2.4917304515838623 1.3254436254501343 1.3303166543019393
2.4901790618896484 1.3200000524520874 1.3303166543019393
2.4883790016174316 1.3130558729171753 1.3306216899552812
2.4864659309387207 1.305869698524475 1.3308127111730181
2.484698534011841 1.2989873886108398 1.332293054501993
2.4829347133636475 1.2924615144729614 1.33255054897953
2.4808034896850586 1.2840874195098877 1.3354874922093358
2.4796199798583984 1.2795774936676025 1.3487507966529573
2.4789481163024902 1.2765763998031616 1.3729735188924101
2.478438377380371 1.274576187133789 1.4047266538888075
2.4781887531280518 1.2736760377883911 1.445741634320785
2.478355884552002 1.2739499807357788 1.493718882032697
2.4782986640930176 1.2743244171142578 1.542610135401286
2.4783506393432617 1.274415373802185 1.5906313330782809
2.478487253189087 1.274398684501648 1.6535413302478588
2.4786148071289062 1.274338960647583 1.6990827450101533
2.478686809539795 1.274308443069458 1.7451670200020137
2.4788360595703125 1.274421215057373 1.791806457346223
2.4788026809692383 1.2742480039596558 1.8386418281469559
2.4789628982543945 1.2742738723754883 1.8856557548011394
2.4789841175079346 1.2741302251815796 1.9310083831362315
2.4790594577789307 1.2741332054138184 1.9776349595153087
2.4791574478149414 1.2741044759750366 2.0246982069349952
2.4791147708892822 1.2741594314575195 2.088413310645717
2.4790539741516113 1.2743386030197144 2.1352758320978165
2.4790198802948 1.2744954824447632 2.181932691303821
2.478992223739624 1.2742211818695068 2.2303140244383846
2.4789958000183105 1.274437427520752 2.279420842329476
2.4789693355560303 1.274338960647583 2.325592052386371
2.4788942337036133 1.2744522094726562 2.373173658296645
2.4789342880249023 1.2746325731277466 2.436732258179685
2.4790122509002686 1.2746660709381104 2.48339700110556
2.479020118713379 1.274890661239624 2.530486331542685
2.479024648666382 1.27501380443573 2.5776634757156676
2.479065179824829 1.2750811576843262 2.6256472842232923
2.4790945053100586 1.275110125541687 2.6749710991870597
2.479043960571289 1.2753123044967651 2.721629635734031
2.4790923595428467 1.275397777557373 2.7688960955664297
2.478912353515625 1.2756211757659912 2.8334360289346976
2.478947877883911 1.2755674123764038 2.880625727783015
2.478940010070801 1.2757071256637573 2.9282548584064547
2.4789397716522217 1.2757209539413452 2.974623198587483
2.4790403842926025 1.275820016860962 3.0224161202343156
2.4789187908172607 1.2760322093963623 3.069552179916596
2.4788365364074707 1.2761021852493286 3.1166462892915803
2.4787299633026123 1.2762603759765625 -3.1180927744769695
2.4785971641540527 1.2764723300933838 -3.05591869398571
2.478618860244751 1.2767062187194824 -3.009014823707115
2.478654623031616 1.2767300605773926 -2.960277085285919
2.4784460067749023 1.276863694190979 -2.91297842573268
2.478311061859131 1.276941180229187 -2.863681303768143
2.4782252311706543 1.2770267724990845 -2.8162057247609464
2.4776053428649902 1.2769638299942017 -2.768566370877414
2.4754393100738525 1.2760677337646484 -2.7265076615274992
2.4711110591888428 1.2742822170257568 -2.693113312108224
2.4637346267700195 1.2706981897354126 -2.6551385060011414
2.456803798675537 1.2670810222625732 -2.631423215873874
2.4486567974090576 1.2625808715820312 -2.6124825159397633
2.439074993133545 1.2570871114730835 -2.5992150685755058
2.4287962913513184 1.2507413625717163 -2.5907764578928343
2.4167842864990234 1.2436562776565552 -2.5858833834939032
2.403777837753296 1.23556387424469 -2.584497415264659
2.3866147994995117 1.2251856327056885 -2.5829710378564563
2.3745079040527344 1.21736478805542 -2.580948348832775
2.362203359603882 1.2098928689956665 -2.5802617003353543
2.3500232696533203 1.202211618423462 -2.5802617003353543
2.33742356300354 1.194352149963379 -2.578978624707048
2.325408697128296 1.186701774597168 -2.578548653673031
2.313239097595215 1.1791034936904907 -2.57692910907149
2.301093578338623 1.171363353729248 -2.5752108043286923
2.2849862575531006 1.1607869863510132 -2.5739088277587046
2.2729849815368652 1.153090238571167 -2.5723669765642936
2.261124610900879 1.1453248262405396 -2.571881792271765
2.248932361602783 1.1373132467269897 -2.5714984458244174
2.2364108562469482 1.129393219947815 -2.5704043015617994
2.225259304046631 1.1219761371612549 -2.5704043015617994
2.2131683826446533 1.113921880722046 -2.569181930714699
2.201277494430542 1.106203556060791 -2.568610239017014
2.1852545738220215 1.09543776512146 -2.5666442096284148
2.1734232902526855 1.0875736474990845 -2.5654387913124173
2.161726951599121 1.0797457695007324 -2.5641248569315933
2.1498913764953613 1.071777582168579 -2.5634911455118354
2.138000011444092 1.063810110092163 -2.5614724267977063
2.1263904571533203 1.056196928024292 -2.5603432513850652
2.114450454711914 1.047852635383606 -2.5594830066580876
2.1027956008911133 1.0400450229644775 -2.55765388463891
2.087101459503174 1.0294387340545654 -2.556818706916904
2.0756523609161377 1.0213050842285156 -2.5570595187975584
2.063966989517212 1.0133942365646362 -2.556518571771703
2.0521106719970703 1.0051696300506592 -2.55671021170532
2.03997540473938 0.9969828128814697 -2.55671021170532
2.0283384323120117 0.9892376661300659 -2.557068556181916
2.0166478157043457 0.9814038276672363 -2.5574891362685697
2.0049145221710205 0.9733157157897949 -2.557297967857137
1.9889554977416992 0.9625614881515503 -2.557297967857137
1.9769315719604492 0.9542748928070068 -2.5557772976865283
1.9650349617004395 0.9461661577224731 -2.5557772976865283
1.953316330909729 0.9381706714630127 -2.5557772976865283
1.9411652088165283 0.9300051331520081 -2.5557772976865283
1.9296611547470093 0.922298014163971 -2.556386467143698
1.9179407358169556 0.9141605496406555 -2.5556247486638393
1.906030535697937 0.9062499403953552 -2.5543343667834604
1.8900017738342285 0.8951922655105591 -2.5543343667834604
1.8781073093414307 0.8872493505477905 -2.5531056254434503
1.86640465259552 0.8794528245925903 -2.5532119606772925
1.854232907295227 0.8712732195854187 -2.553651789583327
1.8419303894042969 0.8630347847938538 -2.554326029687148
1.8300787210464478 0.8551160097122192 -2.554649275267867
1.8180509805679321 0.8470913767814636 -2.55444125882541
1.8061487674713135 0.8392359018325806 -2.553745008260056
1.7899961471557617 0.8284361362457275 -2.5532510079498696
1.7778316736221313 0.820511519908905 -2.5521678825746656
1.7658658027648926 0.8124350309371948 -2.551974782505569
1.7535350322723389 0.8041715025901794 -2.5518510044443485
1.741654634475708 0.7961519360542297 -2.5530123849276105
1.7297433614730835 0.7881312370300293 -2.553015474032679
1.717812180519104 0.7800342440605164 -2.5536208055321716
1.7062958478927612 0.7720208168029785 -2.55417007314819
1.6897388696670532 0.760823667049408 -2.5536992481902896
1.6778011322021484 0.7528084516525269 -2.55251695622216
1.6657640933990479 0.7447779178619385 -2.552188632291144
1.6538041830062866 0.7367182970046997 -2.5532579460907683
1.6413592100143433 0.7282009124755859 -2.5532579460907683
1.6296956539154053 0.720440685749054 -2.5535218789238816
1.6175494194030762 0.7122402787208557 -2.5531070102079836
1.605646014213562 0.7042571306228638 -2.552124471982156
1.589576244354248 0.6931836605072021 -2.55139043084818
1.5774757862091064 0.6850511431694031 -2.5508232446122223
1.565434455871582 0.6771000027656555 -2.5508951687310186
1.553320288658142 0.6689469814300537 -2.5508951687310186
1.5411757230758667 0.660698413848877 -2.5508951687310186
1.529213786125183 0.652579128742218 -2.55237677650965
1.517110824584961 0.6444113850593567 -2.55237677650965
1.5050570964813232 0.6363648176193237 -2.55237677650965
1.4888129234313965 0.6256123185157776 -2.5514466651024095
1.4765828847885132 0.6173561811447144 -2.5512793433254335
1.4644676446914673 0.609149158000946 -2.5513720226936716
1.4521461725234985 0.6009271740913391 -2.550789551228058
1.4399396181106567 0.5928173661231995 -2.550789551228058
1.4279303550720215 0.5847732424736023 -2.551128905179776
1.415907382965088 0.5765926241874695 -2.5514636182316233
1.4039053916931152 0.5685898065567017 -2.5509538522145947
1.3878990411758423 0.5574559569358826 -2.5495801432159557
1.3757396936416626 0.5492333173751831 -2.5484178133406266
1.363890290260315 0.5412256717681885 -2.5484178133406266
1.351846694946289 0.5330429077148438 -2.5489112872812916
1.339678168296814 0.5249518156051636 -2.550148039313185
1.327584147453308 0.5169550776481628 -2.550714503531856
1.3153536319732666 0.5086319446563721 -2.5508003006494153
1.3031671047210693 0.5005159378051758 -2.5497467049302003
1.2870432138442993 0.48961761593818665 -2.5501989757048413
1.2750142812728882 0.4812684953212738 -2.550508697687389
1.262603998184204 0.47301703691482544 -2.550540932571199
1.2505121231079102 0.4646725058555603 -2.551951815134879
1.2383408546447754 0.45667019486427307 -2.551951815134879
1.2260921001434326 0.44846510887145996 -2.551951815134879
1.2141683101654053 0.44050538539886475 -2.5524994532723078
1.2021396160125732 0.4324006140232086 -2.5523353031913416
1.1860392093658447 0.42155975103378296 -2.5523125764458823
1.1739416122436523 0.41358432173728943 -2.551774987014487
1.1617788076400757 0.40558961033821106 -2.5520358368763816
1.1494755744934082 0.3974088728427887 -2.552035836881107
1.1376299858093262 0.38957053422927856 -2.5537118555057856
1.125580906867981 0.38151904940605164 -2.5544383292673207
1.1135358810424805 0.3734700083732605 -2.5538933175188223
1.1010500192642212 0.3649958074092865 -2.5537919309057275
1.0846576690673828 0.35410237312316895 -2.5527093735185606
1.0726875066757202 0.3461303114891052 -2.551512712372402
1.0603612661361694 0.3380945324897766 -2.5509763439844484
1.048054814338684 0.32973775267601013 -2.5515289356112825
1.0359817743301392 0.3217560350894928 -2.5517926075804636
1.0238326787948608 0.3135761320590973 -2.551737527211611
1.0118328332901 0.3054431080818176 -2.551539897804763
0.99961918592453 0.29727059602737427 -2.5503012786898793
0.9835523366928101 0.28642818331718445 -2.548684346156536
0.9716336131095886 0.27833524346351624 -2.5486102108643722
0.9591606259346008 0.2700446844100952 -2.5486102108643722
0.9467417597770691 0.2615286707878113 -2.5486476301261605
0.9347801208496094 0.25355449318885803 -2.5488664937630285
0.9226056337356567 0.24543297290802002 -2.5488664937630285
0.9106720685958862 0.23743942379951477 -2.5480177948599714
0.8984416723251343 0.22916279733181 -2.5463931681740384
0.8821643590927124 0.21804708242416382 -2.5448093371476666
0.8701047301292419 0.20990902185440063 -2.5428282609095465
0.8578389286994934 0.2015688270330429 -2.542125011348674
0.8457018733024597 0.1932665854692459 -2.542339115589194
0.833886444568634 0.1853797286748886 -2.5417425695877447
0.8218396306037903 0.17724698781967163 -2.5417425695877447
0.8099730014801025 0.1691380888223648 -2.5410101144230466
0.7979140281677246 0.160923033952713 -2.5395960629439687
0.7818633317947388 0.14983512461185455 -2.5390045385127924
0.7702878713607788 0.1419432908296585 -2.5375912519811124
0.7582420706748962 0.13358773291110992 -2.536890741399458
0.7455479502677917 0.12468869239091873 -2.5362968992728643
0.7339372634887695 0.11697704344987869 -2.536201001004984
0.7218527793884277 0.10851749777793884 -2.536201001004984
0.7096457481384277 0.10027220845222473 -2.535334543076595
0.6977065801620483 0.09186762571334839 -2.5353243579908
0.6817004680633545 0.0809226706624031 -2.5339209944428647
0.6699036359786987 0.07288448512554169 -2.5338111172203193
0.6576337814331055 0.06437043845653534 -2.5336873436943486
0.6456407308578491 0.056259993463754654 -2.533217466268624
0.6337704062461853 0.048091914504766464 -2.533520218019067
0.6220147013664246 0.03998562693595886 -2.533442987610336
0.6101472973823547 0.03176656365394592 -2.5332894492739877
0.5982476472854614 0.023314161226153374 -2.5324849783949763
0.5822750329971313 0.012267244048416615 -2.532027471774828
0.5704212784767151 0.004130235873162746 -2.5320000244073984
0.5584074854850769 -0.004053290002048016 -2.5317824250901846
0.546609103679657 -0.012223934754729271 -2.5325328860055447
0.5347175002098083 -0.020498044788837433 -2.533082487649667
0.5228057503700256 -0.02880709245800972 -2.53354830641788
0.5107384324073792 -0.03724022954702377 -2.53354830641788
0.4987747371196747 -0.04562544822692871 -2.5330825039903693
0.4829235076904297 -0.05659550055861473 -2.5330054382438463
0.47106000781059265 -0.06491794437170029 -2.532391060838889
0.4590360224246979 -0.07314042001962662 -2.532391060838889
0.44721361994743347 -0.08149568736553192 -2.532781845557443
0.4351431131362915 -0.089725062251091 -2.5330007344193866
0.4232495427131653 -0.09794973582029343 -2.5347184640774723
0.4112932085990906 -0.10611574351787567 -2.5351476643070385
0.39924854040145874 -0.1141042411327362 -2.5351476643070385
0.38331568241119385 -0.12510612607002258 -2.5358397944578175
0.37113288044929504 -0.13336621224880219 -2.535695591390705
0.35894936323165894 -0.14181429147720337 -2.5355329532957
0.3469837009906769 -0.15006858110427856 -2.5354838475089703
0.335140585899353 -0.15822993218898773 -2.5358344587563724
0.323362797498703 -0.16647684574127197 -2.5354862336766066
0.311349093914032 -0.17473523318767548 -2.5349492362044668
0.29932737350463867 -0.18286903202533722 -2.5331798183582213
0.28310689330101013 -0.19391021132469177 -2.5306060179945926
0.2714201509952545 -0.2022387981414795 -2.5298550559750272
0.2596021294593811 -0.2104444056749344 -2.529566524240586
0.24780955910682678 -0.2187310755252838 -2.530992057537099
0.23607873916625977 -0.226893812417984 -2.5318484023431944
0.22405612468719482 -0.23527643084526062 -2.532889643364177
0.21221096813678741 -0.24341298639774323 -2.533664961208874
0.20027509331703186 -0.25182169675827026 -2.533664961208874
0.18831144273281097 -0.2600046992301941 -2.5329613403452744
0.17305253446102142 -0.2705792486667633 -2.5332457586284605
0.1623838096857071 -0.2779734432697296 -2.5328514936381032
0.1534298062324524 -0.28420257568359375 -2.532034359443746
0.14545787870883942 -0.28963637351989746 -2.532406549178828
0.1370786428451538 -0.29546624422073364 -2.533002427835683
0.12803292274475098 -0.30177757143974304 -2.534448880322528
0.11916135996580124 -0.30811139941215515 -2.534156769098017
0.10781214386224747 -0.3160972595214844 -2.5336866191449086
0.09883905202150345 -0.32222723960876465 -2.533870959270937
0.08957543224096298 -0.32849621772766113 -2.533870959270937
0.08076855540275574 -0.3345898985862732 -2.533870959270937
0.07182130962610245 -0.3407061994075775 -2.5339200459509974
['bump_front_center']
0.06391564011573792 -0.34666576981544495 -2.536363128642906
0.06429117172956467 -0.3480571210384369 -2.545961322547002
0.06518303602933884 -0.3465740978717804 -2.5408506755561726
0.06674988567829132 -0.34500154852867126 -2.537420481330392
0.07110078632831573 -0.34185391664505005 -2.539985920170209
0.07681421935558319 -0.3379232883453369 -2.539985920170209
0.08263002336025238 -0.3338613510131836 -2.5397393231340755
0.08844216912984848 -0.32983314990997314 -2.5399420165356488
0.09373003989458084 -0.32605111598968506 -2.5399420165356488
0.09922949969768524 -0.3222016990184784 -2.5399420165356488
0.1048402413725853 -0.3182835280895233 -2.5399420165356488
0.11024242639541626 -0.31450504064559937 -2.5399420165356488
0.11785928905010223 -0.3090903162956238 -2.5407225824884505
0.12359379976987839 -0.3052578270435333 -2.541805749530943
0.1291339099407196 -0.3015509843826294 -2.541678413099714
0.13443498313426971 -0.2978084087371826 -2.542615112768136
0.1377161294221878 -0.2955479621887207 -2.542862194013601
0.13782480359077454 -0.29554077982902527 -2.5421607834949516
0.13733471930027008 -0.2958599925041199 -2.523778922573183
0.1376228779554367 -0.29577916860580444 -2.4820735193872125
0.13768616318702698 -0.29574838280677795 -2.4120433342800855
0.1372825652360916 -0.29561054706573486 -2.3634374019149362
0.13729903101921082 -0.2955379784107208 -2.318603065283602
0.13717763125896454 -0.295348197221756 -2.2718482943877047
0.1370285004377365 -0.295223593711853 -2.2224231663734026
0.13695305585861206 -0.29516541957855225 -2.1745887225362592
0.13688254356384277 -0.29502344131469727 -2.1281285543765383
0.1367741823196411 -0.2949753701686859 -2.0839591468331697
0.13663406670093536 -0.29493245482444763 -2.01740408320537
0.13641315698623657 -0.2948406934738159 -1.9705919202291902
0.13622771203517914 -0.29480108618736267 -1.9228370431677575
0.13610786199569702 -0.29478389024734497 -1.8759273440728697
0.1360585242509842 -0.29460465908050537 -1.8292444338662637
0.13596048951148987 -0.29463306069374084 -1.782333719617787
0.13578251004219055 -0.2946275472640991 -1.7368017025121532
0.13583029806613922 -0.2945525050163269 -1.6890059668053832
0.13547541201114655 -0.29464367032051086 -1.6255037713784386
0.1354399472475052 -0.29447031021118164 -1.5802818179922502
0.1352396011352539 -0.2944906949996948 -1.5329543870135034
0.13501408696174622 -0.2943965792655945 -1.4865526916605538
0.13490429520606995 -0.29423776268959045 -1.4396436576344331
0.13467174768447876 -0.2944870889186859 -1.392302205696935
0.1346084475517273 -0.29443031549453735 -1.3456004989532016
0.13438193500041962 -0.2944905459880829 -1.297970158638059
0.13403762876987457 -0.29456251859664917 -1.2335727863988495
0.13393926620483398 -0.29449009895324707 -1.186322274971522
0.13378706574440002 -0.2946473956108093 -1.1383014087303795
0.13362284004688263 -0.29498714208602905 -1.0914418342341659
0.1335279643535614 -0.29490506649017334 -1.0436411067453493
0.13337406516075134 -0.294944703578949 -0.993595395544432
0.13316743075847626 -0.2951394319534302 -0.948407691411387
0.13300734758377075 -0.2951144874095917 -0.901304723872315
0.13276052474975586 -0.29541638493537903 -0.8363793445463762
0.13260987401008606 -0.29549723863601685 -0.7908760722979384
0.13247641921043396 -0.29564568400382996 -0.7442610235375744
0.13241443037986755 -0.2957459092140198 -0.6972680873341336
0.13217228651046753 -0.2957881689071655 -0.6500601919693741
0.13199684023857117 -0.2958718538284302 -0.6010253274545552
0.13182926177978516 -0.2959251403808594 -0.5538911555049283
0.13163813948631287 -0.29596975445747375 -0.5062843321532685
0.131471186876297 -0.29616913199424744 -0.4426237369822323
0.13212448358535767 -0.2966305613517761 -0.39860027934459197
0.1342564970254898 -0.2975846529006958 -0.3571711362327899
0.13845475018024445 -0.29928058385849 -0.32396244082967374
0.14429597556591034 -0.30106469988822937 -0.2956247561532459
0.1515417844057083 -0.3032801151275635 -0.2697319267437294
0.15988968312740326 -0.30575230717658997 -0.2501300884062488
0.1699090451002121 -0.30822792649269104 -0.23584416062873023
0.18591353297233582 -0.3119138181209564 -0.2227481519497754
0.19895952939987183 -0.31487029790878296 -0.21831628351408197
0.21321381628513336 -0.3179548382759094 -0.21803476754449003
0.22749632596969604 -0.32097327709198 -0.21781217109682474
0.24147340655326843 -0.3238633871078491 -0.2161807997204743
0.2558637857437134 -0.3271014094352722 -0.214802026026224
0.26969608664512634 -0.32997432351112366 -0.214802026026224
0.2838725745677948 -0.33306241035461426 -0.21219096128563644
0.3027838468551636 -0.3370971083641052 -0.21196466094475244
0.3162207007408142 -0.339980810880661 -0.2111968779026482
0.33018115162849426 -0.3430267572402954 -0.2111255508769537
0.34400784969329834 -0.3461008369922638 -0.2111255508769537
0.3580171763896942 -0.34901484847068787 -0.2111255508769537
0.372302770614624 -0.35215452313423157 -0.2126714063937603
0.3859613537788391 -0.354898065328598 -0.2136901760764269
0.40467339754104614 -0.3592293858528137 -0.21347219068887321
0.41876915097236633 -0.3621089458465576 -0.2136066880902096
0.43238046765327454 -0.3650205433368683 -0.21312479851123017
0.44662991166114807 -0.3681231439113617 -0.212764125627095
0.46066826581954956 -0.3710283637046814 -0.21316276118931132
0.4748826026916504 -0.37404578924179077 -0.21231925091590415
0.4891689717769623 -0.3769982159137726 -0.21149473763198
0.502771258354187 -0.3799782991409302 -0.21146158896349138
0.5172959566116333 -0.3830236494541168 -0.21135763979045627
0.5363690853118896 -0.387119859457016 -0.21127041690265638
0.5500556230545044 -0.38986510038375854 -0.21135985325602802
0.5643811821937561 -0.3927411437034607 -0.21144787863151374
0.5777589082717896 -0.39561882615089417 -0.21139982390991185
0.5920813679695129 -0.39871716499328613 -0.21139969054706298
0.6064320206642151 -0.40182051062583923 -0.21190031730987238
0.619928777217865 -0.4046575427055359 -0.21161782682206162
0.6341269612312317 -0.407613068819046 -0.21086736386707816
0.653231680393219 -0.41163864731788635 -0.21128612696464055
0.6662571430206299 -0.41442635655403137 -0.2101728106390436
0.6804076433181763 -0.4174075722694397 -0.20957493631505336
0.6939984560012817 -0.42042431235313416 -0.21009179032067654
0.7084828615188599 -0.4232840836048126 -0.21002893937456843
0.7231305241584778 -0.4266243875026703 -0.20880573227868288
0.7365782260894775 -0.42935824394226074 -0.20873510749313973
0.7507365942001343 -0.4322442412376404 -0.2087350630264996
0.7695380449295044 -0.4362312853336334 -0.2087350630264996
0.7831606268882751 -0.4391733407974243 -0.20976237505906078
0.7975308299064636 -0.44223564863204956 -0.20976237505906078
0.8116328120231628 -0.4452590048313141 -0.20976237505906078
0.8252560496330261 -0.44810718297958374 -0.21013455256212119
0.8390218019485474 -0.45110416412353516 -0.21127053355908448
0.8581488132476807 -0.4549269676208496 -0.21125504940932027
0.8673923015594482 -0.4569214880466461 -0.21002583365191785
0.8862815499305725 -0.4609455168247223 -0.20985226641703744
0.90013188123703 -0.4637812376022339 -0.20985226641703744
0.914015531539917 -0.46685028076171875 -0.20883595966422408
0.9286534190177917 -0.46989721059799194 -0.20979943934213877
0.9423595666885376 -0.4727042317390442 -0.2095162232562456
0.9564106464385986 -0.4756016135215759 -0.20942543050301743
0.9705930948257446 -0.47868573665618896 -0.20942543050301743
0.9848955273628235 -0.4816688299179077 -0.20943139376721912
1.0036308765411377 -0.4857027530670166 -0.20937933487377589
1.0171955823898315 -0.48853033781051636 -0.21000566600801232
1.0311074256896973 -0.49150335788726807 -0.21019048122429262
1.0457332134246826 -0.4945148527622223 -0.21041100474623786
1.059241533279419 -0.4974130690097809 -0.21046491389814323
1.073495864868164 -0.5004696846008301 -0.20883442830118534
1.0873407125473022 -0.5035905241966248 -0.20805644640006077
1.1015651226043701 -0.5065183043479919 -0.2076687755944203
1.1204508543014526 -0.5105598568916321 -0.2071640798597073
1.1342360973358154 -0.5133997797966003 -0.2061356461027319
1.148476481437683 -0.5164176225662231 -0.2053803795519839
1.1628175973892212 -0.5194302201271057 -0.2053752807068773
1.1767003536224365 -0.5223443508148193 -0.20461290512441102
1.1907345056533813 -0.5252496600151062 -0.20461294959674628
1.2048144340515137 -0.5282712578773499 -0.2045499873068139
1.2188396453857422 -0.5310420393943787 -0.2043375832389335
1.2377201318740845 -0.5348865985870361 -0.20421724713212205
1.2517057657241821 -0.5378097295761108 -0.2045135886622304
1.2654645442962646 -0.5407405495643616 -0.20446282613359942
1.2799593210220337 -0.543782114982605 -0.20451283875177653
1.2940617799758911 -0.5466827154159546 -0.2046787692275048
1.307856798171997 -0.549704909324646 -0.20412707245567743
1.321732997894287 -0.552635908126831 -0.2032931247799601
1.3359626531600952 -0.5554860830307007 -0.20278845804618983
1.3545604944229126 -0.5592610239982605 -0.20267112590733202
1.3685972690582275 -0.5621367692947388 -0.20247053254104133
1.3826682567596436 -0.5649863481521606 -0.20216227266912537
1.397404432296753 -0.5678861141204834 -0.20207384534163522
1.411571979522705 -0.5708202719688416 -0.20153384477715558
1.425471544265747 -0.5736047029495239 -0.20122198735838023
1.4446191787719727 -0.5775769352912903 -0.20178989122803612
1.4584680795669556 -0.5803885459899902 -0.20189812638476548
1.4724252223968506 -0.5833325386047363 -0.20189812638476548
1.4863873720169067 -0.5861873030662537 -0.2019029070473848
1.5004686117172241 -0.5890254378318787 -0.20113578371472418
1.514581561088562 -0.5917856097221375 -0.20088172242351668
1.528626799583435 -0.5945808291435242 -0.2001516619754275
1.5423625707626343 -0.5973420739173889 -0.19918226102138678
1.556549072265625 -0.6001114845275879 -0.19780779483803101
1.5707745552062988 -0.6029350161552429 -0.19671076776930052
1.5894780158996582 -0.6066661477088928 -0.1964368141915955
1.6034212112426758 -0.6094727516174316 -0.1961900805496754
1.6173518896102905 -0.6122077107429504 -0.19720101988763872
1.631697654724121 -0.6151623725891113 -0.1979095735912437
1.6456749439239502 -0.6178143620491028 -0.19804572069403065
1.6596858501434326 -0.6204038262367249 -0.19766977385536003
1.673832893371582 -0.623441219329834 -0.19766972936862467
1.6879037618637085 -0.6261501312255859 -0.19766972936682556
1.7063342332839966 -0.6299843192100525 -0.19740162702555053
1.7198853492736816 -0.6327500939369202 -0.1969334422964974
1.7341688871383667 -0.635780930519104 -0.19618084204521608
1.7484885454177856 -0.6385456919670105 -0.19601868816871737
1.7626837491989136 -0.6413009762763977 -0.19614527293991557
1.7765021324157715 -0.643979012966156 -0.19570809621837731
1.7906769514083862 -0.6469040513038635 -0.19525707746509083
1.8095362186431885 -0.6506685018539429 -0.19536771920083304
1.8236643075942993 -0.653588593006134 -0.1952434990081808
1.8376704454421997 -0.6565057039260864 -0.1952434990081808
1.8512364625930786 -0.6592006683349609 -0.19655875874966933
1.8655391931533813 -0.6619630455970764 -0.19708250533783667
1.879703402519226 -0.6648420691490173 -0.19708246085038894
1.8935415744781494 -0.6676397323608398 -0.19785325021916475
1.9068371057510376 -0.6702848076820374 -0.19812387364703188
1.9217069149017334 -0.673467755317688 -0.1963817685337083
1.9307938814163208 -0.6752548813819885 -0.19785065933013501
['bump_right']
1.9408255815505981 -0.6771509647369385 -0.19923604900182984
1.9468727111816406 -0.6779904365539551 -0.21077335909742212
1.9460583925247192 -0.6775653958320618 -0.2162611681711968
1.944214940071106 -0.6774389743804932 -0.21021725941623448
1.939648985862732 -0.6771059632301331 -0.20704724260577248
1.9346332550048828 -0.6760022640228271 -0.20965252769000878
1.9277845621109009 -0.6746211647987366 -0.21053583717714267
1.918073058128357 -0.6725416779518127 -0.2124185387947561
1.911415934562683 -0.6711909174919128 -0.21241858324432553
1.9047731161117554 -0.6698071360588074 -0.21256308069976565
1.8980103731155396 -0.668342649936676 -0.21285639723504268
1.8911292552947998 -0.6668340563774109 -0.21295796023574248
1.88531494140625 -0.6656381487846375 -0.21266807871465868
1.8807425498962402 -0.6646751165390015 -0.2122616280853153
1.877637267112732 -0.66395103931427 -0.19952408566638538
1.8751624822616577 -0.6632908582687378 -0.16414873797202906
1.873945951461792 -0.6631676554679871 -0.1271033551230757
1.8736979961395264 -0.6632384657859802 -0.08160933182409974
1.8739445209503174 -0.6632809638977051 -0.030251756848610766
1.874268651008606 -0.6635252833366394 0.018216483356205078
1.8742451667785645 -0.6635808348655701 0.06604678365685504
1.8742551803588867 -0.6637003421783447 0.11294806417712888
1.874263048171997 -0.6637593507766724 0.1587880641456476
1.8740406036376953 -0.6639125347137451 0.22224637855468032
1.8741295337677002 -0.6640589833259583 0.27021214847851266
1.8742034435272217 -0.6641578674316406 0.31775779325157066
1.8741601705551147 -0.6643527746200562 0.36445203258306486
1.8740686178207397 -0.6645054221153259 0.41072173817592084
1.874027132987976 -0.6646190881729126 0.45805669236983415
1.8739861249923706 -0.6648191213607788 0.5042402649714242
1.8740276098251343 -0.6649983525276184 0.5507141138420637
1.8741557598114014 -0.6652131676673889 0.6139657229598238
1.8740569353103638 -0.6653105616569519 0.6615323402557555
1.8741017580032349 -0.6654390096664429 0.7081115767495866
1.874121069908142 -0.6656577587127686 0.7554471255166813
1.8741250038146973 -0.6657929420471191 0.8017410199101195
1.874268889427185 -0.6658644676208496 0.8492974733033537
1.874419093132019 -0.6659252643585205 0.8966577920749591
1.8744289875030518 -0.6659425497055054 0.9596818722748341
1.874636173248291 -0.666114866733551 1.0057003985849249
1.874776005744934 -0.6663193106651306 1.0520528765129857
1.874786138534546 -0.666424036026001 1.0980523033944072
1.8748588562011719 -0.6665003895759583 1.1456160769662385
1.8748397827148438 -0.6666049361228943 1.1917691322927164
1.8750566244125366 -0.6665179133415222 1.2396109626223575
1.8750983476638794 -0.6664248108863831 1.2883456427059388
1.8751356601715088 -0.6665698885917664 1.3511627946077462
1.8752529621124268 -0.6666443943977356 1.3970945755278985
1.875463604927063 -0.6667176485061646 1.4431097193182898
1.8753153085708618 -0.6668790578842163 1.4908621635155954
1.8754831552505493 -0.6668497323989868 1.5394108676758274
1.8756365776062012 -0.6669000387191772 1.584506776283519
1.8756853342056274 -0.6669668555259705 1.6310789874485077
1.8758561611175537 -0.6670494675636292 1.6780056696023888
1.876094937324524 -0.6670203804969788 1.7403690119772173
1.876225471496582 -0.667150616645813 1.7889339050094915
1.8764008283615112 -0.6669811010360718 1.8367756507757231
1.8765367269515991 -0.6669787168502808 1.8830081332413746
1.8763048648834229 -0.6662736535072327 1.9298177934622587
1.87552809715271 -0.663987398147583 1.9707275378306124
1.8737423419952393 -0.6597346663475037 2.005163200576448
1.871141791343689 -0.6542563438415527 2.0348513488005153
1.8679124116897583 -0.6475216150283813 2.059983747399301
1.8621978759765625 -0.6370523571968079 2.084274029761502
1.8567132949829102 -0.6274527311325073 2.0981040091304246
1.850529670715332 -0.6169103384017944 2.1079631386430537
1.8433274030685425 -0.6051491498947144 2.1111624441171424
1.8357950448989868 -0.5928847193717957 2.1108575231885487
1.8279123306274414 -0.5803788304328918 2.1117739523981576
1.8202272653579712 -0.5680806040763855 2.1132874729375093
1.8124403953552246 -0.5557172894477844 2.1150326397186143
1.8023234605789185 -0.539488673210144 2.1168536709885575
1.7947134971618652 -0.5272039175033569 2.1172451274688613
1.7873361110687256 -0.5151547193527222 2.1173519284648634
1.7797691822052002 -0.5025697946548462 2.1159057392723044
1.7719967365264893 -0.4904651641845703 2.1159057392723044
1.764479160308838 -0.4781380593776703 2.116606718520065
1.7570031881332397 -0.46595337986946106 2.1176466682444635
1.746678352355957 -0.44945067167282104 2.118399162211997
1.7393606901168823 -0.4372987747192383 2.11938148495579
1.7316080331802368 -0.4249265491962433 2.1194048005051207
1.7238937616348267 -0.41265949606895447 2.1196868829117865
1.7160781621932983 -0.3999948799610138 2.120655088532115
1.708633303642273 -0.38810911774635315 2.121109051601988
1.7010295391082764 -0.3760126233100891 2.1217127227107895
1.6932610273361206 -0.3641490340232849 2.123470582704904
1.6828142404556274 -0.3476572632789612 2.12464377967119
1.674999713897705 -0.33549535274505615 2.1255998775272795
1.6673883199691772 -0.3233976364135742 2.1262526991610824
1.659783959388733 -0.31126728653907776 2.1258602559583477
1.6518425941467285 -0.2989009916782379 2.12548397360778
1.6441473960876465 -0.28696316480636597 2.124968012869372
1.6362195014953613 -0.2747041583061218 2.125721202565697
1.628408670425415 -0.26250046491622925 2.1271901084498355
1.6177809238433838 -0.24637635052204132 2.128160241905623
1.610083818435669 -0.23425953090190887 2.1296830248208702
1.602263331413269 -0.22217844426631927 2.129735914974476
1.5941596031188965 -0.2100619077682495 2.129735914974476
1.5861231088638306 -0.19769816100597382 2.130313862998946
1.5784298181533813 -0.18596169352531433 2.1304087545617283
1.5706877708435059 -0.17404267191886902 2.132049545577458
1.5629664659500122 -0.16209127008914948 2.1326652195180062
1.5549668073654175 -0.15007667243480682 2.1338443543050207
1.54447603225708 -0.1339527815580368 2.1349578596859566
1.536602258682251 -0.12174095213413239 2.1355672219270043
1.5287173986434937 -0.10964316129684448 2.134871881751832
1.5209473371505737 -0.09782283008098602 2.134499541757536
1.5130211114883423 -0.08576823770999908 2.1354613575485852
1.5053154230117798 -0.07368913292884827 2.1359064603934153
1.4972606897354126 -0.061561670154333115 2.1370091139859486
1.489379644393921 -0.04927974194288254 2.139438626379259
1.4787497520446777 -0.033283911645412445 2.141644220308657
1.470993161201477 -0.021225128322839737 2.1423234358052428
1.4628863334655762 -0.009164102375507355 2.1419025095069
1.455136775970459 0.0026732059195637703 2.1420245394569397
1.4471335411071777 0.014608470723032951 2.141221023164252
1.439247488975525 0.026701614260673523 2.1409516041212346
1.4311981201171875 0.03866191208362579 2.1409516041212346
1.4208112955093384 0.05449894070625305 2.1414981206284733
1.412819743156433 0.0665980651974678 2.1424826878570173
1.4050219058990479 0.07853716611862183 2.1422515204928665
1.3969656229019165 0.09061587601900101 2.1420256842042433
1.3890260457992554 0.10273514688014984 2.1423752683457744
1.3809775114059448 0.11469152569770813 2.142571452535539
1.3732104301452637 0.12649106979370117 2.1436414270257456
1.3651416301727295 0.13840694725513458 2.1440544081554225
1.3571754693984985 0.15046197175979614 2.1456277115265787
1.34618079662323 0.16658326983451843 2.147927188720714
1.3380194902420044 0.178511381149292 2.1487255616604033
1.3299000263214111 0.19022539258003235 2.149895689035795
1.3219774961471558 0.20212893187999725 2.149895689035795
1.3139089345932007 0.21405640244483948 2.149204719180696
1.3059622049331665 0.22579321265220642 2.1490540949389265
1.2976627349853516 0.23794478178024292 2.1492662643066227
1.2895698547363281 0.2501613199710846 2.1506314594089484
1.2789064645767212 0.2657915949821472 2.1508665033312155
1.2708039283752441 0.27794814109802246 2.1509779909726308
1.2624982595443726 0.2900577783584595 2.1505746891249076
1.2543692588806152 0.30171987414360046 2.150816411391237
1.2463109493255615 0.3135890066623688 2.152250818954898
1.2381290197372437 0.3252546489238739 2.1516847765859186
1.229880690574646 0.3371225595474243 2.1529669247457246
1.2213953733444214 0.34926271438598633 2.153621956434038
1.2106417417526245 0.36471647024154663 2.1545482212482447
1.2022134065628052 0.3768056333065033 2.1545482212482447
1.1938565969467163 0.38875696063041687 2.1541443236467877
1.1857415437698364 0.4004497528076172 2.1544747340977897
1.1776378154754639 0.41221851110458374 2.15378237964711
1.1695454120635986 0.42382168769836426 2.1533131617965986
1.161389946937561 0.4357718229293823 2.1542833471411065
1.152821660041809 0.4483298659324646 2.154800925217145
1.1421147584915161 0.4637870490550995 2.156641039815543
1.133760929107666 0.47576940059661865 2.156641039815543
1.1253185272216797 0.4881557822227478 2.156641039815543
1.1172794103622437 0.4997093975543976 2.156641039815543
1.1090885400772095 0.5116347670555115 2.156641039815543
1.1011146306991577 0.5234684348106384 2.158213614656882
1.0928878784179688 0.5353366136550903 2.1587410053591243
1.084573745727539 0.5474145412445068 2.1606022922500743
1.07405424118042 0.5628434419631958 2.1606022922500743
1.065929651260376 0.5749103426933289 2.1603088323336364
1.0575549602508545 0.5872332453727722 2.159441966800991
1.0496547222137451 0.5988136529922485 2.1581330361432065
1.0415141582489014 0.6107159852981567 2.1577943876204952
1.0335038900375366 0.6224189400672913 2.1578504702702155
1.0252714157104492 0.6344246864318848 2.1579599189691256
1.0166481733322144 0.646901547908783 2.158532615360588
1.006182312965393 0.6623727679252625 2.1601557180036948
0.9980608820915222 0.6743708252906799 2.1609799912847687
0.9895737767219543 0.6864310503005981 2.1609799912847687
0.981549859046936 0.6979097723960876 2.1609799912847687
0.9733961820602417 0.7098017334938049 2.1613493090834166
0.9651402235031128 0.7218910455703735 2.1613493090834166
0.9569498300552368 0.7336263060569763 2.162128966292608
0.945726215839386 0.7493062615394592 2.1615447620402057
0.9374956488609314 0.7610440254211426 2.1615447620402057
0.9291988611221313 0.7727418541908264 2.161372159207777
0.9209095239639282 0.7846032977104187 2.1600961439178157
0.9127047061920166 0.7964622974395752 2.1590514440256836
0.9042928218841553 0.8085508942604065 2.1583209886767607
0.8961547613143921 0.8204663991928101 2.1583329070993056
0.8879439234733582 0.8324474692344666 2.1586494196170025
0.8795906901359558 0.8443471193313599 2.159276523363517
0.8685746192932129 0.8604204058647156 2.1609701904792264
0.8602026700973511 0.8723493814468384 2.1603243646195893
0.8519995212554932 0.8845124244689941 2.160434728078231
0.8438202142715454 0.8963295817375183 2.1602458921575627
0.8356840014457703 0.9081225991249084 2.1602458921575627
0.8274327516555786 0.9200050234794617 2.1601152347731576
0.8191593885421753 0.9319896101951599 2.160295940321332
0.8106350302696228 0.9438961148262024 2.159769450151173
0.7993927597999573 0.9596555233001709 2.1598462646845333
0.7909706830978394 0.9716151356697083 2.1596130760553636
0.7828604578971863 0.9835230112075806 2.159595057449205
0.7744015455245972 0.9955788850784302 2.159595057449205
0.7659975290298462 1.0074889659881592 2.1588682990433736
0.7576292157173157 1.0193666219711304 2.1586623184056917
0.7492228746414185 1.0312504768371582 2.1586623184056917
0.7408456206321716 1.0431921482086182 2.159508712612423
0.7299590706825256 1.0589522123336792 2.1610965442099266
0.7215595841407776 1.0709316730499268 2.1615019085716547
0.7132734656333923 1.0828522443771362 2.1615019085716547
0.7048264741897583 1.0948430299758911 2.1615019085716547
0.6964952349662781 1.1067308187484741 2.1606502128345366
0.6882361769676208 1.1183604001998901 2.1599032910096616
0.6799798011779785 1.1300649642944336 2.16059542432137
0.6714289784431458 1.14181387424469 2.1605186004540853
0.6604456901550293 1.157797932624817 2.1611079851010544
0.6518892645835876 1.170024037361145 2.161521214423439
0.643738329410553 1.1818084716796875 2.161534778862275
0.6359182000160217 1.1927129030227661 2.1618413976985
0.6292029023170471 1.2023184299468994 2.163551795305276
['bump_right']
['bump_front_right']
0.6235361695289612 1.210440754890442 2.1652531191663793
0.6213974356651306 1.2111196517944336 2.155302088032898
0.6230728030204773 1.2103146314620972 2.163260259974773
0.6241610050201416 1.2088961601257324 2.164211766106008
0.6274179816246033 1.2037696838378906 2.1636719407112928
0.6312260031700134 1.198454737663269 2.1644291827847173
0.6351048946380615 1.1923049688339233 2.164614503241282
0.6390181183815002 1.186498999595642 2.1651452188240556
0.6426829099655151 1.180898666381836 2.1649627906494384
0.6465896964073181 1.175095558166504 2.1649627906494384
0.6503593921661377 1.1694362163543701 2.164795185982982
0.655302107334137 1.1617401838302612 2.1654604005987745
0.6590608954429626 1.1558500528335571 2.165893605537432
0.6627482175827026 1.150346040725708 2.165893605537432
0.6664380431175232 1.1447696685791016 2.165893605537432
0.6698070168495178 1.139605164527893 2.165893605537432
0.6722458004951477 1.1356995105743408 2.165893605537432
0.672948956489563 1.1347488164901733 2.173509066596926
0.6725808382034302 1.1353015899658203 2.17388678330995
0.672652006149292 1.1348820924758911 2.207608279133617
0.6725258231163025 1.1347148418426514 2.2586741922084825
0.6724643707275391 1.1348657608032227 2.307792868633064
0.6722806692123413 1.1349185705184937 2.356533500857413
0.6721699833869934 1.1350501775741577 2.40620708214859
0.6722365021705627 1.1353461742401123 2.4539148885377076
0.6723453998565674 1.1352760791778564 2.501372271926834
0.6723973155021667 1.135287880897522 2.549069643644273
0.6720223426818848 1.1355786323547363 2.6132783669610777
0.6720287203788757 1.1356819868087769 2.8078789752055062
0.6720612645149231 1.1357333660125732 2.856018327563288
0.6720386743545532 1.1358962059020996 2.8961217504767416
0.6718539595603943 1.13620126247406 2.9450056502195463
0.6717435121536255 1.1363801956176758 3.0099875999041563
0.6717024445533752 1.136461853981018 3.0581359846994576
0.6715874075889587 1.1365070343017578 3.1032295255815194
0.6714490056037903 1.1366560459136963 -3.1326735017358747
0.6712290048599243 1.136945128440857 -3.0845408410046082
0.6713317632675171 1.1368716955184937 -3.0359795134015046
0.6712164282798767 1.1369967460632324 -2.987989423515357
0.6710228323936462 1.1370524168014526 -2.943361045371428
0.6709573864936829 1.1372976303100586 -2.8787994621962945
0.6709437370300293 1.137355923652649 -2.8337297076482177
0.6709175109863281 1.1375646591186523 -2.786279404293175
0.6707738637924194 1.1378200054168701 -2.739338879770268
0.6707106828689575 1.1379271745681763 -2.6938352442119475
0.6707728505134583 1.1381397247314453 -2.646356102058754
0.6706028580665588 1.1382865905761719 -2.60037685609624
0.670437753200531 1.1384062767028809 -2.5536485329560836
0.6703572869300842 1.1387296915054321 -2.49090284948844
0.6703785061836243 1.1388429403305054 -2.44503044158829
0.6702876687049866 1.1389988660812378 -2.3964905930052596
0.6699740290641785 1.1391130685806274 -2.3482651854685677
0.6699497699737549 1.1391716003417969 -2.303108218600787
0.6698732972145081 1.1393340826034546 -2.2563683873849736
0.6695980429649353 1.1394110918045044 -2.2103576735754094
0.6694103479385376 1.1394751071929932 -2.1625483108048797
0.6693517565727234 1.1396872997283936 -2.1149330486326403
0.6690708994865417 1.1398041248321533 -2.053630866551512
0.6690403819084167 1.139835000038147 -2.006124393160798
0.668556809425354 1.1394381523132324 -1.9584925580510988
0.6673672199249268 1.1370060443878174 -1.9163720320564017
0.6658010482788086 1.132824182510376 -1.8826479868144104
0.6641042828559875 1.1273951530456543 -1.8517871966211659
0.662020742893219 1.1203607320785522 -1.8273544734337364
0.6587567329406738 1.108330249786377 -1.801168096612259
0.6562526226043701 1.0979180335998535 -1.7886634262981618
0.6532876491546631 1.0861448049545288 -1.7814358346984756
0.6504342555999756 1.0726741552352905 -1.7779333007834326
0.6470099687576294 1.058032751083374 -1.777592824116191
0.6439256072044373 1.042895793914795 -1.7798257779787288
0.640826940536499 1.0289207696914673 -1.779964634826215
0.6376206278800964 1.0151145458221436 -1.7801736923013223
0.6335731148719788 0.9963489174842834 -1.7805742884558518
0.6305532455444336 0.9826886653900146 -1.7796563682902653
0.6273656487464905 0.9689925312995911 -1.7798887302487572
0.6244142651557922 0.9549705386161804 -1.7781019540416905
0.6210333108901978 0.9402467608451843 -1.77759501493287
0.6181805729866028 0.92643141746521 -1.776540846527996
0.6150367259979248 0.9128195643424988 -1.7746368924882343
0.6119062900543213 0.8986013531684875 -1.774636557055554
0.6077408194541931 0.8794470429420471 -1.7728982138648568
0.6046143770217896 0.8654543161392212 -1.7724570313590278
0.6016843914985657 0.8513514995574951 -1.7741281220009153
0.5985448956489563 0.8375042676925659 -1.7739218376410886
0.5954874157905579 0.8229469060897827 -1.7739218376410886
0.5923488736152649 0.808456301689148 -1.773699784144759
0.589317262172699 0.7945038080215454 -1.7735621329988907
0.5862292051315308 0.7803540825843811 -1.7735059602189962
0.5818825960159302 0.7614232897758484 -1.7734397632020962
0.5790116786956787 0.7477585673332214 -1.7746328263302762
0.576042890548706 0.7336956858634949 -1.7739202283148463
0.5730031728744507 0.7198177576065063 -1.7733220267499166
0.5699023604393005 0.7056058645248413 -1.7717842923185225
0.5666345953941345 0.6909192800521851 -1.7702074824284357
0.5635906457901001 0.6770721077919006 -1.7697526109888035
0.5605121850967407 0.662817120552063 -1.7692204464504673
0.5564318895339966 0.6440483331680298 -1.7693741218115666
0.553387463092804 0.6298898458480835 -1.7694552668940828
0.5502861738204956 0.6153494715690613 -1.7705602634793522
0.5473619103431702 0.6013983488082886 -1.7704410747977837
0.5443221926689148 0.587317943572998 -1.7710862396035687
0.5411539673805237 0.5729328989982605 -1.7717129844219912
0.5382958650588989 0.5593704581260681 -1.7717440979402002
0.5350768566131592 0.5451000928878784 -1.7719321382050128
0.5310721397399902 0.5260210037231445 -1.7716754435668753
0.5279821157455444 0.5123835206031799 -1.7711883905677506
0.5249059200286865 0.497981995344162 -1.771562871060768
0.5216862559318542 0.48394879698753357 -1.7703410239528883
0.5185893177986145 0.46933403611183167 -1.7702083662548167
0.5153277516365051 0.454490065574646 -1.7691956460928109
0.5124149322509766 0.44059786200523376 -1.7691956460928109
0.5093910694122314 0.4261884093284607 -1.769473846764265
0.5052658319473267 0.4070160686969757 -1.7692137308520373
0.5022765398025513 0.3934493660926819 -1.770507697893847
0.49912410974502563 0.37913957238197327 -1.77121352550775
0.4962097704410553 0.3650798499584198 -1.7712689822698147
0.4929884374141693 0.35051050782203674 -1.7712878171371291
0.4897404909133911 0.33596211671829224 -1.7707794860998927
0.48696503043174744 0.3227591812610626 -1.7707794860998927
0.4839102327823639 0.3084789514541626 -1.7703506688816757
0.4796137809753418 0.28916436433792114 -1.7702175687880253
0.4767211377620697 0.2757684588432312 -1.7701105973279787
0.47380611300468445 0.26127681136131287 -1.7702423244506527
0.4707152545452118 0.24690477550029755 -1.770465308795348
0.46784403920173645 0.2330053299665451 -1.770465308795348
0.46469512581825256 0.21875256299972534 -1.7706552508015168
0.4618441164493561 0.2046537846326828 -1.771587948691733
0.45864784717559814 0.1900385469198227 -1.771478503410172
0.4545193016529083 0.17127706110477448 -1.771478503410172
0.4515250027179718 0.1573537290096283 -1.771779759790027
0.4487748146057129 0.14327089488506317 -1.7728639757554585
0.4456856846809387 0.12919749319553375 -1.7727534576469333
0.4424869120121002 0.11492538452148438 -1.7725952592540493
0.4395555853843689 0.10095957666635513 -1.7725171103897956
0.4365813136100769 0.08710034191608429 -1.7709642751859984
0.43356791138648987 0.0729508027434349 -1.7709642751859984
0.43069711327552795 0.05879640206694603 -1.7710782623634944
0.4266335964202881 0.040343984961509705 -1.77114220599364
0.4238852262496948 0.02623678743839264 -1.7720649927143501
0.4205966591835022 0.011736517772078514 -1.7717982737148443
0.4175323247909546 -0.002286436501890421 -1.772219015888671
0.41451212763786316 -0.016755487769842148 -1.7725089312232039
0.4115941524505615 -0.030487658455967903 -1.772449377614667
0.4084392488002777 -0.044855616986751556 -1.772449377614667
0.404512882232666 -0.06357460469007492 -1.7720300662411632
0.40146496891975403 -0.0774749293923378 -1.7721259412229546
0.3994656801223755 -0.08694302290678024 -1.7721259412229546
0.39528220891952515 -0.10591721534729004 -1.7712986700328266
0.39220452308654785 -0.12008843570947647 -1.7710273527948885
0.389133483171463 -0.13406617939472198 -1.7705330747796302
0.3859975039958954 -0.14813697338104248 -1.7690520173142608
0.38296347856521606 -0.16206075251102448 -1.7686840223159472
0.37894684076309204 -0.1814185380935669 -1.7687431763422625
0.37615829706192017 -0.19491764903068542 -1.768957766235768
0.3732348084449768 -0.20882372558116913 -1.7704666295348737
0.37011831998825073 -0.2237510234117508 -1.7711704728603497
0.36714816093444824 -0.2381294220685959 -1.7714376076162526
0.36429905891418457 -0.2522103786468506 -1.771613970419297
0.3614678382873535 -0.2661360502243042 -1.771613970419297
0.3586312234401703 -0.2799531817436218 -1.7722842396343483
0.3546806573867798 -0.29881784319877625 -1.772607304380873
0.35162797570228577 -0.31266313791275024 -1.7727261749923016
0.34862175583839417 -0.32645952701568604 -1.7731599211844762
0.3454415798187256 -0.34114956855773926 -1.772173404083134
0.342390239238739 -0.3552398383617401 -1.772173404083134
0.33968037366867065 -0.3688012361526489 -1.7714245738389254
0.33660733699798584 -0.3825888931751251 -1.7696712565559816
0.33356502652168274 -0.3966852128505707 -1.7692762072025683
0.32952070236206055 -0.4153735339641571 -1.769833868097619
0.32650452852249146 -0.4293128252029419 -1.7711058718506847
0.3235345482826233 -0.4431113302707672 -1.772082242587704
0.32046112418174744 -0.45749568939208984 -1.7720538528222207
0.31735408306121826 -0.47201234102249146 -1.7724389592602843
0.3145429193973541 -0.48598602414131165 -1.7727478698620143
0.3114664554595947 -0.5003222227096558 -1.7721937575804525
0.3084351122379303 -0.5139724612236023 -1.771421670037377
0.30444255471229553 -0.5326269268989563 -1.771637101516629
0.3015619218349457 -0.5465174913406372 -1.7717132871040984
0.29869168996810913 -0.5602014660835266 -1.771005432030771
0.29555073380470276 -0.5752983093261719 -1.7702551330829266
0.2925754189491272 -0.5897314548492432 -1.7693864723976074
0.2897796332836151 -0.603104293346405 -1.7693864724011759
0.28671813011169434 -0.6171684861183167 -1.7693383269499947
0.2836310565471649 -0.6314405798912048 -1.7690686199880552
0.27978047728538513 -0.6498902440071106 -1.7691278865273068
0.27675846219062805 -0.6642283201217651 -1.7692949708020216
0.2736925184726715 -0.6784847378730774 -1.7704545184502214
0.2706364393234253 -0.6930374503135681 -1.7708927821367237
0.2675386667251587 -0.7073858380317688 -1.7708927821367237
0.2645564377307892 -0.7212626934051514 -1.7715299022583126
0.2615585923194885 -0.7350406646728516 -1.7711327904329754
0.25859326124191284 -0.7491087913513184 -1.7714678323624928
0.25461703538894653 -0.7682783007621765 -1.771524966887714
0.25168293714523315 -0.7819340229034424 -1.771622838156118
0.2488287091255188 -0.7955319285392761 -1.7719668380496305
0.24581804871559143 -0.8102298378944397 -1.7712632376986168
0.24253149330615997 -0.8251057863235474 -1.7712632376986168
0.23957930505275726 -0.8389091491699219 -1.770787674018397
0.23652952909469604 -0.8530367612838745 -1.7708553973472778
0.23359981179237366 -0.8668827414512634 -1.7722083684483154
0.2297414392232895 -0.8857957720756531 -1.7728920846100604
0.2267131805419922 -0.9000250697135925 -1.773822698075398
0.22382861375808716 -0.9139155745506287 -1.7744760449375332
0.22070032358169556 -0.9285684823989868 -1.7747546932058467
0.21775661408901215 -0.9428859353065491 -1.7754091171782143
0.2149312049150467 -0.9562566876411438 -1.7753313675933233
0.2117699682712555 -0.9699831604957581 -1.775039805070371
0.20884765684604645 -0.9838606715202332 -1.7751540421451544
0.20490269362926483 -1.002687931060791 -1.7750607817290724
0.20189158618450165 -1.0165483951568604 -1.7743424486362147
0.19895818829536438 -1.0296965837478638 -1.772699068953631
0.1964079737663269 -1.041516661643982 -1.7721532885782874
0.1944434642791748 -1.0509592294692993 -1.7721532885782874
0.19247636198997498 -1.060441255569458 -1.7724041645141764
0.190130814909935 -1.0711779594421387 -1.7714830080238138
['bump_front_center']
0.18805578351020813 -1.081327199935913 -1.7713319351170624
0.1867668181657791 -1.0813674926757812 -1.7645049253502287
0.1873016059398651 -1.0808372497558594 -1.7669146371626083
0.18796376883983612 -1.0785657167434692 -1.7682808241149812
0.1887311041355133 -1.0743690729141235 -1.768190739518824
0.19018618762493134 -1.0680303573608398 -1.7688274585324155
0.1915287971496582 -1.0607103109359741 -1.768326916505579
0.1928318440914154 -1.0538225173950195 -1.7682924171420034
0.1944652497768402 -1.0450851917266846 -1.768292417144402
0.1955152451992035 -1.0393750667572021 -1.7694692853549374
0.19625744223594666 -1.0363012552261353 -1.7686916258405645
0.19620780646800995 -1.036270260810852 -1.7678732091658864
0.19603903591632843 -1.037095069885254 -1.769454387236672
0.1960567981004715 -1.037169337272644 -1.769454387236672
0.19607378542423248 -1.037070393562317 -1.769454387236672
0.19604721665382385 -1.0371065139770508 -1.769454387236672
0.19605539739131927 -1.0371180772781372 -1.769454387236672
0.19605539739131927 -1.0371180772781372 -1.769454387236672
0.19605539739131927 -1.0371180772781372 -1.769454387236672
0.19605539739131927 -1.0371180772781372 -1.769454387236672
0.19605539739131927 -1.0371180772781372 -1.769454387236672
0.19605539739131927 -1.0371180772781372 -1.769454387236672
0.19605539739131927 -1.0371180772781372 -1.769454387236672
0.19605539739131927 -1.0371180772781372 -1.769454387236672
0.19605539739131927 -1.0371180772781372 -1.769454387236672
0.19605539739131927 -1.0371180772781372 -1.769454387236672
0.19604381918907166 -1.0371263027191162 -1.769454387236672
0.19604381918907166 -1.0371263027191162 -1.769454387236672
0.19604381918907166 -1.0371263027191162 -1.769454387236672
0.19604381918907166 -1.0371263027191162 -1.769454387236672
0.19604381918907166 -1.0371263027191162 -1.769454387236672
0.19604381918907166 -1.0371263027191162 -1.769454387236672
0.19604381918907166 -1.0371263027191162 -1.769454387236672
0.19604381918907166 -1.0371263027191162 -1.769454387236672
0.19604381918907166 -1.0371263027191162 -1.769454387236672
0.19604381918907166 -1.0371263027191162 -1.769454387236672
0.19604381918907166 -1.0371263027191162 -1.769454387236672
0.19604381918907166 -1.0371263027191162 -1.769454387236672
0.19604381918907166 -1.0371263027191162 -1.769454387236672
0.19604381918907166 -1.0371263027191162 -1.769454387236672
0.19604381918907166 -1.0371263027191162 -1.769454387236672
0.19604381918907166 -1.0371263027191162 -1.769454387236672
0.19604381918907166 -1.0371263027191162 -1.769454387236672
0.19604381918907166 -1.0371263027191162 -1.769454387236672
0.19604381918907166 -1.0371263027191162 -1.769454387236672
0.19604381918907166 -1.0371263027191162 -1.769454387236672
0.19604381918907166 -1.0371263027191162 -1.769454387236672
0.19604381918907166 -1.0371263027191162 -1.769454387236672
0.19604381918907166 -1.0371263027191162 -1.769454387236672
0.19604381918907166 -1.0371263027191162 -1.769454387236672
0.19604381918907166 -1.0371263027191162 -1.769454387236672
0.19604381918907166 -1.0371263027191162 -1.769454387236672
0.19604381918907166 -1.0371263027191162 -1.769454387236672
0.19604381918907166 -1.0371263027191162 -1.769454387236672
0.19604381918907166 -1.0371263027191162 -1.769454387236672
0.19604381918907166 -1.0371263027191162 -1.769454387236672
0.19604381918907166 -1.0371263027191162 -1.769454387236672
0.19604381918907166 -1.0371263027191162 -1.769454387236672
0.19604381918907166 -1.0371263027191162 -1.769454387236672
0.19604381918907166 -1.0371263027191162 -1.769454387236672
0.19604381918907166 -1.0371263027191162 -1.769454387236672
0.19604381918907166 -1.0371263027191162 -1.769454387236672
0.19604381918907166 -1.0371263027191162 -1.769454387236672
0.19604381918907166 -1.0371263027191162 -1.769454387236672
0.19604381918907166 -1.0371263027191162 -1.769454387236672
0.19604381918907166 -1.0371263027191162 -1.769454387236672
0.19604381918907166 -1.0371263027191162 -1.769454387236672
0.19604381918907166 -1.0371263027191162 -1.769454387236672
0.19604381918907166 -1.0371263027191162 -1.769454387236672
0.19604381918907166 -1.0371263027191162 -1.769454387236672
0.19604381918907166 -1.0371263027191162 -1.769454387236672
0.19604381918907166 -1.0371263027191162 -1.769454387236672
0.19604381918907166 -1.0371263027191162 -1.769454387236672
0.19604381918907166 -1.0371263027191162 -1.769454387236672
0.19604381918907166 -1.0371263027191162 -1.769454387236672
0.19604381918907166 -1.0371263027191162 -1.769454387236672
0.19604381918907166 -1.0371263027191162 -1.769454387236672
0.19604381918907166 -1.0371263027191162 -1.769454387236672
0.19604381918907166 -1.0371263027191162 -1.769454387236672
0.19604381918907166 -1.0371263027191162 -1.769454387236672
0.19604381918907166 -1.0371263027191162 -1.769454387236672
0.19604381918907166 -1.0371263027191162 -1.769454387236672
0.19604381918907166 -1.0371263027191162 -1.769454387236672
0.19604381918907166 -1.0371263027191162 -1.769454387236672
0.19604381918907166 -1.0371263027191162 -1.769454387236672
0.19604381918907166 -1.0371263027191162 -1.769454387236672
0.19604381918907166 -1.0371263027191162 -1.769454387236672
0.19616533815860748 -1.0370062589645386 -1.7675041732490189
0.1960759311914444 -1.0368307828903198 -1.7409314022939024
0.1959463208913803 -1.036656141281128 -1.6794206993885905
0.1953643560409546 -1.0369353294372559 -1.627996724016252
0.19509480893611908 -1.0370163917541504 -1.57962118055671
0.1947702318429947 -1.0370694398880005 -1.5325517319331543
0.19437474012374878 -1.037196159362793 -1.4851087274212942
0.19393302500247955 -1.0374276638031006 -1.4372308879960627
0.1935705989599228 -1.0376598834991455 -1.389543838385161
0.19327254593372345 -1.0379822254180908 -1.3427903683957396
0.19296488165855408 -1.0380544662475586 -1.2802772646661773
0.19261221587657928 -1.0383392572402954 -1.2335855992789366
0.19232340157032013 -1.038550615310669 -1.1867083070979638
0.19203035533428192 -1.0388882160186768 -1.139621746554124
0.19193671643733978 -1.03898024559021 -1.0913917783029665
0.19158697128295898 -1.0392664670944214 -1.0436418366890425
0.1911010891199112 -1.0395886898040771 -0.9970103329685993
0.19079789519309998 -1.0397939682006836 -0.9503403307363549
0.190287783741951 -1.0400997400283813 -0.8879988403650966
0.19011293351650238 -1.0405408143997192 -0.8414398027869098
0.1897955685853958 -1.040866494178772 -0.7943037868460049
0.18964120745658875 -1.0412046909332275 -0.7465899361099901
0.18943503499031067 -1.0414708852767944 -0.6985489601138937
0.18947020173072815 -1.0419363975524902 -0.6506756198749549
0.18945613503456116 -1.0422769784927368 -0.6044681481381318
0.18925853073596954 -1.0424466133117676 -0.5583688644276567
0.18912681937217712 -1.043023943901062 -0.4947256476653642
0.18897047638893127 -1.0432016849517822 -0.4454319885013881
0.18886646628379822 -1.043800950050354 -0.35607221943424483
0.18898305296897888 -1.0441731214523315 -0.3376565981565852
0.18943138420581818 -1.0458494424819946 -0.24304410313742233
0.18894599378108978 -1.0454227924346924 -0.22559902877614557
0.18840959668159485 -1.0453345775604248 -0.15379939981280494
0.1887890100479126 -1.045965552330017 -0.11812657247530067
0.18831181526184082 -1.046169638633728 -0.04528132259040221
0.1886882185935974 -1.0467652082443237 -0.0037075590935430652
0.18887871503829956 -1.047364354133606 0.04325587051705917
0.18896688520908356 -1.0476292371749878 0.09035252550619786
0.18915367126464844 -1.0480870008468628 0.13834458898347474
0.18920284509658813 -1.0484894514083862 0.18664400557427138
0.1894862949848175 -1.0487977266311646 0.23673977168806795
0.18973100185394287 -1.0493882894515991 0.2983876101541637
0.18970859050750732 -1.0496758222579956 0.34447098484023003
0.1908940225839615 -1.0496526956558228 0.390216921538365
0.19330209493637085 -1.0489779710769653 0.4310976899436595
0.19731339812278748 -1.0473380088806152 0.4661302470241573
0.20241454243659973 -1.044858694076538 0.49744990906053105
0.20856109261512756 -1.041353464126587 0.5232922301058888
0.21592466533184052 -1.0369826555252075 0.5441980042835517
0.22396910190582275 -1.0319759845733643 0.5593251233315975
0.23673060536384583 -1.023711919784546 0.5721443892505844
0.2478429079055786 -1.016248345375061 0.5770023159413444
0.25930801033973694 -1.0084079504013062 0.5767005532193353
0.2711973488330841 -1.0002614259719849 0.5762932989587269
0.28245535492897034 -0.992402970790863 0.5785273349504243
0.29436561465263367 -0.984380304813385 0.5792828593866162
0.30629515647888184 -0.9761468768119812 0.5810700289263766
0.3178063929080963 -0.9682865142822266 0.5836431077906207
0.33338093757629395 -0.9577997326850891 0.5830708884351328
0.3453142046928406 -0.949725866317749 0.5830708884351328
0.35683760046958923 -0.9419679045677185 0.582887494315422
0.368578165769577 -0.9338704943656921 0.5835660496113726
0.3803141713142395 -0.9258663058280945 0.5845197302920556
0.39219245314598083 -0.9176591038703918 0.5853789276043949
0.4041680693626404 -0.9096224308013916 0.5869744130122662
0.4193810820579529 -0.8992067575454712 0.5870487930633527
0.43108710646629333 -0.8912410736083984 0.5871910110220948
0.44296181201934814 -0.8831285238265991 0.5872306911154643
0.45472484827041626 -0.8751525282859802 0.5870368970993088
0.46662038564682007 -0.8670183420181274 0.5873108123309859
0.4782728850841522 -0.8590289354324341 0.5878105593784435
0.49009478092193604 -0.8510052561759949 0.5897251798730497
0.5018662810325623 -0.8430619239807129 0.5909417800336025
0.5174723267555237 -0.8322545886039734 0.5909417800336025
0.5293859243392944 -0.8241584300994873 0.5919562934297009
0.5411217212677002 -0.8161241412162781 0.5926053505549648
0.5528473854064941 -0.8082888722419739 0.5926053505496492
0.5645610690116882 -0.8000921607017517 0.5926053505496492
0.5763814449310303 -0.7919053435325623 0.5945428481891826
0.5882528424263 -0.7837671637535095 0.5959056903963887
0.599905788898468 -0.7756990194320679 0.5959697190998485
0.6117046475410461 -0.7673395276069641 0.5962487591323746
0.6271613836288452 -0.7568961381912231 0.5946303254141619
0.6390389204025269 -0.7489783763885498 0.5946303254164185
0.6508429646492004 -0.7407159805297852 0.5942811129180021
0.6625608801841736 -0.7326532006263733 0.5948255875951148
0.6744905710220337 -0.7245168685913086 0.5955394074267869
0.6861653923988342 -0.7165606021881104 0.5961168388782538
0.6977887749671936 -0.7085320353507996 0.5965780483107204
0.7134755849838257 -0.6977183222770691 0.5969050065917626
0.7250933647155762 -0.6895323991775513 0.5966090813626403
0.7367469668388367 -0.681331217288971 0.5968916318472571
0.7484301328659058 -0.6733579039573669 0.5968239688594428
0.7601259350776672 -0.6652158498764038 0.5968603312694554
0.7718808054924011 -0.6571860909461975 0.5972843394962921
0.783633828163147 -0.6490960121154785 0.5979923277963871
0.7955530285835266 -0.6408681273460388 0.5986343643216936
0.8110243082046509 -0.6298326849937439 0.5984288272069809
0.8226399421691895 -0.6216517090797424 0.598810199294272
0.8342467546463013 -0.6135833263397217 0.5983077530798114
0.846145510673523 -0.6051788330078125 0.5989214083126619
0.8580060005187988 -0.5969502329826355 0.5999678485472133
0.869631290435791 -0.5887396931648254 0.6006481067640304
0.8818026185035706 -0.5802630186080933 0.6023665072773627
0.8933693170547485 -0.5720383524894714 0.6033020407110723
0.9047784209251404 -0.5640863180160522 0.6033019837909287
0.9206506609916687 -0.5530637502670288 0.6032779058589041
0.9323302507400513 -0.5445653796195984 0.6032660792134448
0.9442785382270813 -0.5363073945045471 0.6049941028826158
0.9559633135795593 -0.5280532240867615 0.6053415281684928
0.9678385257720947 -0.5196558833122253 0.6062612360287417
0.9797059297561646 -0.511256754398346 0.6066289790319287
0.9911502599716187 -0.503356397151947 0.6059734472174522
1.0029960870742798 -0.495019793510437 0.605320950564867
1.0189250707626343 -0.4838167130947113 0.6049341645600135
1.0305477380752563 -0.47582653164863586 0.6041173888838142
1.0423063039779663 -0.46785420179367065 0.603530145821571
1.0538229942321777 -0.4595038592815399 0.6038882940637713
1.0657634735107422 -0.4512428045272827 0.6057870775608627
1.077700138092041 -0.4426843225955963 0.6071059843994764
1.089364767074585 -0.434446781873703 0.6088051989090579
1.1010128259658813 -0.42624616622924805 0.6089919160419892
1.116649866104126 -0.415477991104126 0.6089167131904217
1.1279951333999634 -0.40755993127822876 0.6078941419408007
1.1397303342819214 -0.39952167868614197 0.6062024595418001
1.1512612104415894 -0.3912701904773712 0.6058690439659772
1.1634297370910645 -0.38286858797073364 0.6066291924911718
1.1751304864883423 -0.3747486472129822 0.6074848011682658
1.1867332458496094 -0.3667244017124176 0.60743187201129
1.2023231983184814 -0.3558556139469147 0.6069213301449066
1.2141847610473633 -0.347556471824646 0.606515364386844
1.2258433103561401 -0.3392855226993561 0.6055210942639533
1.2376368045806885 -0.3309624195098877 0.6062133644776924
1.2493046522140503 -0.3227963447570801 0.6069825899625874
1.2612289190292358 -0.3144044280052185 0.6077415123218238
1.2732384204864502 -0.30618011951446533 0.6091968605978502
1.2847994565963745 -0.29809582233428955 0.60988984335623
1.296756386756897 -0.2896463871002197 0.6103908942505322
1.312827229499817 -0.27823925018310547 0.6107676356885413
1.3243310451507568 -0.27032509446144104 0.6107676356889769
1.3357861042022705 -0.26228851079940796 0.6090088906875487
1.347457766532898 -0.2540016174316406 0.6089646185141102
1.3595945835113525 -0.24540069699287415 0.6093875632876209
1.3715887069702148 -0.23700112104415894 0.6096428674321929
1.386740803718567 -0.22613266110420227 0.6101927708772797
1.3988895416259766 -0.21765947341918945 0.6102895310631563
1.4105144739151 -0.20929153263568878 0.6097641547878014
1.4218307733535767 -0.20144617557525635 0.6098712227008297
1.433508038520813 -0.19329401850700378 0.6098712227008297
1.4452821016311646 -0.18470919132232666 0.6094445047627082
1.4573125839233398 -0.17618818581104279 0.6117583861092493
1.4688596725463867 -0.16816574335098267 0.6130564032213739
1.4803812503814697 -0.15986326336860657 0.6135844404733792
1.4919201135635376 -0.15151181817054749 0.6139077916125251
1.5076082944869995 -0.1403229683637619 0.6136989099603547
1.5192945003509521 -0.13214613497257233 0.6136989099625303
1.5306051969528198 -0.12396397441625595 0.6125353663568004
1.5425162315368652 -0.11562191694974899 0.6129990945581897
1.5541733503341675 -0.10734892636537552 0.613171556938805
1.5657341480255127 -0.0990503653883934 0.6139248048924998
1.5773792266845703 -0.0905674546957016 0.6144026161470308
1.588873267173767 -0.08231910318136215 0.6151112094895526
1.6043639183044434 -0.07102210074663162 0.6161838273524647
1.6159007549285889 -0.06282807886600494 0.6164233304549782
1.6271913051605225 -0.05460933595895767 0.6164048194464752
1.6389511823654175 -0.04634006693959236 0.6161957168554947
1.6508526802062988 -0.037697989493608475 0.6165475287952554
1.6621837615966797 -0.02963242121040821 0.6172618732051992
1.6738637685775757 -0.0211173128336668 0.6173442638504546
1.6853545904159546 -0.012871294282376766 0.6170402969527768
1.700688362121582 -0.001970454817637801 0.6159272143014339
1.7123020887374878 0.006540692411363125 0.6158400126949619
1.7240298986434937 0.0146919135004282 0.6156984011418719
1.7358324527740479 0.02333058975636959 0.6156984011418719
1.7476067543029785 0.03178955987095833 0.6169018276070046
1.7590125799179077 0.03994237631559372 0.617893715512771
1.7705192565917969 0.04830469191074371 0.618957814351937
1.78636634349823 0.059778839349746704 0.6194512817202138
1.7977501153945923 0.06803052872419357 0.6192555215485631
1.8092362880706787 0.07640696316957474 0.6192555215485631
1.8206472396850586 0.08459249138832092 0.619320746514338
1.832600712776184 0.0931689515709877 0.6200614582510364
1.8443208932876587 0.10166224092245102 0.6206058608131664
1.8560668230056763 0.1100287213921547 0.6209570510949933
1.867903470993042 0.11858366429805756 0.6218524555207442
1.8793561458587646 0.12676581740379333 0.6216622390685358
1.8948358297348022 0.13801874220371246 0.6214455757959336
1.9063358306884766 0.14636601507663727 0.6206173900703501
1.9179034233093262 0.154619038105011 0.6204747929535464
1.9297735691070557 0.16333216428756714 0.6215062778946666
1.9413440227508545 0.17180536687374115 0.6219009021464955
1.953000545501709 0.18009543418884277 0.6243128653515622
1.9646153450012207 0.1882810890674591 0.6255530468371091
1.9760349988937378 0.19679121673107147 0.6268164501765182
1.9913815259933472 0.2080015242099762 0.6273995845076434
2.0030181407928467 0.21664075553417206 0.6275770063628603
2.0143020153045654 0.22488491237163544 0.6277698397383448
2.0261971950531006 0.23364078998565674 0.627772810746096
2.037631034851074 0.2420249581336975 0.6280106702606133
2.049030065536499 0.2503316402435303 0.6280712792955264
2.0604565143585205 0.2587243318557739 0.627819767682657
2.076143264770508 0.27023452520370483 0.6280562471360349
2.0873076915740967 0.2785238027572632 0.6271967720713918
2.0988028049468994 0.2869267165660858 0.6269495758053246
2.1101114749908447 0.2953067719936371 0.6269321858947254
2.121488094329834 0.30347421765327454 0.6272074948922048
2.1335325241088867 0.312237024307251 0.6281932178520316
2.1447958946228027 0.32056623697280884 0.6291704636075979
2.15635347366333 0.32902494072914124 0.6306342692295193
2.1719069480895996 0.3402363955974579 0.6306342692295193
2.1829676628112793 0.3483019769191742 0.6302672361056934
2.194579839706421 0.3568073809146881 0.6301768224034147
2.2060179710388184 0.36534422636032104 0.6303548890347453
2.2176706790924072 0.37408509850502014 0.6318992539080082
2.2293615341186523 0.3824893832206726 0.6326456995536966
2.2405943870544434 0.390861451625824 0.6330270265738799
2.2521729469299316 0.39944005012512207 0.6333853277260777
2.2676424980163574 0.410687655210495 0.6331965297039792
2.279061794281006 0.41897132992744446 0.6337251429054677
2.2907841205596924 0.4275888204574585 0.6333189683981582
2.3020665645599365 0.43600910902023315 0.6333189683981216
2.3136675357818604 0.4444255232810974 0.634137790011656
2.325650215148926 0.45311325788497925 0.6352677747240462
2.3366763591766357 0.4612579047679901 0.6365780769846258
2.348314046859741 0.4698484539985657 0.6373265652837623
2.3601367473602295 0.4784128963947296 0.637700111172837
2.3753983974456787 0.4897080063819885 0.6370711421349297
2.386949062347412 0.4982263445854187 0.63658304228232
2.398261308670044 0.5064477324485779 0.6365830422812214
2.4098780155181885 0.5149950385093689 0.6356167434923361
2.421825408935547 0.5239176154136658 0.6351358708698064
2.4330203533172607 0.5321834087371826 0.6349669809642887
2.444652557373047 0.5407443642616272 0.6353360595627352
2.460402011871338 0.5520026683807373 0.6349713139265745
2.4713306427001953 0.5601473450660706 0.6343992535926931
2.4832053184509277 0.5689345598220825 0.6343990465162174
2.495018720626831 0.577587366104126 0.6342720801264177
2.5062530040740967 0.5859232544898987 0.6342720801264177
2.517914295196533 0.5945163369178772 0.6347928721019325
2.5293357372283936 0.6028459668159485 0.635190146795766
2.54086971282959 0.6113042831420898 0.6357950880137107
2.5527572631835938 0.6198609471321106 0.635887876491355
2.5679609775543213 0.6309229135513306 0.6351658237271953
2.5757040977478027 0.6365016102790833 0.6343888710294258
2.591301441192627 0.6477030515670776 0.6328936777645114
2.602621078491211 0.6557866334915161 0.6326917497426487
2.6142055988311768 0.664233922958374 0.6327429912163187
2.6257870197296143 0.6725966334342957 0.6327429912163187
2.6376395225524902 0.6813166737556458 0.6322861223010829
2.652824878692627 0.6924201846122742 0.6313626400286881
2.664112091064453 0.7005767822265625 0.6298403098408819
2.675816059112549 0.7090392112731934 0.627907472450852
2.687755584716797 0.7177829742431641 0.6273903455753839
2.699169397354126 0.7259951829910278 0.6275000498294216
2.7107791900634766 0.734569787979126 0.6276679914332502
2.722369909286499 0.7429636716842651 0.6276536677128128
2.7338318824768066 0.7513166666030884 0.6276824436130714
2.7491610050201416 0.7623085379600525 0.6269782509689218
2.760679006576538 0.7704983949661255 0.6249023816175081
2.772106170654297 0.7788932919502258 0.623711386054396
2.784266233444214 0.787587583065033 0.6233866824398604
2.7955751419067383 0.7957947850227356 0.6224734280900648
2.807081460952759 0.8040286302566528 0.6226807210424127
2.818516969680786 0.8122428059577942 0.6218263633052155
2.8300015926361084 0.8207625150680542 0.6216168500604864
2.842238426208496 0.8295081853866577 0.6231322343419731
2.85735821723938 0.8403369188308716 0.6221611475784894
2.869086980819702 0.8487874269485474 0.6217360881164546
2.8811633586883545 0.8573578596115112 0.6212899184015239
2.8925681114196777 0.865784764289856 0.6209732513067867
2.9041552543640137 0.8739493489265442 0.6212141996212444
2.912100076675415 0.8796645998954773 0.6213614582479569
2.927645444869995 0.8908091187477112 0.6221931079436063
2.943016529083252 0.9019185900688171 0.6215804472813716
2.9544713497161865 0.9100685119628906 0.621292809822111
2.9659979343414307 0.9183341860771179 0.6198793276900465
2.978222370147705 0.9271932244300842 0.619456636024457
2.990035057067871 0.9356014132499695 0.620623511178406
3.0014352798461914 0.9438616633415222 0.6220649603849926
3.012957811355591 0.9521856904029846 0.6244096798018419
3.0243079662323 0.9605430960655212 0.6252223534528379
3.0397300720214844 0.9717928171157837 0.6256127536553543
3.0513134002685547 0.9801806211471558 0.6256124334081905
3.0627689361572266 0.9886133670806885 0.6256872658368299
3.074747323989868 0.9972680807113647 0.6267035417969423
3.086421251296997 1.0055581331253052 0.6263652769969839
3.097674608230591 1.0139237642288208 0.6265513994508887
3.1092779636383057 1.0221644639968872 0.6280692464672296
3.1202447414398193 1.0300995111465454 0.6280348959548695
3.136263608932495 1.0417932271957397 0.6290303430245889
3.147620677947998 1.04997718334198 0.6286242531590768
3.159032106399536 1.058293342590332 0.6281401934932899
3.1706764698028564 1.0669171810150146 0.6277914846982935
3.1819865703582764 1.0754377841949463 0.6286884516347868
3.1932196617126465 1.083788275718689 0.6286884516347868
3.2047367095947266 1.0922741889953613 0.63033347456004
3.21598744392395 1.1004862785339355 0.6312917109457332
3.2312252521514893 1.1119884252548218 0.6317640728142153
3.2422239780426025 1.1203832626342773 0.6319073011426067
3.253201484680176 1.128598690032959 0.6318541949339519
3.265146493911743 1.1373496055603027 0.6304665479105522
3.2768688201904297 1.1463005542755127 0.6316945565813777
3.287855386734009 1.1542654037475586 0.632293982556187
3.298917055130005 1.1626734733581543 0.632293982556187
3.310145616531372 1.170824646949768 0.6329446575333816
3.3254942893981934 1.1825634241104126 0.6332028212272264
3.336332082748413 1.1907880306243896 0.6338235117329772
3.347532033920288 1.1990973949432373 0.6335558599747275
3.359414577484131 1.2081325054168701 0.6346293240836756
3.3706893920898438 1.2164822816848755 0.6362047264303818
3.3814876079559326 1.2245328426361084 0.6362344157422172
3.3922312259674072 1.2327741384506226 0.6377631548739204
3.4031784534454346 1.2412402629852295 0.6389068534032666
3.41862154006958 1.2530086040496826 0.6390546432266969
3.429403781890869 1.2614476680755615 0.6389210885458871
3.44002366065979 1.2693722248077393 0.6393321688132085
3.451472043991089 1.2782483100891113 0.6393319424743638
3.4624929428100586 1.2867244482040405 0.6383514708743795
3.4731667041778564 1.2951103448867798 0.639694645415271
3.4842636585235596 1.3036623001098633 0.6412034481135462
3.4949378967285156 1.3119176626205444 0.6429060641145729
3.509899139404297 1.323537826538086 0.6451262555296486
3.520787477493286 1.3320118188858032 0.6463698287650482
3.5315752029418945 1.3403571844100952 0.6470280958984053
3.543365240097046 1.3493953943252563 0.6479437400024949
3.554321765899658 1.358256459236145 0.6495910576325732
3.565656900405884 1.3671321868896484 0.6515143598497799
3.5761630535125732 1.3755019903182983 0.6521113580880615
3.5864133834838867 1.3837064504623413 0.6549783948687293
3.598026752471924 1.3926961421966553 0.6592476567868405
['bump_right']
3.6055500507354736 1.3988327980041504 0.6566858688166118
['bump_front_right']
3.608635187149048 1.4027624130249023 0.6473236336953753
3.607198715209961 1.4017866849899292 0.6468923474833063
3.6062679290771484 1.400431513786316 0.6518394496093585
3.6032941341400146 1.3979358673095703 0.6499176073220106
3.59928297996521 1.3948169946670532 0.6489049562982511
3.5933127403259277 1.3904584646224976 0.6487812822697967
3.5854928493499756 1.384697675704956 0.6498290609951225
3.5799062252044678 1.380574107170105 0.6507336418520326
3.574352741241455 1.3764363527297974 0.6511165900538971
3.568713665008545 1.3722561597824097 0.6511019427365105
3.563236951828003 1.3682438135147095 0.6511019427365105
3.5578086376190186 1.3641263246536255 0.6519658274058814
3.552125930786133 1.3597859144210815 0.6521455710322824
3.546445608139038 1.3556898832321167 0.6521455710322824
3.539013624191284 1.3502659797668457 0.6521455710322824
3.5345299243927 1.3468447923660278 0.6548052818177053
3.5332231521606445 1.3459068536758423 0.6608327357024334
3.5335934162139893 1.3462176322937012 0.6655636237829113
3.5340394973754883 1.346359372138977 0.6888610766668742
3.53355073928833 1.346306562423706 0.7350270802332171
3.533442497253418 1.3463056087493896 0.7880282029165304
3.5337681770324707 1.3462164402008057 0.8352385129910981
3.5338101387023926 1.3461741209030151 0.8981731318415023
3.5338008403778076 1.3461151123046875 0.9459388808853835
3.5338425636291504 1.3460839986801147 0.9935585068274317
3.5339243412017822 1.3459454774856567 1.041252167133889
3.5340049266815186 1.3459135293960571 1.0870876326872851
3.533846855163574 1.3457669019699097 1.1336949458084877
3.533823251724243 1.3457878828048706 1.1807451595062701
3.533907651901245 1.3457714319229126 1.2260475955047554
3.5339512825012207 1.3456603288650513 1.2721261330881661
3.5338263511657715 1.3456732034683228 1.3336017212181994
3.5337798595428467 1.3456727266311646 1.3806732072420815
3.5336415767669678 1.345629096031189 1.4280807384768193
3.5336456298828125 1.34568190574646 1.4743254202529226
3.5339157581329346 1.3458950519561768 1.5218132276068046
3.5336670875549316 1.3456274271011353 1.569420958375895
3.5338504314422607 1.3457313776016235 1.6170151303003726
3.533883571624756 1.3458168506622314 1.6627804765920762
3.533785343170166 1.345584511756897 1.727854860422648
3.533921480178833 1.345686912536621 1.7741667487760897
3.5338783264160156 1.3455097675323486 1.8215983297948453
3.5338833332061768 1.3455036878585815 1.869037658279029
3.533991575241089 1.345596432685852 1.9160835837533128
3.5339908599853516 1.3455954790115356 1.9638585465390366
3.5340094566345215 1.3456705808639526 2.0131936591467965
3.534066677093506 1.3460196256637573 2.0767832947613956
3.534008502960205 1.346144199371338 2.1245274909060887
3.533949613571167 1.3462635278701782 2.170861241636007
3.533961534500122 1.3463927507400513 2.219093078146866
3.5338847637176514 1.3465083837509155 2.266941394779542
3.5339152812957764 1.346618413925171 2.313630612405811
3.533938407897949 1.3467954397201538 2.360274275168097
3.5339767932891846 1.346720814704895 2.4085549585466786
3.5338714122772217 1.3469208478927612 2.45739896056939
3.5338258743286133 1.3470087051391602 2.519238495652652
3.533891439437866 1.3470146656036377 2.5656643169065814
3.533954381942749 1.3469929695129395 2.6143474496602312
3.5339465141296387 1.3472481966018677 2.660234917511187
3.5338938236236572 1.3472819328308105 2.707214855898124
3.53385329246521 1.3474953174591064 2.7545657052311356
3.53322434425354 1.3477733135223389 2.8011853669855897
3.5294299125671387 1.3490220308303833 2.857889183585668
3.524630069732666 1.3504703044891357 2.891188367153686
3.518073320388794 1.3520280122756958 2.9202146415581947
3.5100417137145996 1.353806495666504 2.945004473343413
3.501007080078125 1.355596661567688 2.96460436546545
3.4902238845825195 1.3575279712677002 2.978759531803878
3.4781382083892822 1.3591831922531128 2.989133359964003
3.4646310806274414 1.360945701599121 2.993089682644332
3.444669246673584 1.3634954690933228 2.9936902440678352
3.4298977851867676 1.3652640581130981 2.9957380418174724
3.4149436950683594 1.367126703262329 2.9974467753356753
3.3999550342559814 1.3691489696502686 2.999421819891585
3.385448694229126 1.370848536491394 3.0013453874198026
3.3707566261291504 1.3727903366088867 3.0013453874198026
3.3562216758728027 1.3745900392532349 3.0019266597643726
3.341614007949829 1.376395344734192 3.0021774770042615
3.321849822998047 1.3786921501159668 3.0025782669841594
3.307293176651001 1.3804264068603516 3.0029680815272743
3.2927792072296143 1.3821507692337036 3.003680703968804
3.278280735015869 1.3840579986572266 3.0051655664501493
3.2635693550109863 1.3858461380004883 3.0068659642133673
3.2492518424987793 1.3876038789749146 3.007673493554067
3.2346391677856445 1.3891727924346924 3.008519893674057
3.2201313972473145 1.3909761905670166 3.0092432401772133
3.2011210918426514 1.3928886651992798 3.0097927976793843
3.186558485031128 1.3946704864501953 3.011626714084006
3.1719868183135986 1.3963890075683594 3.012521745458848
3.1574864387512207 1.3978986740112305 3.011826282928976
3.1424942016601562 1.3997286558151245 3.0139086130773785
3.128160238265991 1.401364803314209 3.0148703995807202
3.113874912261963 1.402984380722046 3.0148703995807202
3.0994882583618164 1.4045066833496094 3.0150056033594623
3.085294246673584 1.40614652633667 3.015017031732407
3.0665271282196045 1.4078149795532227 3.0147869544224015
3.0539262294769287 1.4091436862945557 3.0175692934132012
3.0438663959503174 1.4100643396377563 3.0191411881226453
3.034200429916382 1.4111833572387695 3.018748996389239
3.023690938949585 1.4121928215026855 3.0180797494497478
3.0130529403686523 1.413266897201538 3.0181803682201878
3.0021309852600098 1.4142969846725464 3.017769572287639
2.9880173206329346 1.4157859086990356 3.0184543219782776
2.977247953414917 1.4168789386749268 3.0184543219782776
2.966444730758667 1.4179997444152832 3.018893718042233
2.9559314250946045 1.4190008640289307 3.020189524470554
2.9451985359191895 1.4200005531311035 3.0213339358342473
2.934339761734009 1.421166181564331 3.0226006471557727
2.9235777854919434 1.4222358465194702 3.023442983782966
2.9129490852355957 1.423185110092163 3.0243689950788855
2.9020326137542725 1.4243316650390625 3.025333166723717
2.887441396713257 1.4258427619934082 3.0275075388482233
2.880662202835083 1.4265152215957642 3.0275075388482233
2.8667054176330566 1.4277992248535156 3.0283546530360828
2.855988025665283 1.4288216829299927 3.029694084092882
['bump_right']
2.845540761947632 1.4295744895935059 3.029694084092882
2.8394246101379395 1.4296826124191284 3.0282914649731616
2.8392717838287354 1.4295789003372192 3.0283305566177647
2.842637300491333 1.4292341470718384 3.028069253317917
2.8496932983398438 1.428563117980957 3.0287342096531034
2.855954647064209 1.4278960227966309 3.0286731604466746
2.86321759223938 1.4270153045654297 3.0279779440895362
2.870375394821167 1.4261062145233154 3.0275430746738663
2.8770244121551514 1.4252371788024902 3.027574544192581
2.8840551376342773 1.424443006515503 3.027574544192581
2.8910129070281982 1.423624873161316 3.027574544192581
2.897814989089966 1.4228215217590332 3.0269236518710048
2.907184600830078 1.4215426445007324 3.0265054634305963
2.914332866668701 1.4205998182296753 3.0265054634305963
2.921086549758911 1.419751524925232 3.0265054634305963
2.9274802207946777 1.4190454483032227 3.0265054634305963
2.932511568069458 1.4185436964035034 3.027233595698037
2.9336776733398438 1.418357014656067 3.032614471834476
2.9330532550811768 1.418365716934204 3.030456539874486
2.9334473609924316 1.4182413816452026 3.051787615240082
2.933866024017334 1.417755365371704 3.1154963965436875
2.933670997619629 1.4179085493087769 -3.114262343876855
2.9335079193115234 1.4180090427398682 -3.0666508639082966
2.9333274364471436 1.4180949926376343 -3.017920734702178
2.933178186416626 1.4182746410369873 -2.9705720040002848
2.9334332942962646 1.4182974100112915 -2.923911100075853
2.9333205223083496 1.418471097946167 -2.8752513032898954
2.933436393737793 1.4184935092926025 -2.8292531943242984
2.933626413345337 1.4186753034591675 -2.7665278844722208
2.9334630966186523 1.4187411069869995 -2.718361862958111
2.9334864616394043 1.418889045715332 -2.672007051979978
2.9334166049957275 1.418942928314209 -2.6259708131754467
2.9332833290100098 1.4190006256103516 -2.5801057970904653
2.933526039123535 1.4191128015518188 -2.533456092685184
2.933363437652588 1.419191598892212 -2.4865150261648323
2.9334051609039307 1.4194738864898682 -2.439514187450057
2.933324098587036 1.4195953607559204 -2.3922648625043834
2.9331300258636475 1.4196300506591797 -2.3295333583546127
2.9331846237182617 1.4196614027023315 -2.2818464817209834
2.933079242706299 1.4196794033050537 -2.234789637140096
2.9330251216888428 1.419711947441101 -2.188027587737488
2.9329373836517334 1.4198012351989746 -2.1406002869630547
2.9327597618103027 1.4198925495147705 -2.0942635440659574
2.932703971862793 1.4198472499847412 -2.04724692244098
2.9326508045196533 1.4198970794677734 -1.9849039229354979
2.9326090812683105 1.4199602603912354 -1.9367894680847164
2.932522773742676 1.4200310707092285 -1.8896250993014625
2.9324827194213867 1.420070767402649 -1.8429904439790112
2.9322805404663086 1.420108437538147 -1.7941607236043609
2.9322288036346436 1.4200458526611328 -1.747803762396199
2.9322924613952637 1.420013189315796 -1.7024959364753438
2.9323716163635254 1.4200184345245361 -1.654960678313211
2.932204246520996 1.4198909997940063 -1.5914687096193778
2.9321558475494385 1.4198873043060303 -1.5453352125247684
2.9320878982543945 1.419962763786316 -1.4974166390944539
2.9319636821746826 1.4196902513504028 -1.4504186082279902
2.9319443702697754 1.419782042503357 -1.4037466894428188
2.9319679737091064 1.4196277856826782 -1.3550516611559378
2.9318814277648926 1.4194414615631104 -1.3074241786415073
2.931800127029419 1.4194480180740356 -1.2602544851672048
2.931748867034912 1.4194622039794922 -1.1965683860301177
2.9317026138305664 1.419240117073059 -1.1491140771884039
2.931645631790161 1.4191306829452515 -1.1008214200491606
2.931950569152832 1.418254017829895 -1.0546059862578323
2.9330532550811768 1.4161235094070435 -1.0107868863616136
2.9353959560394287 1.4124144315719604 -0.9744811914414395
2.938882827758789 1.4073636531829834 -0.9451103590491934
2.94317364692688 1.401341199874878 -0.9206942857919336
2.950639009475708 1.3914016485214233 -0.8958650282928722
2.957627534866333 1.3830817937850952 -0.8818605346885622
2.965447425842285 1.3735145330429077 -0.8736697626504977
2.974419593811035 1.362937092781067 -0.8699092855576899
2.98435115814209 1.3513106107711792 -0.8696915089317595
2.9941294193267822 1.3399112224578857 -0.8696009597575456
3.0035154819488525 1.328662395477295 -0.8688185100433696
3.0128939151763916 1.3176465034484863 -0.8681384778254968
3.0252437591552734 1.3028438091278076 -0.8661665029914678
3.0346102714538574 1.2917776107788086 -0.8647846559588207
3.0440709590911865 1.2805925607681274 -0.8633990787539075
3.0533275604248047 1.2695189714431763 -0.8610466353338535
3.062540054321289 1.258474349975586 -0.8596849256210365
3.072063684463501 1.247349500656128 -0.8573875406634917
3.0810866355895996 1.236472725868225 -0.8554629190027198
3.0903592109680176 1.225639820098877 -0.8549185344576122
3.1030778884887695 1.2108935117721558 -0.8540584592583061
3.1121068000793457 1.2001991271972656 -0.8542047480758179
3.121367931365967 1.1893389225006104 -0.8544844647408085
3.1305248737335205 1.1785579919815063 -0.8542644133178151
3.1399142742156982 1.1677565574645996 -0.8542643590723414
3.149420976638794 1.1566189527511597 -0.8526367543343476
3.158822536468506 1.145662546157837 -0.8508214391035261
3.1680924892425537 1.1346657276153564 -0.848417418084085
3.1804611682891846 1.1202045679092407 -0.8455280241388147
3.1892929077148438 1.109802007675171 -0.8446213414696992
3.198798894882202 1.0991010665893555 -0.8444802588450121
3.207934856414795 1.0884804725646973 -0.8438712855412341
3.2176263332366943 1.077579140663147 -0.843463033395475
3.2272789478302 1.066686749458313 -0.8428553996858592
3.2363710403442383 1.0561041831970215 -0.8415056534103551
3.245356321334839 1.0457473993301392 -0.8416929629438871
3.2581896781921387 1.0310553312301636 -0.8416929629438871
3.2675490379333496 1.0204914808273315 -0.842041240849188
3.277148485183716 1.0097628831863403 -0.8416175423315352
3.2867045402526855 0.9990596771240234 -0.8404556818137896
3.29659366607666 0.9880887269973755 -0.8395102664108129
3.3058838844299316 0.9775176048278809 -0.8377331328191504
3.315406084060669 0.9670194983482361 -0.8369660982671648
3.3245747089385986 0.9564762115478516 -0.8372975794308887
3.337672233581543 0.9419533014297485 -0.8370993560908443
3.347013235092163 0.9313191771507263 -0.8365354176599742
3.35628342628479 0.9208751916885376 -0.836405387055111
3.3659164905548096 0.9104092121124268 -0.835726469648343
3.375692129135132 0.8993784189224243 -0.834149730753007
3.3850557804107666 0.8888624310493469 -0.8338432597610301
3.3944950103759766 0.8781707882881165 -0.8324754565553449
3.4037508964538574 0.8676236271858215 -0.8325684940868973
3.4134750366210938 0.8569085001945496 -0.8330885985827234
3.425952911376953 0.8427316546440125 -0.8337293889413064
3.4352004528045654 0.8323564529418945 -0.8341644602269855
3.4450011253356934 0.8216464519500732 -0.8340852347772573
3.4547555446624756 0.8109175562858582 -0.8333840927071551
3.46406888961792 0.8004165291786194 -0.8313449820930436
3.473524808883667 0.7900824546813965 -0.8299322451356809
3.482849597930908 0.779754638671875 -0.8295554220025273
3.495633602142334 0.7656384706497192 -0.8288021668926826
3.5051229000091553 0.7551625370979309 -0.8284275671311763
3.5146758556365967 0.7445858120918274 -0.8285822535670091
3.524336814880371 0.7338416576385498 -0.8285604341249352
3.5338587760925293 0.723377525806427 -0.8283792905329609
3.5432496070861816 0.7131696939468384 -0.8274067538706843
3.552741050720215 0.7025647759437561 -0.8273623770680392
3.5621449947357178 0.6922765970230103 -0.8282414814779426
3.5750365257263184 0.6777794361114502 -0.8286149572891722
3.5845744609832764 0.6671335697174072 -0.8290205123130384
3.5939102172851562 0.6567758917808533 -0.8290205123130384
3.603536367416382 0.6459875106811523 -0.8274604053502939
3.6133615970611572 0.6353554129600525 -0.8270329942811492
3.6227076053619385 0.6250075697898865 -0.8259610983173091
3.6313819885253906 0.6152862906455994 -0.8239887470032471
3.6389167308807373 0.606809675693512 -0.822528068053532
3.645326614379883 0.5998730063438416 -0.8225280680543718
['bump_front_center']
3.6542088985443115 0.5900585651397705 -0.8224835374894487
3.6572225093841553 0.5867058634757996 -0.8231677149449722
3.6568121910095215 0.5868333578109741 -0.8221700106073189
3.6561081409454346 0.5874917507171631 -0.8221700652420506
3.653715133666992 0.5899901986122131 -0.8238386436282977
3.650031089782715 0.593662440776825 -0.8236532304276271
3.6449923515319824 0.5989973545074463 -0.823817606319766
3.638188600540161 0.6057978272438049 -0.8244038515208592
3.6335549354553223 0.6106133460998535 -0.8251403042060855
3.62864351272583 0.6157246232032776 -0.8258125791068451
3.6242032051086426 0.6203832626342773 -0.8250235791390519
3.620824098587036 0.6239263415336609 -0.8223663061551766
3.6188805103302 0.6262823343276978 -0.8088653708841222
3.617496967315674 0.6277775764465332 -0.7832467419622837
3.6165168285369873 0.6285465359687805 -0.7496971497235599
3.6162233352661133 0.6291413307189941 -0.6915954881598825
3.6163382530212402 0.6286368370056152 -0.6407449886023981
3.616219997406006 0.6282389760017395 -0.5922128189642895
3.61602783203125 0.6281936168670654 -0.543368294729206
3.6158065795898438 0.628071129322052 -0.49409275514054973
3.615579128265381 0.6278587579727173 -0.4480529106645478
3.615389347076416 0.6277257800102234 -0.40234390599454833
3.6151115894317627 0.6277247667312622 -0.35553793611412915
3.6148738861083984 0.6275202035903931 -0.29074206397480284
3.6146552562713623 0.627309262752533 -0.2441677798962059
3.6145548820495605 0.6269555687904358 -0.19844098943074573
3.6142265796661377 0.6269756555557251 -0.15170765773974013
3.614126682281494 0.6268523931503296 -0.10410303973677142
3.6139473915100098 0.6266782879829407 -0.05741445359521442
3.6138298511505127 0.6266206502914429 -0.009937105603630994
3.613957166671753 0.6263360977172852 0.03863844765246884
3.613626718521118 0.6262803077697754 0.1005767332709454
3.613600730895996 0.6258901357650757 0.14759315605607204
3.6135823726654053 0.6257615089416504 0.19377570569317562
3.613241195678711 0.6257121562957764 0.24018862565322527
3.61311411857605 0.6256167888641357 0.28801296720072145
3.612971067428589 0.6254653334617615 0.33500796084834017
3.6128451824188232 0.6253409385681152 0.3821785083681424
3.613016366958618 0.6251246929168701 0.42821142103193593
3.6127161979675293 0.6248847246170044 0.49073080572436095
3.6126043796539307 0.6247565746307373 0.5381432996186638
3.6128182411193848 0.6246024370193481 0.5838814774404822
3.6125683784484863 0.6244608163833618 0.6314736328831679
3.612607002258301 0.6243891716003418 0.6806871107587278
3.6125550270080566 0.62433260679245 0.725859169742983
3.6125855445861816 0.6241925954818726 0.772373876658448
3.61259388923645 0.623885989189148 0.834659179912504
3.6125693321228027 0.6237696409225464 0.8815385099145121
3.6126201152801514 0.6237711310386658 0.9287411484912825
3.6126818656921387 0.6236633658409119 0.9759783052674326
3.6126081943511963 0.6236056089401245 1.0225788467733767
3.612497329711914 0.623471200466156 1.071110808786352
3.6125729084014893 0.6235390901565552 1.1162739180231895
3.6125755310058594 0.6233847141265869 1.163002200177985
3.612626075744629 0.6233294010162354 1.2120352856994048
3.6125006675720215 0.6232799887657166 1.2752828593813326
3.6124370098114014 0.6232951879501343 1.321748455468027
3.6126856803894043 0.6240327954292297 1.368417008940914
3.613055467605591 0.6267903447151184 1.4106545943863023
3.6138415336608887 0.631525993347168 1.4447842948929248
3.614596128463745 0.637241780757904 1.4702521855064892
3.615060806274414 0.6446300148963928 1.493171083730487
3.615537166595459 0.6533002257347107 1.5121737850211654
3.616082191467285 0.6672228574752808 1.5296293861332295
3.6162467002868652 0.6795084476470947 1.537317608221896
3.616253614425659 0.6934047937393188 1.5411968451459341
3.616285562515259 0.7081735730171204 1.540851032283981
3.616180181503296 0.7226942777633667 1.5407777788551964
3.6160802841186523 0.7370381951332092 1.5421996755414873
3.6159279346466064 0.7515652775764465 1.542569587041587
3.6160390377044678 0.7661789655685425 1.5431340077503195
3.61606764793396 0.7848161458969116 1.5435846015702308
3.615999698638916 0.7989916801452637 1.5435846015702308
3.6159920692443848 0.8140212297439575 1.5456486306807093
3.616276979446411 0.8282594084739685 1.5469903568080916
3.616314649581909 0.8428953886032104 1.5484202150181035
3.616337299346924 0.8569455742835999 1.5488378847745454
3.6163177490234375 0.8714671730995178 1.5488951401912037
3.616401433944702 0.8861001133918762 1.5498014085286653
3.616283655166626 0.9048517942428589 1.5511519307585593
3.61618971824646 0.9194337129592896 1.551096963311115
3.6162095069885254 0.9336499571800232 1.5519439986575936
3.615978240966797 0.9474844336509705 1.5542631899962551
3.6158065795898438 0.9618990421295166 1.555110615603527
3.6157474517822266 0.9759794473648071 1.5567488444097162
3.615368127822876 0.9904922246932983 1.5582100227278814
3.6151793003082275 1.0055911540985107 1.5598088902870533
3.614518642425537 1.0238596200942993 1.5598089741070673
3.614298105239868 1.038009524345398 1.559778191990151
3.6140124797821045 1.0526676177978516 1.559355725975486
3.613525390625 1.0671247243881226 1.56065293888131
3.6132967472076416 1.0814908742904663 1.5632165897663781
3.6130144596099854 1.0951666831970215 1.5638920566712762
3.612563371658325 1.1094554662704468 1.5643753297699685
3.6120591163635254 1.128218412399292 1.5643753297699685
3.6118416786193848 1.1420226097106934 1.5647602960198403
3.611492156982422 1.1561349630355835 1.5644225368962148
3.6110990047454834 1.171090006828308 1.5648184755789298
3.610765218734741 1.1853976249694824 1.5663419913315577
3.6104044914245605 1.1995786428451538 1.5663493196510936
3.6099090576171875 1.2136410474777222 1.567506452343191
3.609616994857788 1.2278364896774292 1.5683958435603964
3.6091089248657227 1.2428416013717651 1.5682289508361271
3.608596086502075 1.2614151239395142 1.5687478055684754
3.6082324981689453 1.2755440473556519 1.5687478055684754
3.6077308654785156 1.2905539274215698 1.5690076910689406
3.607229709625244 1.3047057390213013 1.5690800380098056
3.6068875789642334 1.3187335729599 1.569417927335511
['bump_right']
3.60632586479187 1.332579493522644 1.5695738943865927
3.6054487228393555 1.3442093133926392 1.5674283098029245
3.6054153442382812 1.346215009689331 1.5670852273059797
3.605034589767456 1.3433090448379517 1.5668840217723496
3.605145215988159 1.3384976387023926 1.5681216950820451
3.6052820682525635 1.3323489427566528 1.568474988476455
3.605053663253784 1.3248491287231445 1.5670507887694773
3.6050162315368652 1.3176978826522827 1.566737070350694
3.604895830154419 1.3109761476516724 1.5664246000099238
3.604715347290039 1.3043090105056763 1.5664246000099238
3.604449510574341 1.2954379320144653 1.5662522279697544
3.604351043701172 1.2901456356048584 1.5693691783600274
3.604224920272827 1.286195158958435 1.5851549809930927
3.6040468215942383 1.2834727764129639 1.610849620712455
3.604158639907837 1.281955361366272 1.6456578302289193
3.604280471801758 1.281348466873169 1.6847014484131928
3.604285717010498 1.2815645933151245 1.7329050671462147
3.6042964458465576 1.2820072174072266 1.7818320914614751
3.6041979789733887 1.281938076019287 1.8300871014450188
3.60425066947937 1.281811237335205 1.8943165436444636
3.6043343544006348 1.2820652723312378 1.9424097908980664
3.6043100357055664 1.2818374633789062 1.9903392024942599
3.6044256687164307 1.281618356704712 2.0376821699851835
3.6044626235961914 1.2817050218582153 2.081339416780855
3.6044461727142334 1.2817387580871582 2.128384078083261
3.6044089794158936 1.2819150686264038 2.1758196627207678
3.604494333267212 1.2818732261657715 2.224880442998631
3.604613780975342 1.2817835807800293 2.286687634495664
3.6046438217163086 1.2819459438323975 2.333662704107418
3.604682683944702 1.2819082736968994 2.3822228652048634
3.6046807765960693 1.2819130420684814 2.4289640920664866
3.6046249866485596 1.2819929122924805 2.4754624364350524
3.6046524047851562 1.2820322513580322 2.5216741828425677
3.6046628952026367 1.2822682857513428 2.5689244174192
3.6046977043151855 1.2823635339736938 2.617117409701294
3.6046254634857178 1.2825425863265991 2.6797041926522445
3.6044514179229736 1.2826703786849976 2.7276911785814466
3.6044275760650635 1.2827599048614502 2.775626916931461
3.6043052673339844 1.2829205989837646 2.8237295404274505
3.6041853427886963 1.2829985618591309 2.8718371258333133
3.603940486907959 1.2831835746765137 2.921042671876085
3.603825569152832 1.2833352088928223 2.96757149373182
3.603729486465454 1.2835121154785156 3.0144958660873793
3.6036665439605713 1.2836872339248657 3.0760903343933026
3.603449583053589 1.2838718891143799 3.12332868571197
3.603405475616455 1.2838246822357178 -3.111752272364418
3.6034536361694336 1.2839456796646118 -3.0640840604510946
3.603236198425293 1.2841782569885254 -3.01876497828855
3.603039264678955 1.2843281030654907 -2.972325085643154
3.6032047271728516 1.2844246625900269 -2.9242527454497487
3.6028993129730225 1.2846802473068237 -2.8744559402359475
3.6026697158813477 1.2846102714538574 -2.812197677990547
3.6025478839874268 1.2848023176193237 -2.7650470564959124
3.602700710296631 1.2848728895187378 -2.7168662596476456
3.60248064994812 1.2850419282913208 -2.669346102267509
3.60225248336792 1.285191535949707 -2.6236863026630903
3.6020328998565674 1.2853927612304688 -2.577278612706413
3.6012353897094727 1.2852271795272827 -2.5309267504521977
3.5991814136505127 1.283594012260437 -2.4864911529618805
3.5957956314086914 1.2810713052749634 -2.451714966042628
3.5897116661071777 1.2761585712432861 -2.4135678044957687
3.58357834815979 1.270747423171997 -2.3901009788377037
3.5767619609832764 1.2646456956863403 -2.3709914663480722
3.568972587585449 1.2571524381637573 -2.3562030408680914
3.5603208541870117 1.248642921447754 -2.3473133982292507
3.550619125366211 1.2386536598205566 -2.3425228131903744
3.5396361351013184 1.2276619672775269 -2.341246831073306
3.5262439250946045 1.2136106491088867 -2.3409180728765375
3.516293525695801 1.2036164999008179 -2.339635343631153
3.5053508281707764 1.192559003829956 -2.337882950283264
3.495229959487915 1.1822506189346313 -2.337269298424786
3.4852101802825928 1.1719712018966675 -2.336522116943936
3.47511625289917 1.161912441253662 -2.3364234166793074
3.464904308319092 1.151214599609375 -2.3371518200207597
3.4542648792266846 1.1404387950897217 -2.3373489678914674
3.444216012954712 1.130000352859497 -2.336522048526426
3.430665969848633 1.1160953044891357 -2.336611238988928
3.419930934906006 1.1051863431930542 -2.3348624313511994
3.4101157188415527 1.0949710607528687 -2.3345484662206166
3.400031566619873 1.0849661827087402 -2.334189359887315
3.3897554874420166 1.0744041204452515 -2.334189359887315
3.3799190521240234 1.0641342401504517 -2.334189359887315
3.36954402923584 1.0534305572509766 -2.3335771344682277
3.3563008308410645 1.039726972579956 -2.331464323803894
3.3459227085113525 1.0288937091827393 -2.3308915601581797
3.3357317447662354 1.018355131149292 -2.3294017456509652
3.325927734375 1.007980227470398 -2.329468982467707
3.3159127235412598 0.9976531267166138 -2.329355454652939
3.30586838722229 0.987138032913208 -2.3291344952296025
3.29581618309021 0.976467490196228 -2.3286659336546434
3.2857816219329834 0.9658013582229614 -2.328744623532923
3.2761034965515137 0.9555582404136658 -2.32823851117835
3.262486696243286 0.9414887428283691 -2.328212722225388
3.252385377883911 0.9309384226799011 -2.32675767229405
3.2423512935638428 0.9202986359596252 -2.326126837386108
3.2323803901672363 0.9096999168395996 -2.324084329756136
3.222365379333496 0.8992311358451843 -2.322386737586242
3.2124335765838623 0.8889904022216797 -2.3219718852816245
3.202448844909668 0.8782020807266235 -2.321867942067888
3.1927661895751953 0.8680833578109741 -2.321766899826851
3.179638147354126 0.853752076625824 -2.32165188718322
3.1694085597991943 0.8427475690841675 -2.321152899934758
3.1595799922943115 0.8326282501220703 -2.32073685836538
3.149954319000244 0.8222074508666992 -2.3216235375829113
3.1400585174560547 0.8115851283073425 -2.322039146950473
3.1300747394561768 0.8009856939315796 -2.3228036992400556
3.1197550296783447 0.7901968955993652 -2.3228036992400556
3.1070096492767334 0.7763974666595459 -2.3230467119266325
3.097108840942383 0.7656360268592834 -2.3232489260419666
3.08713436126709 0.755002498626709 -2.3216068938234087
3.077474355697632 0.7445617914199829 -2.320833611013768
3.067596435546875 0.7339655160903931 -2.3206687155005956
3.057832717895508 0.7234978675842285 -2.3196765861052033
3.04758358001709 0.71266770362854 -2.319284933360639
3.037517547607422 0.7016141414642334 -2.3182067742627925
3.0249741077423096 0.687709629535675 -2.316590328530533
3.015178680419922 0.6769242286682129 -2.315623042011686
3.0050926208496094 0.6659430861473083 -2.3139691696488596
2.9954047203063965 0.6553472876548767 -2.313521875724531
2.9857115745544434 0.6445916891098022 -2.3131459285055445
2.976043701171875 0.6341950297355652 -2.313446998020917
2.9662153720855713 0.6233433485031128 -2.3144888898964706
2.9563496112823486 0.6125271320343018 -2.3143403378195497
2.946876049041748 0.6018155217170715 -2.313649600483041
2.9336626529693604 0.5871069431304932 -2.312064425328262
2.923952341079712 0.5763592720031738 -2.3102664615142383
2.9141597747802734 0.5655272603034973 -2.3089919567008645
2.904711961746216 0.5549257397651672 -2.3087978861792995
2.895063877105713 0.544202983379364 -2.3077399408355674
2.8855652809143066 0.5335829257965088 -2.3077184882832187
2.875520706176758 0.5223308801651001 -2.307066394718312
2.865746021270752 0.5115402936935425 -2.305512908568012
2.8531086444854736 0.49715232849121094 -2.304441949094731
2.8431553840637207 0.4862591028213501 -2.302753943717969
2.833587169647217 0.47545668482780457 -2.3020069265726493
2.823848247528076 0.46459612250328064 -2.300851287197756
2.8139941692352295 0.4535168707370758 -2.299573194560855
2.8044278621673584 0.4428689181804657 -2.298710390514981
2.7949116230010986 0.43178844451904297 -2.2982364059260383
2.7820820808410645 0.4174022376537323 -2.2967102417399943
2.7725863456726074 0.4062432646751404 -2.296279925414315
2.7629406452178955 0.395450234413147 -2.2945692444165853
2.7533838748931885 0.38440194725990295 -2.2945692444165853
2.7438628673553467 0.37355321645736694 -2.2935535863062286
2.734405755996704 0.362851083278656 -2.292936827739979
2.7249746322631836 0.35190853476524353 -2.2931929151880452
2.7154979705810547 0.34123700857162476 -2.293317345823475
2.702615261077881 0.32673531770706177 -2.2937178715288344
2.6961417198181152 0.3191372752189636 -2.2935958062730437
2.6836752891540527 0.30489581823349 -2.293089628716458
2.6741676330566406 0.29424312710762024 -2.292302567885342
2.6649110317230225 0.2837400734424591 -2.292302567885342
2.655392646789551 0.2729848027229309 -2.292302567885342
2.6457860469818115 0.26210740208625793 -2.292302567885342
2.6364340782165527 0.2512512505054474 -2.2909626801874854
2.623932361602783 0.23668791353702545 -2.2902466818594682
2.614380359649658 0.22583140432834625 -2.2890734279468083
2.604991912841797 0.21526595950126648 -2.287877327636562
2.5954787731170654 0.20416459441184998 -2.287877327636562
2.5860941410064697 0.19339020550251007 -2.2877924052669867
2.5766708850860596 0.1824970841407776 -2.2860724691013132
2.5672245025634766 0.17171193659305573 -2.285911566312171
2.5577609539031982 0.1608319729566574 -2.2865440682830194
2.54516863822937 0.1465759128332138 -2.2865729572254128
2.5355050563812256 0.13554559648036957 -2.2865729572254128
2.52597713470459 0.1245613694190979 -2.286107069307349
2.516537666320801 0.11378344148397446 -2.285103341236767
2.5070061683654785 0.1029278039932251 -2.284609791966744
2.4976041316986084 0.0921877920627594 -2.284609791966744
2.488189220428467 0.08130483329296112 -2.2845101652549746
2.478623628616333 0.07059594988822937 -2.2836813835893612
2.469233751296997 0.059560514986515045 -2.283921734763921
2.4565722942352295 0.044852592051029205 -2.2832212883654206
2.447387456893921 0.033777423202991486 -2.281755654869075
2.4379913806915283 0.022837094962596893 -2.281755654869075
2.4286746978759766 0.012202042154967785 -2.281949087967008
2.419247627258301 0.0010755101684480906 -2.281908053414055
2.409507989883423 -0.010204942896962166 -2.2825228829354516
2.4004275798797607 -0.020962193608283997 -2.2825228829354516
2.391106367111206 -0.03192899376153946 -2.282479755388238
2.378448247909546 -0.04673323035240173 -2.282479755388238
2.369147300720215 -0.057388611137866974 -2.281275289779872
2.3595709800720215 -0.0682520717382431 -2.2811135539235123
2.3502748012542725 -0.0791616439819336 -2.281316488177041
2.340655565261841 -0.09038639068603516 -2.281316488177041
2.330993413925171 -0.10133037716150284 -2.281316488177041
2.3216354846954346 -0.11227032542228699 -2.281128439487705
2.3089041709899902 -0.12691262364387512 -2.280766942981088
2.299257755279541 -0.1380246877670288 -2.2801673669411207
2.289888620376587 -0.14906193315982819 -2.2797145908203955
2.280256986618042 -0.1600271463394165 -2.278674146391953
2.271132707595825 -0.17083591222763062 -2.279310758415099
2.2617673873901367 -0.1817685216665268 -2.2803444466737197
2.252248525619507 -0.19287538528442383 -2.281596658380433
2.24298095703125 -0.2034854292869568 -2.2825174580528276
2.230245590209961 -0.21822725236415863 -2.2827491428911815
2.220665454864502 -0.22932054102420807 -2.282939980362801
2.2118406295776367 -0.23980392515659332 -2.2827291592020296
2.202542781829834 -0.2505156993865967 -2.281506598239319
2.193357229232788 -0.26134568452835083 -2.280882084083789
2.184209108352661 -0.27192550897598267 -2.2805867501732884
2.1748507022857666 -0.28281134366989136 -2.2798225521936097
2.1655826568603516 -0.29370152950286865 -2.2798225521936097
2.156189441680908 -0.3046252727508545 -2.27892734377524
2.14383602142334 -0.31925302743911743 -2.2781982844779485
2.134556293487549 -0.32998761534690857 -2.277763177410848
2.1251940727233887 -0.3410077691078186 -2.2776524916713714
2.1158533096313477 -0.3519815504550934 -2.2772903288385584
2.1067051887512207 -0.3627559244632721 -2.27723308920302
2.097437620162964 -0.373658686876297 -2.277246972904036
2.0882091522216797 -0.38438835740089417 -2.277608152740507
2.0788419246673584 -0.3953251838684082 -2.277395491466794
2.0663955211639404 -0.4100753366947174 -2.277235498010323
2.056929588317871 -0.421255886554718 -2.275692912308287
2.047619104385376 -0.43203818798065186 -2.27411554056499
2.0384349822998047 -0.44280728697776794 -2.2741005009097575
2.0290887355804443 -0.45377859473228455 -2.273986257874823
2.01990008354187 -0.4647895097732544 -2.27371856298669
2.0107390880584717 -0.4757550358772278 -2.2732424981342194
1.9982202053070068 -0.49065104126930237 -2.272047003204475
1.9890787601470947 -0.5014650225639343 -2.271943349982777
1.9798102378845215 -0.5123333930969238 -2.2715833624372554
1.9704464673995972 -0.5232589244842529 -2.2723863157316284
1.9611289501190186 -0.5342769026756287 -2.274226141116694
1.951871633529663 -0.5452405214309692 -2.274489720574356
1.942596673965454 -0.5562301874160767 -2.2744955509654794
1.9331209659576416 -0.5671391487121582 -2.274234065077385
1.9207158088684082 -0.5818555951118469 -2.2736406156402915
1.9114710092544556 -0.5929157137870789 -2.273094154761365
1.9021741151809692 -0.60367751121521 -2.27146887386229
1.893023133277893 -0.6147333383560181 -2.270229138241364
1.8837045431137085 -0.625713050365448 -2.270023790801948
1.8745447397232056 -0.6365353465080261 -2.2698357454953175
1.8654322624206543 -0.6475537419319153 -2.269722512797959
1.85616135597229 -0.6583784818649292 -2.2696476037130586
1.8471043109893799 -0.6693706512451172 -2.270195697132485
1.8345924615859985 -0.68437659740448 -2.2702050148623716
1.8251705169677734 -0.6954078674316406 -2.2693481420431536
1.8159890174865723 -0.7062836289405823 -2.2693430890567776
1.8066593408584595 -0.7171854376792908 -2.270154918492117
1.7973313331604004 -0.72826087474823 -2.2706661762521128
1.7880667448043823 -0.7391871809959412 -2.2718467812367407
1.7789080142974854 -0.7502263188362122 -2.272752252733198
1.7662893533706665 -0.7649478912353516 -2.2722091632101087
1.7570879459381104 -0.7758499383926392 -2.2719133030122065
1.7480523586273193 -0.7867755889892578 -2.2711923458524135
1.739193320274353 -0.7976298928260803 -2.270534991494657
1.7298246622085571 -0.808855414390564 -2.2701730409608922
1.7203253507614136 -0.8202589750289917 -2.2701730409608922
1.7110569477081299 -0.8311051726341248 -2.26979307359549
1.7016936540603638 -0.842010498046875 -2.2716369447452123
1.689235806465149 -0.8569504022598267 -2.272899855032023
1.6802725791931152 -0.86774080991745 -2.2732653886672933
1.6710411310195923 -0.8786681294441223 -2.2734647076645835
1.6620264053344727 -0.8897362351417542 -2.2731247042992404
1.6524745225906372 -0.9010710716247559 -2.2731247042992404
1.6432855129241943 -0.9120322465896606 -2.2724827974364477
1.63449227809906 -0.9229457974433899 -2.2724827974364477
1.625234842300415 -0.9337567687034607 -2.272861264701203
1.616237998008728 -0.9445419907569885 -2.27230025050297
1.6036163568496704 -0.9592580199241638 -2.271789764081949
1.594411015510559 -0.9703062176704407 -2.2697305132920844
1.5853662490844727 -0.9812002778053284 -2.2690051998227805
1.575905203819275 -0.9922844171524048 -2.2691702767256623
1.5665414333343506 -1.0032565593719482 -2.269428026484572
1.5576050281524658 -1.0139943361282349 -2.2715840562620295
['bump_left']
1.5491224527359009 -1.0225211381912231 -2.2657532590482923
1.5477173328399658 -1.0231982469558716 -2.2476270175157507
1.5494846105575562 -1.0220121145248413 -2.257148498295387
1.5520505905151367 -1.0193923711776733 -2.2631981870805293
1.5550837516784668 -1.0160858631134033 -2.2591944002087043
1.5594604015350342 -1.0108596086502075 -2.2584714942857995
1.5641549825668335 -1.0051701068878174 -2.258339369522312
1.5685487985610962 -0.9999272227287292 -2.258744209308124
1.5726795196533203 -0.9950585961341858 -2.258842937091552
1.5785857439041138 -0.9880274534225464 -2.258553083950994
1.5827547311782837 -0.9829322695732117 -2.25831077081517
1.5870258808135986 -0.9777251482009888 -2.258195402359832
1.5914206504821777 -0.9724443554878235 -2.2572756590959044
1.5958642959594727 -0.9671655893325806 -2.257057626500546
1.6000800132751465 -0.9619640111923218 -2.2572040655723327
1.6042600870132446 -0.9567729234695435 -2.257713343497188
1.6080094575881958 -0.9524214267730713 -2.2579258292998845
1.608466625213623 -0.9519471526145935 -2.257838266827487
1.6084097623825073 -0.9522199034690857 -2.2393714681627532
1.608393907546997 -0.9523084163665771 -2.1911525738432616
1.6083638668060303 -0.9522610306739807 -2.1415962856616146
1.608229637145996 -0.9522642493247986 -2.0923785749751596
1.6076759099960327 -0.9524532556533813 -2.0459613359087667
1.6075364351272583 -0.9523976445198059 -2.0002368848938197
1.6073999404907227 -0.9523495435714722 -1.9532567055184344
1.6074106693267822 -0.9521979093551636 -1.890212193812943
1.6072213649749756 -0.9522067308425903 -1.8434091755544495
1.6068921089172363 -0.9520571827888489 -1.7971274870349487
1.606834053993225 -0.9520261883735657 -1.7500797630934615
1.6066070795059204 -0.9519933462142944 -1.7017279593145154
1.6063992977142334 -0.9519645571708679 -1.6557817828232786
1.606216549873352 -0.9518979787826538 -1.609905047761837
1.6060988903045654 -0.9519548416137695 -1.5627971392345998
1.6058989763259888 -0.9519699811935425 -1.4999235693539112
1.6057929992675781 -0.9520271420478821 -1.4536653721932555
1.6056098937988281 -0.9521229863166809 -1.4059869776471006
1.6054660081863403 -0.952254056930542 -1.3586047304880624
1.6053831577301025 -0.9521315693855286 -1.3092603608975202
1.6052600145339966 -0.9521793127059937 -1.2622294616222576
1.6051934957504272 -0.9521642327308655 -1.214863366284353
1.6051284074783325 -0.9522368311882019 -1.167562299529719
1.6049906015396118 -0.9522457718849182 -1.1044081326471797
1.6049755811691284 -0.9523066878318787 -1.056894368607281
1.6048097610473633 -0.952318012714386 -1.0086378828206484
1.6046894788742065 -0.9523791670799255 -0.9611013520744808
1.6045706272125244 -0.9523672461509705 -0.9139330331112293
1.6045615673065186 -0.9522984027862549 -0.8650427273679617
1.6045360565185547 -0.9526115655899048 -0.816914925724024
1.6043550968170166 -0.952666699886322 -0.7703518378692233
1.6042041778564453 -0.9526815414428711 -0.7227294232980555
1.6041475534439087 -0.9528348445892334 -0.6579159251481129
1.6040488481521606 -0.9530250430107117 -0.610883570523218
1.6039042472839355 -0.9530553221702576 -0.5636462225278813
1.6037343740463257 -0.9532373547554016 -0.5147656292823969
1.603627324104309 -0.9534177780151367 -0.46990846482178056
1.603635311126709 -0.953489363193512 -0.42287091638897717
1.6036078929901123 -0.9535682201385498 -0.374935790935853
1.6035624742507935 -0.953810453414917 -0.3104966547641698
1.603480577468872 -0.9540248513221741 -0.26322029976042977
1.6034395694732666 -0.9540939927101135 -0.21622606736345007
1.6033371686935425 -0.954285740852356 -0.1696393443572107
1.6042531728744507 -0.9545453786849976 -0.12403839846392814
1.6067004203796387 -0.9547397494316101 -0.08365425237550894
1.6111165285110474 -0.9552229642868042 -0.04965297952686494
1.6166977882385254 -0.9555843472480774 -0.02062823443048746
1.6266964673995972 -0.9558761715888977 0.009149268914690487
1.6359018087387085 -0.9558783173561096 0.026237712533096823
1.6463243961334229 -0.9557023644447327 0.039636635348482024
1.6584641933441162 -0.9553017616271973 0.0462547707197409
1.6722661256790161 -0.9546573162078857 0.04947145636712883
1.6866968870162964 -0.9537928700447083 0.05040867265359078
1.7014886140823364 -0.952804684638977 0.05204824561607079
['bump_right']
1.7160608768463135 -0.9518499970436096 0.05258967691473442
1.7224457263946533 -0.9484265446662903 0.026157831211375857
1.720862865447998 -0.948904812335968 0.031559410744155754
1.71737539768219 -0.9496871829032898 0.038209760430417586
1.712994933128357 -0.9500374794006348 0.0379694235863595
1.7072036266326904 -0.9506053328514099 0.03196869125463142
1.6997756958007812 -0.9508548974990845 0.030571805864831755
1.6924351453781128 -0.9513105750083923 0.029472939715170756
1.6858580112457275 -0.951488733291626 0.02916680964646315
1.6766257286071777 -0.9519252181053162 0.029017312865731094
1.6723971366882324 -0.952053964138031 0.03088435468498952
1.6665736436843872 -0.9521439075469971 0.046583810267895445
1.6636207103729248 -0.9521193504333496 0.07215224123236154
1.6615920066833496 -0.9523677825927734 0.10260351785132923
1.6604801416397095 -0.9523278474807739 0.14075807284121503
1.6603754758834839 -0.9522961378097534 0.189817389749802
1.6607903242111206 -0.9524710178375244 0.240345419557825
1.6608171463012695 -0.9526726603507996 0.28785454194326726
1.6607937812805176 -0.9526702165603638 0.35075845543141604
1.6611428260803223 -0.9529097080230713 0.39846018517624326
1.6608644723892212 -0.9528507590293884 0.4460429794680208
1.6609776020050049 -0.9529682993888855 0.49329874344979524
1.6608219146728516 -0.9531220197677612 0.5392595641109069
1.6607890129089355 -0.9531800150871277 0.5864549699631249
1.66115140914917 -0.9533446431159973 0.6342454853017969
1.6610519886016846 -0.9534997940063477 0.6969893115551158
1.6610946655273438 -0.9536688923835754 0.7426745453465684
1.6611253023147583 -0.9538049101829529 0.7895089310187768
1.6609736680984497 -0.9539527893066406 0.8371639768423723
1.6609047651290894 -0.9539874792098999 0.8830111215203488
1.6608471870422363 -0.9541821479797363 0.9297239735531524
1.6608612537384033 -0.9542937874794006 0.9765974043873749
1.6608612537384033 -0.9543561339378357 1.0245996130233583
1.6610393524169922 -0.9543828368186951 1.0881572339184493
1.661072015762329 -0.9545486569404602 1.1348851374761908
1.661007285118103 -0.9546335935592651 1.1816471463816443
1.6611747741699219 -0.9547114968299866 1.2275324356758868
1.661163568496704 -0.9547879695892334 1.2747587516303456
1.6613571643829346 -0.9548677206039429 1.32242079158258
1.6615493297576904 -0.9548813700675964 1.3685746494013287
1.6615502834320068 -0.9549726843833923 1.4156425151319871
1.661761999130249 -0.9549134373664856 1.4797014698237758
1.6617741584777832 -0.9550202488899231 1.526476863446889
1.6617296934127808 -0.9551759958267212 1.5739422647737988
1.6618350744247437 -0.9550796151161194 1.6207587855899857
1.6619455814361572 -0.9552362561225891 1.667620305302716
1.6621439456939697 -0.955394983291626 1.715229531829538
1.662267804145813 -0.9554926156997681 1.7631491554751506
1.6624834537506104 -0.9554685950279236 1.8102163439090857
1.662717342376709 -0.9555376768112183 1.8558109253385726
1.6627472639083862 -0.9555892944335938 1.9180891364296377
1.6629047393798828 -0.9554981589317322 1.964712771224511
1.6630417108535767 -0.955571174621582 2.0113650043119193
1.6632591485977173 -0.9554526805877686 2.058559868460847
1.663417935371399 -0.9554175138473511 2.105617025046289
1.6631951332092285 -0.9551409482955933 2.153538947806588
1.6619211435317993 -0.9529021978378296 2.1971149318067456
1.658347725868225 -0.947904646396637 2.241085066453907
1.6542915105819702 -0.9429032802581787 2.268316000909881
1.6491199731826782 -0.9368786215782166 2.291018748367849
1.6428660154342651 -0.9297114610671997 2.309765532213042
1.635725975036621 -0.9220304489135742 2.3237655495021063
1.6275230646133423 -0.9134888052940369 2.3333211334654265
1.618241548538208 -0.903974175453186 2.337744497079965
1.6076936721801758 -0.8933305740356445 2.3379254661566646
1.5940347909927368 -0.8793764710426331 2.3404453447354454
1.5837912559509277 -0.8691763877868652 2.3424788163224055
1.5733970403671265 -0.8590568900108337 2.3424788163224055
1.563161849975586 -0.8487532138824463 2.343130617417421
1.5533409118652344 -0.8388353586196899 2.342645607689493
1.5432227849960327 -0.828793466091156 2.343231178724208
1.5334463119506836 -0.8186132311820984 2.343472707133273
1.5225883722305298 -0.8076854944229126 2.3432645621805177
1.5094194412231445 -0.7943346500396729 2.3443241751639508
1.4994046688079834 -0.7841536998748779 2.3457823019002246
1.4892499446868896 -0.773953378200531 2.348000358864495
1.4787806272506714 -0.7635428309440613 2.34829972640015
1.468629002571106 -0.7534751296043396 2.3486577436673253
1.4583648443222046 -0.7434095144271851 2.3497321472425825
1.4483695030212402 -0.7335256934165955 2.3497321472425825
1.4376381635665894 -0.7229107618331909 2.3501426483255496
1.4245854616165161 -0.7096613049507141 2.350876337599637
1.4144459962844849 -0.6995648741722107 2.350876337599637
1.403511643409729 -0.6887471675872803 2.351351289227719
1.393247365951538 -0.6787606477737427 2.3521270417452262
1.3832851648330688 -0.6688992977142334 2.3521270417452262
1.3730378150939941 -0.6588970422744751 2.352520047461818
1.3629440069198608 -0.6490028500556946 2.353936792019719
1.3522958755493164 -0.6383439302444458 2.3545711150842026
1.3384369611740112 -0.6250482201576233 2.355460867606415
1.3284180164337158 -0.6152542233467102 2.357076676002956
1.3175901174545288 -0.6047006249427795 2.3587615054231024
1.3073794841766357 -0.5946806073188782 2.3594438642000366
1.2972720861434937 -0.5847254395484924 2.359771006465115
1.2870585918426514 -0.5747616291046143 2.359771006465115
1.2768001556396484 -0.5647956728935242 2.359458882584032
1.2661367654800415 -0.5542762875556946 2.3582072781557093
1.2527707815170288 -0.5412110090255737 2.358901061300652
1.2424641847610474 -0.5311782360076904 2.3588399685827057
1.2316746711730957 -0.5205568075180054 2.359051711627558
1.2209103107452393 -0.510364830493927 2.359488997387204
1.2110623121261597 -0.5006421208381653 2.359488997387204
1.2008260488510132 -0.49069905281066895 2.359640346708345
1.190766453742981 -0.4808981418609619 2.360206863210437
1.1799222230911255 -0.4704488515853882 2.3602006447617274
1.1693496704101562 -0.4600679278373718 2.3601436094266677
1.1561594009399414 -0.44742298126220703 2.361016218031457
1.1450552940368652 -0.4366399049758911 2.3626542028388724
1.1345751285552979 -0.42635414004325867 2.3629236652969934
1.1246566772460938 -0.4168291985988617 2.3628716209725114
1.1145861148834229 -0.40692442655563354 2.3632897861980484
1.1044745445251465 -0.39692848920822144 2.363006109594148
1.0936219692230225 -0.38638296723365784 2.3626493675881886
1.08021080493927 -0.37347903847694397 2.3627573765740952
1.0699442625045776 -0.36368852853775024 2.3627573765740952
1.0592952966690063 -0.3532191216945648 2.3637247120337834
1.048738718032837 -0.3429040014743805 2.364420663581495
1.0387195348739624 -0.3332296907901764 2.3647837915119094
1.0282295942306519 -0.32311201095581055 2.3655657804866173
