-4.296371480450034e-05 5.0385529902996495e-05 -0.000499500244147177
-4.296371480450034e-05 5.0385529902996495e-05 -0.0004995005934006431
-4.296371480450034e-05 5.0385529902996495e-05 -0.0004995011754897533
-4.296371480450034e-05 5.0385529902996495e-05 -0.0004995016411610414
-4.296371480450034e-05 5.0385529902996495e-05 -0.0004995019885762307
0.0001661423739278689 3.359038237249479e-05 -0.0007662989684465274
0.0033454010263085365 -0.00013484769442584366 -0.001209050020226733
0.011054307222366333 -0.0004460532800294459 -0.0006942992029454723
0.01939261332154274 -0.0004674731462728232 -0.0016851713634374655
0.0297884251922369 -0.0005003523547202349 -0.0021925286843917625
0.042533013969659805 -0.0005372153827920556 -0.0014891920713857338
0.05691841244697571 -0.0005343695520423353 -0.00047757841112326346
0.07210465520620346 -0.0007260110578499734 -0.0011256044967931065
0.08684991300106049 -0.0008309478871524334 -0.002695367868782126
0.10101444274187088 -0.0009339519892819226 -0.004601530248011138
0.11997977644205093 -0.001082075061276555 -0.006339126804208101
0.1342615932226181 -0.0013729613274335861 -0.006388003624142567
0.1485222578048706 -0.0013902622740715742 -0.007942491524938342
0.1625519096851349 -0.0017830641008913517 -0.007539088291977511
0.17653100192546844 -0.0018044149037450552 -0.007410342936085418
0.1908089816570282 -0.0020786887034773827 -0.00809365507988618
0.20483741164207458 -0.0020806388929486275 -0.008930994430521725
0.218814417719841 -0.002249807817861438 -0.009454338444573274
0.23789668083190918 -0.002564937574788928 -0.01063809792618746
0.25192728638648987 -0.002757570007815957 -0.010517693503676918
0.2660672962665558 -0.0029745744541287422 -0.010414694249777584
0.2801726758480072 -0.0032924427650868893 -0.008944582352898087
0.29479682445526123 -0.0036557228304445744 -0.008976055756838252
0.3089084029197693 -0.003936493769288063 -0.009238080901852148
0.3233247399330139 -0.0042731137946248055 -0.010068488130442725
0.3376725912094116 -0.004440559074282646 -0.01071507769509277
0.35661768913269043 -0.004830623045563698 -0.011984403727854255
0.37092870473861694 -0.005015906877815723 -0.01198440093394432
0.3852308392524719 -0.005271571688354015 -0.011984398140034387
0.39965447783470154 -0.005548863671720028 -0.011615567453303216
0.4141284227371216 -0.005823413375765085 -0.011848026797141099
0.4283088445663452 -0.00618857704102993 -0.01369336923543966
0.44230028986930847 -0.0064325593411922455 -0.014879481022834784
0.45650914311408997 -0.006741011515259743 -0.015872716725829242
0.475292831659317 -0.0068528237752616405 -0.016832094745874743
0.48982831835746765 -0.007211665622889996 -0.0166683013838171
0.5040276050567627 -0.007435188163071871 -0.0166683013838171
0.5183417201042175 -0.007592870853841305 -0.016605358979594993
0.5325902700424194 -0.007985122501850128 -0.016279912233153063
0.5468860864639282 -0.008351337164640427 -0.016709063248114654
0.561333179473877 -0.008631867356598377 -0.017115325533230908
0.5757544636726379 -0.008979606442153454 -0.01711533112094982
0.5947757363319397 -0.009387107565999031 -0.01898522877365918
0.6091313362121582 -0.009754049591720104 -0.01928110404715867
0.6234323382377625 -0.010124469175934792 -0.019991591967242307
0.6374965906143188 -0.010599430650472641 -0.020178038584103258
0.6519150137901306 -0.010995653457939625 -0.02116174619390721
0.6663777828216553 -0.011421778239309788 -0.022691679003276146
0.680466890335083 -0.011871063150465488 -0.02352209406762872
0.6948341727256775 -0.01213137712329626 -0.024126264444243956
0.7138074040412903 -0.01264062337577343 -0.024126283067125023
0.72818523645401 -0.013009374961256981 -0.02412629424224895
0.7426832914352417 -0.013337473385035992 -0.02412630541737287
0.7569270133972168 -0.01399453729391098 -0.02238251119812021
0.7714303731918335 -0.01420445553958416 -0.02219821669407081
0.7859544157981873 -0.014809169806540012 -0.02215698036428315
0.8002885580062866 -0.015309197828173637 -0.023063694381845006
0.8148960471153259 -0.015650181099772453 -0.024643712149506277
0.8288411498069763 -0.01606591045856476 -0.025262409095510762
0.8480972051620483 -0.016531437635421753 -0.026070168688439626
0.862607479095459 -0.017059562727808952 -0.026161005311099533
0.8766788840293884 -0.017512651160359383 -0.026218706323367643
0.8912221789360046 -0.018073994666337967 -0.026393956440555557
0.9051746129989624 -0.018470637500286102 -0.026673861098101537
0.9197832345962524 -0.018763467669487 -0.026901317595547473
0.9341534972190857 -0.019187547266483307 -0.026740382263909374
0.9482961297035217 -0.01965581625699997 -0.02702553205183201
0.9674022793769836 -0.020203111693263054 -0.026017252779707227
0.9820141196250916 -0.02073718048632145 -0.025495113855111957
0.996043860912323 -0.021165737882256508 -0.02509480772392553
1.010595679283142 -0.02164299599826336 -0.024933639787875068
1.0249065160751343 -0.022144848480820656 -0.02562054153457134
1.0392276048660278 -0.022590477019548416 -0.02629669237512207
1.053759217262268 -0.023090055212378502 -0.027330740421791216
1.0722187757492065 -0.0234824325889349 -0.027930845478007126
1.0864492654800415 -0.02389133907854557 -0.02702912304290997
1.1012084484100342 -0.024427197873592377 -0.027970690843767822
1.115291714668274 -0.024873394519090652 -0.028469255408766325
1.1297862529754639 -0.025281276553869247 -0.028717940935012006
1.1441706418991089 -0.025846419855952263 -0.028717935347178578
1.1585912704467773 -0.02609844319522381 -0.029729173421993174
1.173383355140686 -0.02668330818414688 -0.030002435440075307
1.1877204179763794 -0.0272362120449543 -0.030434994849911554
1.2070156335830688 -0.02783510833978653 -0.030229450866072823
1.221480369567871 -0.028404688462615013 -0.03009640195653927
1.2356137037277222 -0.028758516535162926 -0.03009640754428895
1.250265121459961 -0.029292108491063118 -0.029778332192417344
1.264512062072754 -0.02987905591726303 -0.03082720756634761
1.2794125080108643 -0.030247386544942856 -0.03233959173832905
1.2937750816345215 -0.030964884907007217 -0.032339580566128276
1.3119397163391113 -0.03151704743504524 -0.03379116148053945
1.3268487453460693 -0.032111745327711105 -0.03301198803783193
1.341157078742981 -0.03258394077420235 -0.03283508487439519
1.355573296546936 -0.033140476793050766 -0.0328038661221788
1.3696187734603882 -0.033805299550294876 -0.03288136664670251
1.3840978145599365 -0.0343097448348999 -0.03378237803524096
1.3984715938568115 -0.03492240235209465 -0.03497470859247833
1.4126406908035278 -0.035591185092926025 -0.03584067388079851
1.4268405437469482 -0.03621252253651619 -0.037540854733657376
1.4462591409683228 -0.036943234503269196 -0.03895064875936985
1.460365653038025 -0.03752809390425682 -0.03958937928755273
1.474614143371582 -0.03823481872677803 -0.039950363358566575
1.4887406826019287 -0.038801662623882294 -0.04010937224832258
1.5034056901931763 -0.03956570103764534 -0.04112261925047039
1.5178335905075073 -0.04024503752589226 -0.04209822388856339
1.531821846961975 -0.04098334163427353 -0.04267661466792706
1.5460933446884155 -0.04160209000110626 -0.04408611711018243
1.5651367902755737 -0.042533837258815765 -0.04463254850264506
1.5793155431747437 -0.04326408728957176 -0.044835667651110044
1.593507170677185 -0.04401044920086861 -0.045118676261714966
1.6077076196670532 -0.044481538236141205 -0.04559026590118291
1.6222044229507446 -0.04522772505879402 -0.04593977544467861
1.6368871927261353 -0.04587944224476814 -0.04708490194043677
1.6508859395980835 -0.04670358821749687 -0.047604160125761845
1.6697731018066406 -0.047790635377168655 -0.04779637921804926
1.6792839765548706 -0.04818258062005043 -0.04772151988571832
1.698636531829834 -0.04911896586418152 -0.0475455739872978
1.7127048969268799 -0.049754269421100616 -0.04823435521404294
1.7271479368209839 -0.0505874864757061 -0.04859201358772025
1.7415255308151245 -0.05113944783806801 -0.049924962301944015
1.7559936046600342 -0.05181814357638359 -0.0503736363503044
1.7701196670532227 -0.052485883235931396 -0.0511966264135893
1.7844538688659668 -0.053061343729496 -0.052068001485599466
1.8112797737121582 -0.054376862943172455 -0.0529868382888859
1.8208130598068237 -0.05483727529644966 -0.05333348959331977
1.84505295753479 -0.055979616940021515 -0.05268430025508598
1.8596984148025513 -0.056955769658088684 -0.052466865312747066
1.8754699230194092 -0.05782154202461243 -0.05345393448390326
1.8899214267730713 -0.05862150341272354 -0.053793211059091454
1.9090481996536255 -0.05963805690407753 -0.055156298774418785
1.9235219955444336 -0.060636356472969055 -0.055156287602159015
1.9375864267349243 -0.06138459965586662 -0.055451684166606965
1.952085256576538 -0.062329698354005814 -0.05564956411422205
1.9663337469100952 -0.06305792182683945 -0.05699738374907035
1.9809346199035645 -0.06385281682014465 -0.05842598601849768
1.995456576347351 -0.06472625583410263 -0.05992843952245432
2.009243965148926 -0.06558553874492645 -0.05988958745454531
2.0232765674591064 -0.06631676107645035 -0.05948716686347732
2.0426080226898193 -0.06732667982578278 -0.058268180315807556
2.056722640991211 -0.06826174259185791 -0.05801954399268796
2.0711419582366943 -0.06925274431705475 -0.057467140075749316
2.08563232421875 -0.07010834664106369 -0.0564720096915127
2.0999255180358887 -0.07087837904691696 -0.0561880686135618
2.1145272254943848 -0.07170774787664413 -0.0567614730940775
2.1287238597869873 -0.07253328710794449 -0.057378023774534354
2.1429848670959473 -0.07340355962514877 -0.059130911046278316
2.1621878147125244 -0.07445299625396729 -0.059918436347540203
2.1761107444763184 -0.07524093985557556 -0.06032758132347457
2.1904687881469727 -0.07598159462213516 -0.06083228113477592
2.2045769691467285 -0.07699094712734222 -0.0607359723982653
2.2191197872161865 -0.07804540544748306 -0.06058862985036497
2.233700752258301 -0.0791049674153328 -0.061785242249095824
2.2475883960723877 -0.07994777709245682 -0.06222703318049004
2.2663238048553467 -0.08129293471574783 -0.0622270182867662
2.2807791233062744 -0.08226561546325684 -0.06158375582122266
2.2947299480438232 -0.08307744562625885 -0.06127879862486375
2.3091235160827637 -0.08400770276784897 -0.06067582483796012
2.3231663703918457 -0.08492166548967361 -0.06067581366714054
2.337897777557373 -0.08596819639205933 -0.06067580249573193
2.352410078048706 -0.08701169490814209 -0.0622169465425491
2.366197109222412 -0.08775802701711655 -0.06221693537195828
2.38045597076416 -0.08885069191455841 -0.06315582502216079
2.3996071815490723 -0.09005703777074814 -0.06315579523312502
2.4136085510253906 -0.09093844145536423 -0.06341208595482892
2.4279139041900635 -0.09190358966588974 -0.06348359332468852
2.4419894218444824 -0.0929810181260109 -0.06325087423129795
2.4564499855041504 -0.0940471962094307 -0.06466636618501027
2.4711928367614746 -0.09495589882135391 -0.06504307024832998
2.4851417541503906 -0.09594613313674927 -0.065757375415438
2.4994027614593506 -0.09697263687849045 -0.06680047543265338
2.5188043117523193 -0.09836094826459885 -0.06850873138612829
2.5326530933380127 -0.09928704798221588 -0.06850873138612829
2.54685640335083 -0.10020995140075684 -0.06931506608074475
2.5608057975769043 -0.1013457253575325 -0.07041010827982795
2.575622081756592 -0.10248065739870071 -0.07157573177242518
2.589803695678711 -0.10358734428882599 -0.07301431753666737
2.6040003299713135 -0.10471919178962708 -0.0740082875077525
2.6179778575897217 -0.10565043985843658 -0.07629133999985796
['bump_right']
2.636063814163208 -0.10696130245923996 -0.07883170232396775
2.638826608657837 -0.10588148981332779 -0.10271323921653795
2.6374638080596924 -0.10601667314767838 -0.10071872678536897
2.634730577468872 -0.10638798773288727 -0.09712805584408542
2.629547357559204 -0.10606195777654648 -0.09684674172565272
2.6237261295318604 -0.10561341047286987 -0.09986037485799186
2.6164374351501465 -0.10479274392127991 -0.100406807105232
2.606799840927124 -0.10384871810674667 -0.10112610784342081
2.5999326705932617 -0.10313791781663895 -0.10074562811350231
2.5934698581695557 -0.10237088799476624 -0.10062978551727332
2.5877816677093506 -0.10183227062225342 -0.09753846446760081
2.583256959915161 -0.10129982233047485 -0.08673628227331003
2.5802018642425537 -0.10105207562446594 -0.06324465042708646
2.5783872604370117 -0.10088781267404556 -0.03404713135687293
2.5775303840637207 -0.10094554722309113 0.004993964915886699
2.577500343322754 -0.10102801024913788 0.06899267413253574
2.577638626098633 -0.10115806758403778 0.11778723436966504
2.5776658058166504 -0.10135264694690704 0.1647755195846275
2.577558755874634 -0.1015230342745781 0.21193191859533317
2.5775904655456543 -0.10169991105794907 0.259415262551076
2.577617645263672 -0.10183355957269669 0.30484472605568497
2.5774753093719482 -0.10187278687953949 0.35231842852592354
2.5776071548461914 -0.1020311787724495 0.40009135964207904
2.577564001083374 -0.10224070399999619 0.4478782542421108
2.577401876449585 -0.1023392602801323 0.5112699485169222
2.5775961875915527 -0.10237596184015274 0.55862696613629
2.577666997909546 -0.1024806872010231 0.6061096071472714
2.577665328979492 -0.10242060571908951 0.6537247544274828
2.577643394470215 -0.10258691012859344 0.7012370340731029
2.577610492706299 -0.10270191729068756 0.7471985284234866
2.577709436416626 -0.10290306061506271 0.7942081388136177
2.577634811401367 -0.10308517515659332 0.8395284221440258
2.5774755477905273 -0.1033453494310379 0.9025809590657439
2.57749605178833 -0.10343661904335022 0.9488017757913003
2.5774309635162354 -0.10353310406208038 0.9963866864553318
2.5775420665740967 -0.10360087454319 1.0441000043428725
2.577566146850586 -0.1038355827331543 1.0912002274189658
2.5775949954986572 -0.10403522104024887 1.1358699582199667
2.577772617340088 -0.10406556725502014 1.1824490862236954
2.577587604522705 -0.10423006117343903 1.230259328527463
2.577747344970703 -0.10435275733470917 1.2933009059065639
2.5778183937072754 -0.10442665964365005 1.3399648531255726
2.5779619216918945 -0.10448016226291656 1.3877749714071506
2.5780105590820312 -0.10446508228778839 1.4349572373920114
2.578185558319092 -0.10441524535417557 1.4818528750797049
2.5781731605529785 -0.10470511019229889 1.5362592962758679
2.578423261642456 -0.10443121939897537 1.5875111321015813
2.5785129070281982 -0.104513019323349 1.6269924949340466
2.578559160232544 -0.10480420291423798 1.695100413097347
2.57881236076355 -0.10466828942298889 1.7441938735349598
2.5789053440093994 -0.10464439541101456 1.7829338807268373
2.5788185596466064 -0.10492852330207825 1.8324021574535587
2.5790352821350098 -0.10478156805038452 1.88301337900022
2.5792105197906494 -0.10485436022281647 1.9330979751056174
2.579324960708618 -0.10483531653881073 1.981985822407914
2.5791265964508057 -0.10432570427656174 2.020478237354543
2.57741117477417 -0.10087833553552628 2.078794501388276
2.574880361557007 -0.09635696560144424 2.1106619662733275
2.572075366973877 -0.09175314009189606 2.135155914872492
2.567655324935913 -0.08510494977235794 2.1586377115763704
2.562323570251465 -0.07719507813453674 2.1772637559039136
2.5554850101470947 -0.06795545667409897 2.1928059766238537
2.547922372817993 -0.05734878405928612 2.2027716262368062
2.5407488346099854 -0.048203665763139725 2.20561652602685
2.5276777744293213 -0.030967824161052704 2.2083826803412507
2.5185530185699463 -0.01918601244688034 2.2090354268085997
2.5113022327423096 -0.009628352709114552 2.209959235339978
2.501910448074341 0.0021113676484674215 2.2118430506702533
2.4929163455963135 0.014022847637534142 2.212134125298633
2.483802556991577 0.026211053133010864 2.214599114391449
2.4745724201202393 0.037954576313495636 2.214946496321371
2.4640488624572754 0.05213513225317001 2.2159330275806655
2.4550397396087646 0.06391173601150513 2.216856954602213
2.4458189010620117 0.07549330592155457 2.2163295895764485
2.4385335445404053 0.08507223427295685 2.2172050074865703
2.429093837738037 0.09702800214290619 2.216890835078219
2.419908285140991 0.1089031770825386 2.216806849384028
2.41096830368042 0.12076639384031296 2.217298542168632
2.401656150817871 0.13268503546714783 2.2174878751110594
2.3944523334503174 0.14230765402317047 2.2200820065044136
2.382373809814453 0.15781114995479584 2.222222534718966
2.373037815093994 0.16964951157569885 2.223393692072284
2.363886594772339 0.18138113617897034 2.2240972233985845
2.3558566570281982 0.19181597232818604 2.2240972233985845
2.346674919128418 0.2034894824028015 2.224486587624988
2.337333917617798 0.2154751867055893 2.2246539171383173
2.3279495239257812 0.2272006720304489 2.2247721619291143
2.32037615776062 0.23679541051387787 2.225771903238887
2.3073458671569824 0.25305435061454773 2.2249129331831154
2.298158645629883 0.2647394835948944 2.2237675528052745
2.2907960414886475 0.2739101052284241 2.2234411118898647
2.2813916206359863 0.2855869233608246 2.2235040874073957
2.271864414215088 0.2974202334880829 2.2224602271374723
2.262573480606079 0.3092229962348938 2.223200957779763
2.251300096511841 0.3235028386116028 2.224574600020229
2.236928939819336 0.3420082926750183 2.2256569417155703
2.227592945098877 0.3538913428783417 2.225792634670596
2.2030539512634277 0.3843792974948883 2.2248284402833387
2.1897785663604736 0.4012683629989624 2.2248284402833387
2.17215895652771 0.4234631359577179 2.22417044300798
2.168874502182007 0.4278002679347992 2.2254948899007383
2.1521365642547607 0.448621541261673 2.2254853766074927
2.1441588401794434 0.4587498605251312 2.2263345965672987
2.1310465335845947 0.4751041531562805 2.2259180127888953
2.1269495487213135 0.4802286922931671 2.2259180127888953
2.104665517807007 0.5085441470146179 2.2295685127297493
2.0938432216644287 0.5220990180969238 2.2314743835637154
2.0896990299224854 0.5272436141967773 2.2318930448347896
2.0749542713165283 0.5458046793937683 2.232677887776394
2.0671443939208984 0.5556725859642029 2.2326955842519696
2.0580787658691406 0.5673332214355469 2.2325303624796446
2.0490822792053223 0.5784727931022644 2.232792873064106
2.039985418319702 0.589657187461853 2.232792873064106
2.0311696529388428 0.6006991863250732 2.2336621168977246
2.019108533859253 0.6156872510910034 2.234441830619893
2.0102005004882812 0.6267162561416626 2.23516936027391
2.0012495517730713 0.6380525231361389 2.2352075228902604
1.9922593832015991 0.6491789221763611 2.2360181762993343
1.9830644130706787 0.660692036151886 2.236428987425923
1.9741804599761963 0.6718807220458984 2.2373566544456422
1.9655336141586304 0.6827006340026855 2.23908135379866
1.9562615156173706 0.6940364837646484 2.239887724129001
1.9473589658737183 0.7051241993904114 2.2417015980359296
1.9352428913116455 0.7200038433074951 2.2445213812092857
1.9263185262680054 0.7309682369232178 2.2428262638165766
1.9171897172927856 0.7422264218330383 2.243611110893024
1.9079883098602295 0.7536460757255554 2.242459257076244
1.8990215063095093 0.7645222544670105 2.242459257076244
1.8900682926177979 0.7755045294761658 2.2429666459013986
1.8808237314224243 0.7867133617401123 2.242750348120959
1.8683676719665527 0.802150547504425 2.2441708498428548
1.8622126579284668 0.8097436428070068 2.2441859549966177
1.8506654500961304 0.824171245098114 2.2441103688988724
1.8415915966033936 0.8352999687194824 2.2444805644986032
1.8322557210922241 0.8469803929328918 2.2441084142674077
1.8231064081192017 0.8581943511962891 2.244519961189555
1.8141229152679443 0.8693727254867554 2.2451250258636306
1.8053491115570068 0.8800297379493713 2.2459487659046298
1.793096661567688 0.8952727317810059 2.247474658192292
1.7840415239334106 0.9063812494277954 2.247623001964754
1.775084137916565 0.9173052906990051 2.2477331085956416
1.7659062147140503 0.9287015795707703 2.2477331085956416
1.7567006349563599 0.9397717714309692 2.2474970182014458
1.7476825714111328 0.9510010480880737 2.2474970182014458
1.7386294603347778 0.961854875087738 2.2469864281944356
1.7298264503479004 0.9727837443351746 2.247507592593158
1.717165470123291 0.9881538152694702 2.2485525734805525
1.7079730033874512 0.9992694854736328 2.250315403435052
1.6990069150924683 1.010223627090454 2.2508798229713904
1.6897367238998413 1.0213841199874878 2.2512440696777505
1.6804938316345215 1.032792568206787 2.2512440696777505
1.6715669631958008 1.043716311454773 2.252184395847518
1.6621350049972534 1.0551605224609375 2.2542240517953855
1.652872920036316 1.0663554668426514 2.2542240517953855
1.640594244003296 1.0809341669082642 2.2548029744878124
1.6313706636428833 1.0919626951217651 2.254913869318996
1.6224671602249146 1.1028077602386475 2.2542200176036684
1.6129193305969238 1.114010214805603 2.2538817491629004
1.6032841205596924 1.1256937980651855 2.2537863220424543
1.5942518711090088 1.136278510093689 2.2537863220424543
1.5849920511245728 1.1472108364105225 2.25415351241613
1.5757958889007568 1.1581313610076904 2.25415351241613
1.566493272781372 1.169298768043518 2.255788600830184
1.5541702508926392 1.1840108633041382 2.2564789720127116
1.5447919368743896 1.1950770616531372 2.256698579407426
1.535565972328186 1.206278681755066 2.257428200451168
1.526262640953064 1.2171704769134521 2.257400737570442
1.5169204473495483 1.2282298803329468 2.2579917968173837
1.5076136589050293 1.2393863201141357 2.257739741189444
1.4983577728271484 1.250208854675293 2.2574326837236636
1.4857487678527832 1.265166163444519 2.259938191943014
1.4763456583023071 1.2761480808258057 2.260428477002364
1.46696138381958 1.2869253158569336 2.260364786944195
1.4577670097351074 1.2977752685546875 2.260186433206639
1.4484012126922607 1.3087671995162964 2.260246270290203
1.43887460231781 1.3201509714126587 2.260062438903676
1.4295662641525269 1.3312283754348755 2.2606854857299905
1.4203706979751587 1.342225193977356 2.2613722940229106
1.4074790477752686 1.35701584815979 2.2616028328132574
1.398417353630066 1.367945671081543 2.2630281285568756
1.389166235923767 1.379001259803772 2.2628686324245066
1.3798298835754395 1.3900657892227173 2.2622570975101706
1.3703409433364868 1.4010049104690552 2.262564427041167
1.361400842666626 1.4110703468322754 2.262557245353906
1.35364830493927 1.419653296470642 2.263012419550879
1.3475767374038696 1.426835298538208 2.2644927239679093
['bump_right']
1.3388041257858276 1.4367493391036987 2.2616705936005332
['bump_front_right']
1.3374927043914795 1.4381887912750244 2.247500182522035
1.3387569189071655 1.4381048679351807 2.2527836869940434
1.3395713567733765 1.4368157386779785 2.2566089720439453
1.3430124521255493 1.4338548183441162 2.260852537601636
1.3462908267974854 1.4295843839645386 2.260543068945481
1.3510074615478516 1.4238489866256714 2.260435783569408
1.3555129766464233 1.4182716608047485 2.2606566374818695
1.3611921072006226 1.4111895561218262 2.260522392094229
1.3655016422271729 1.4059799909591675 2.2603154217245436
1.3700556755065918 1.4004461765289307 2.2607879948208254
1.3742610216140747 1.3953014612197876 2.2607879948208254
1.3785525560379028 1.390137791633606 2.2617448990749596
1.3829376697540283 1.38484525680542 2.26175781430787
1.387222170829773 1.379681944847107 2.2612013736796928
1.3914108276367188 1.374671459197998 2.2603736157638687
1.396121859550476 1.368858814239502 2.262262827777582
1.3972092866897583 1.3673313856124878 2.2714476945059814
1.3966964483261108 1.3678632974624634 2.2742965065429543
1.3968379497528076 1.368087887763977 2.298314070875086
1.3968981504440308 1.367539882659912 2.3447625776528644
1.3968703746795654 1.3676772117614746 2.396064746598946
1.3968853950500488 1.3679558038711548 2.4437029256547733
1.3967684507369995 1.3679622411727905 2.4913335751435404
1.3969972133636475 1.3680139780044556 2.5556366456610426
1.3972229957580566 1.3681366443634033 2.602071316863256
1.397268533706665 1.3681319952011108 2.648976078346414
1.397204875946045 1.3682161569595337 2.6974205756356917
1.397154688835144 1.3683545589447021 2.744707561538502
1.3971388339996338 1.3684357404708862 2.7919135091431424
1.397076964378357 1.3685598373413086 2.8379494887365517
1.3971948623657227 1.36863112449646 2.8866021760392533
1.397104263305664 1.3688929080963135 2.9342710951872952
1.3970457315444946 1.3690247535705566 2.995391856613599
1.3971604108810425 1.3689632415771484 3.043663969273769
1.397120714187622 1.3690745830535889 3.0927028611003893
1.3970668315887451 1.369370698928833 3.1387064458770824
1.3972214460372925 1.369386076927185 -3.096732138046089
1.3971742391586304 1.369513750076294 -3.0479428734872083
1.3971079587936401 1.3697429895401 -2.999686484340654
1.3971236944198608 1.3698474168777466 -2.952306754015473
1.397117257118225 1.3700826168060303 -2.8904480745005627
1.3971600532531738 1.3702484369277954 -2.8426885847826173
1.3971028327941895 1.370396375656128 -2.794140331081487
1.3969148397445679 1.370527982711792 -2.747779367329945
1.3968714475631714 1.370793104171753 -2.7004125211727232
1.3967571258544922 1.3709388971328735 -2.6529808153938994
1.396510124206543 1.3709858655929565 -2.605970799325865
1.3964155912399292 1.3711225986480713 -2.558144802517898
1.3961223363876343 1.3713202476501465 -2.4964248944984955
1.3961255550384521 1.3714866638183594 -2.447794383648258
1.3958672285079956 1.3717005252838135 -2.3986292108744705
1.3957027196884155 1.3717588186264038 -2.3526066854103203
1.395585060119629 1.3718723058700562 -2.3042955372940117
1.3952887058258057 1.3718217611312866 -2.255846017377296
1.3952362537384033 1.371928095817566 -2.208111269566479
1.3949196338653564 1.3719761371612549 -2.1452305251153416
1.3947683572769165 1.372097373008728 -2.098407676861019
1.3945355415344238 1.372286081314087 -2.0518483291984997
1.3942959308624268 1.3723424673080444 -2.0054068498903175
1.3940857648849487 1.3723679780960083 -1.9591338765154718
1.3939085006713867 1.3724972009658813 -1.9125969303815344
1.393432855606079 1.3718727827072144 -1.8673210134617795
1.391025424003601 1.3684930801391602 -1.8076170330837271
1.3901101350784302 1.3581525087356567 -1.7553047590533943
1.3886730670928955 1.3508353233337402 -1.7319617744248201
1.3871608972549438 1.341828465461731 -1.7128313482605901
1.385689377784729 1.331311583518982 -1.6971427020843035
1.38401198387146 1.3196724653244019 -1.6876541414664143
1.382565975189209 1.3059961795806885 -1.6851612932678324
1.3808685541152954 1.2913563251495361 -1.6839041787309326
1.3786038160324097 1.2717522382736206 -1.6837562296077309
1.377023696899414 1.2570371627807617 -1.6837690892968955
1.3752223253250122 1.2428327798843384 -1.682565873632714
1.3735002279281616 1.2283351421356201 -1.682271899226214
1.3718165159225464 1.2141612768173218 -1.682159397291814
1.3700718879699707 1.1997902393341064 -1.6816722632506054
1.368643045425415 1.1854138374328613 -1.6816717582437073
1.3669373989105225 1.1707721948623657 -1.6811145696772933
1.3654453754425049 1.1565347909927368 -1.6813906432354293
1.3632612228393555 1.1374701261520386 -1.6822263468192422
1.3616276979446411 1.1236505508422852 -1.6837439531902954
1.360243320465088 1.1096209287643433 -1.6835925358938435
1.358457088470459 1.095154881477356 -1.6835925358938435
1.3568006753921509 1.0809873342514038 -1.683319941364237
1.3551599979400635 1.0666871070861816 -1.6823237765611367
1.3533601760864258 1.0520952939987183 -1.6811810961626865
1.3516203165054321 1.0378296375274658 -1.6817242344719685
1.3495784997940063 1.0186535120010376 -1.6823453508256014
1.3479888439178467 1.004562497138977 -1.6819941016640552
1.346296787261963 0.989950954914093 -1.6815799686778101
1.3447154760360718 0.9754828810691833 -1.6814270978491763
1.3430912494659424 0.9613467454910278 -1.6800275057724412
1.3413139581680298 0.9470264911651611 -1.679537546571856
1.3396990299224854 0.9327037334442139 -1.679537546571856
1.3381091356277466 0.9184382557868958 -1.6796451070700822
1.3357475996017456 0.8993648290634155 -1.6796451070700822
1.334159255027771 0.8851407170295715 -1.6796451070700822
1.3325284719467163 0.8710485696792603 -1.6796188797435294
1.3309369087219238 0.8566278219223022 -1.6787097919925875
1.3293052911758423 0.8425776362419128 -1.6787097919914338
1.327591896057129 0.8276838064193726 -1.6779307282003089
1.3259572982788086 0.812991738319397 -1.6771184207827332
1.3244014978408813 0.7987643480300903 -1.6768855522580213
1.3223240375518799 0.7797516584396362 -1.6768245369297474
1.320721983909607 0.7651005983352661 -1.6770201894466128
1.319166898727417 0.7509795427322388 -1.6770983875404375
1.3176405429840088 0.736369788646698 -1.6766527583925848
1.3160327672958374 0.7223279476165771 -1.6754644313105005
1.3145198822021484 0.7077214121818542 -1.6751985839240475
1.3129243850708008 0.693389356136322 -1.6753746246436605
1.3113969564437866 0.6793810129165649 -1.6756315335793723
1.309073567390442 0.660190224647522 -1.6756315335793723
1.3074575662612915 0.6456499695777893 -1.6765452327195531
1.3059906959533691 0.631561279296875 -1.6766131110978155
1.3044121265411377 0.6172005534172058 -1.6758513344417754
1.3028810024261475 0.6029552221298218 -1.6757948232718052
1.301321029663086 0.5881808996200562 -1.6755230427865386
1.2991255521774292 0.5685365200042725 -1.6752696165229957
1.2980808019638062 0.5587056279182434 -1.6750261707334788
1.2960091829299927 0.5394953489303589 -1.6750261707334788
1.2943618297576904 0.5252130031585693 -1.6750261707334788
1.2927793264389038 0.510951817035675 -1.6746168085997202
1.2911626100540161 0.49659648537635803 -1.6746168085997202
1.2897132635116577 0.48220595717430115 -1.6737442862738185
1.2880643606185913 0.4674787223339081 -1.673123509082917
1.2865175008773804 0.4529738128185272 -1.6733303148172043
1.28489351272583 0.43876755237579346 -1.6728295232274217
1.2828739881515503 0.41934990882873535 -1.6736585377480568
1.281262993812561 0.40508750081062317 -1.6728576750967021
1.2798842191696167 0.3906785845756531 -1.6720768717996903
1.2784795761108398 0.3764045238494873 -1.671326415030207
1.2770137786865234 0.36189574003219604 -1.670728105648622
1.2755743265151978 0.34682178497314453 -1.6697708356106564
1.2741142511367798 0.3324640691280365 -1.669068578250378
1.2725355625152588 0.3183784782886505 -1.669359980562817
1.270661473274231 0.29876506328582764 -1.6692012349951793
1.2690720558166504 0.2844245731830597 -1.6696817420473795
1.2676485776901245 0.27065616846084595 -1.6696817420473795
1.2661596536636353 0.25638672709465027 -1.6692861745964946
1.2646864652633667 0.24196971952915192 -1.6691862338489847
1.2633994817733765 0.22728176414966583 -1.6691284939505378
1.2619295120239258 0.21292555332183838 -1.668673998109306
1.2600675821304321 0.19377805292606354 -1.6687973111880856
1.2591723203659058 0.18438786268234253 -1.668797054476463
1.257409930229187 0.1651429831981659 -1.6687968860850657
1.2560913562774658 0.15082548558712006 -1.6682027495190028
1.2546699047088623 0.13664472103118896 -1.6682027495220562
1.2531640529632568 0.12192896753549576 -1.6676251834061229
1.2516576051712036 0.1073412224650383 -1.6664216649196444
1.2504597902297974 0.09297417849302292 -1.6663078672385505
1.2488166093826294 0.07384247332811356 -1.6666917335443687
1.2474355697631836 0.059338368475437164 -1.6664771462349781
1.2462221384048462 0.04524597153067589 -1.6672359374067556
1.244928240776062 0.0306337121874094 -1.6673586946024508
1.2435752153396606 0.01668885350227356 -1.6673586946024508
1.2423368692398071 0.0020634555257856846 -1.6665262225146593
1.2410451173782349 -0.012511923909187317 -1.665772803155036
1.2392418384552002 -0.03137822076678276 -1.6635627563388877
1.2383774518966675 -0.04090308025479317 -1.6635627563388877
1.2366430759429932 -0.06050536409020424 -1.6635627563388877
1.2355210781097412 -0.07456037402153015 -1.663168192215696
1.234193205833435 -0.0887269452214241 -1.662847011312872
1.2329078912734985 -0.10291974991559982 -1.662847011312872
1.2315365076065063 -0.11735839396715164 -1.662847011312872
1.2300448417663574 -0.1319015771150589 -1.661024469875907
1.2288392782211304 -0.1462927609682083 -1.6608828410398973
1.227520227432251 -0.1605253666639328 -1.6609930410531548
1.2257341146469116 -0.17962795495986938 -1.6603352918859913
1.2244065999984741 -0.19361631572246552 -1.661079136478335
1.2232288122177124 -0.2077881395816803 -1.6623806569278134
1.2218695878982544 -0.2218112051486969 -1.6613503950653405
1.2206255197525024 -0.23632879555225372 -1.6613503950605482
1.2191399335861206 -0.25074905157089233 -1.6590878638589965
1.2176895141601562 -0.2648252248764038 -1.6580990700562728
1.2165489196777344 -0.279121458530426 -1.6578273803428858
1.2146159410476685 -0.2983110249042511 -1.6578547069161642
1.2132768630981445 -0.3124507963657379 -1.6579956246015923
1.212077021598816 -0.32695168256759644 -1.6575191895383246
1.2108347415924072 -0.34112101793289185 -1.6573752257886123
1.209833025932312 -0.3555673658847809 -1.656848133586458
1.2085555791854858 -0.3699816167354584 -1.6559175798190442
1.2072776556015015 -0.38395655155181885 -1.6555593623646185
1.2059326171875 -0.3982207477092743 -1.654822314897137
1.2040536403656006 -0.4176715314388275 -1.654797060413016
1.2028709650039673 -0.43138983845710754 -1.6548134417583416
1.2016956806182861 -0.4432922601699829 -1.654802434299443
1.2000317573547363 -0.46110600233078003 -1.6539453653179372
1.198767066001892 -0.4759569764137268 -1.6539453653179372
1.197503924369812 -0.48906058073043823 -1.6528530534256223
1.1962841749191284 -0.5034562349319458 -1.6519611363577957
1.1947907209396362 -0.5224900841712952 -1.6515422695821693
1.19357430934906 -0.5370276570320129 -1.6516080916391962
1.1924737691879272 -0.5508886575698853 -1.6516695572863818
1.191498875617981 -0.5651718974113464 -1.6520463121492202
1.1901321411132812 -0.5793976783752441 -1.6520200697179044
1.1889307498931885 -0.594268798828125 -1.6513481466171
1.1875948905944824 -0.6089185476303101 -1.6499977349967445
1.1864664554595947 -0.6229381561279297 -1.6498343785863434
1.1853595972061157 -0.6370283365249634 -1.6508848263770983
1.183703064918518 -0.6562678813934326 -1.6505568766122765
1.182524561882019 -0.6701830625534058 -1.651131452229674
1.1814230680465698 -0.6847068667411804 -1.650473807819358
1.1801936626434326 -0.6990504860877991 -1.649614669448625
1.179244875907898 -0.7134699821472168 -1.6497056661265181
1.1782392263412476 -0.7280414700508118 -1.6485408965663177
1.1770644187927246 -0.742341160774231 -1.6472892891269006
1.1760250329971313 -0.756676197052002 -1.6468999513355225
1.17466139793396 -0.7757819294929504 -1.6463295434054763
1.1738145351409912 -0.7877941131591797 -1.6463295434054763
1.1731921434402466 -0.7975947856903076 -1.6467215790169705
['bump_left']
1.1728202104568481 -0.8067671656608582 -1.6463573795004893
['bump_front_center']
1.1723099946975708 -0.8118866682052612 -1.644248030491009
1.1723415851593018 -0.8114463090896606 -1.6417479548174005
1.1724838018417358 -0.8094647526741028 -1.6429363514568527
1.1727691888809204 -0.8055017590522766 -1.642357214717313
1.1733683347702026 -0.7971351146697998 -1.6427318376057178
1.1739275455474854 -0.7901735901832581 -1.6436669730349867
1.1744123697280884 -0.783106803894043 -1.644132733343924
1.1748621463775635 -0.7764813899993896 -1.6447073554051015
1.175285816192627 -0.7693703174591064 -1.6447070184558226
1.1758320331573486 -0.7628774642944336 -1.6447066815113016
1.17620849609375 -0.757684588432312 -1.6433531829548989
1.1765414476394653 -0.7541048526763916 -1.630060704621363
1.1767348051071167 -0.751713216304779 -1.6060179485294057
1.176763892173767 -0.7499848008155823 -1.561405558719461
1.1767727136611938 -0.7497774958610535 -1.5170779686933793
1.176719069480896 -0.7500689625740051 -1.4652682869009908
1.1766220331192017 -0.7501251697540283 -1.417130210122423
1.1764559745788574 -0.7503585815429688 -1.369639168194081
1.1763745546340942 -0.7502994537353516 -1.3227863145043988
1.176193118095398 -0.7503224611282349 -1.2752696907020713
1.1759722232818604 -0.7504199743270874 -1.2134128498713097
1.1759178638458252 -0.7503939867019653 -1.1653332260544669
1.175803303718567 -0.7505379319190979 -1.1171915371856405
1.1756603717803955 -0.7504995465278625 -1.0699249861307185
1.1754919290542603 -0.7505512833595276 -1.0224256538657568
1.175431728363037 -0.7505646347999573 -0.9745587151102638
1.1753180027008057 -0.7508106827735901 -0.9281393377637059
1.1751856803894043 -0.7508934736251831 -0.8815707516605369
1.1750965118408203 -0.7508550882339478 -0.8184548717314191
1.1749743223190308 -0.7509708404541016 -0.7708793235760427
1.174747347831726 -0.7509163618087769 -0.7223273014469075
1.1746615171432495 -0.7512286901473999 -0.6737643585880082
1.1745706796646118 -0.7512966394424438 -0.627838835335693
1.1744886636734009 -0.7514441013336182 -0.5811271188111038
1.1743652820587158 -0.7515206336975098 -0.5335523752531964
1.1742488145828247 -0.7515666484832764 -0.4859039651614039
1.1741222143173218 -0.7517879009246826 -0.4221412711204156
1.1740498542785645 -0.752041757106781 -0.3753954788960702
1.1738471984863281 -0.7520900964736938 -0.32817889081138385
1.173810601234436 -0.7519541382789612 -0.27970151127634235
1.1739680767059326 -0.7521480321884155 -0.23111041011201083
1.173919916152954 -0.752197802066803 -0.1835416884467283
1.173913836479187 -0.7522687315940857 -0.13643597623901965
1.1740000247955322 -0.7524667978286743 -0.07115642480887611
1.173954963684082 -0.7526991367340088 -0.024696161276710323
1.1739729642868042 -0.7527830004692078 0.0225541295890808
1.1740520000457764 -0.752941370010376 0.07039396098655862
1.1739574670791626 -0.7531112432479858 0.11787359377996706
1.1739399433135986 -0.7531382441520691 0.16577920478972571
1.173917531967163 -0.7532183527946472 0.21235486732285477
1.1738157272338867 -0.7533420324325562 0.26015249825964415
1.173935890197754 -0.7534670829772949 0.3070387483565924
1.1737630367279053 -0.7535218596458435 0.3704825140857657
1.1737757921218872 -0.7537333369255066 0.41796399474393414
1.1738277673721313 -0.753940224647522 0.46467958981520874
1.1736997365951538 -0.7540277242660522 0.5120307052816119
1.174397349357605 -0.7536818385124207 0.5593695325151329
1.1764124631881714 -0.7524588108062744 0.6020114846878668
1.1801036596298218 -0.7499591708183289 0.6358914692753995
1.1847833395004272 -0.7464485168457031 0.6638523254828212
1.1928224563598633 -0.7401898503303528 0.6932360169840348
1.1998916864395142 -0.7343278527259827 0.7117751720972134
1.2080579996109009 -0.7273793816566467 0.7256317052003071
1.2174913883209229 -0.7189066410064697 0.7353336977176772
1.2276771068572998 -0.7097972631454468 0.7396979268543722
1.2384713888168335 -0.6999855041503906 0.739017685438408
1.249094843864441 -0.6899446845054626 0.7390175742718077
1.2596124410629272 -0.6803358197212219 0.739800456741686
1.2735494375228882 -0.6673030853271484 0.7409709186530007
1.2839246988296509 -0.6577135920524597 0.7416793321543086
1.2943025827407837 -0.6479485630989075 0.7424311099379484
1.3050272464752197 -0.6375847458839417 0.7434684994997941
1.3157354593276978 -0.6276950836181641 0.7448463607090423
1.3256524801254272 -0.6183792352676392 0.7448463607104839
1.3359532356262207 -0.6089364290237427 0.7459556201155212
1.3464287519454956 -0.5993812084197998 0.7467306984543762
1.3606983423233032 -0.5863344073295593 0.7469855156680333
1.37107253074646 -0.5765824317932129 0.7474576244666786
1.3814483880996704 -0.5669265389442444 0.7483402586636991
1.3925189971923828 -0.5565506815910339 0.7483403577230806
1.4028996229171753 -0.5467461943626404 0.7478629039481298
1.41297447681427 -0.5371754765510559 0.7478629039481298
1.4234249591827393 -0.5274370312690735 0.7477936697224009
1.4336037635803223 -0.5176657438278198 0.7486903066358206
1.4478602409362793 -0.5041930079460144 0.7488068982735538
1.4581552743911743 -0.4944022297859192 0.7488129256550788
1.468514084815979 -0.48482638597488403 0.7490003753379046
1.4793117046356201 -0.4746512472629547 0.7487148660204512
1.4902992248535156 -0.46426838636398315 0.7496419101295093
1.5004242658615112 -0.4546974003314972 0.7500763165350971
1.5104073286056519 -0.44499504566192627 0.7487177057287417
1.5207310914993286 -0.43537572026252747 0.7487347196572907
1.5345698595046997 -0.4219624102115631 0.7462121865743481
1.544913411140442 -0.412435919046402 0.7457402077621214
1.5552986860275269 -0.4025554656982422 0.7448618533642439
1.5662364959716797 -0.39208847284317017 0.7448618533642439
1.5769530534744263 -0.3822307288646698 0.7468789001021834
1.587172031402588 -0.3726944327354431 0.7464956020610697
1.5972031354904175 -0.36317914724349976 0.7464956020610697
1.6078722476959229 -0.3535636067390442 0.7470288987947002
1.6219693422317505 -0.34019705653190613 0.7472869512222876
1.6324292421340942 -0.33052775263786316 0.7479184440900126
1.6428327560424805 -0.3209455907344818 0.7494968930922149
1.6536773443222046 -0.31056779623031616 0.7508257820047012
1.663954257965088 -0.30085623264312744 0.751074787127163
1.6740130186080933 -0.2912245988845825 0.751074787127163
1.6844615936279297 -0.2813572585582733 0.7513336580803607
1.6949876546859741 -0.27144187688827515 0.7513336580803607
1.7092788219451904 -0.25824740529060364 0.7520167531029258
1.7195910215377808 -0.24849331378936768 0.7519572528170839
1.7300748825073242 -0.238378643989563 0.752435124500667
1.7407660484313965 -0.22851130366325378 0.7528285628220899
1.7511719465255737 -0.21845129132270813 0.7542263596258283
1.7614659070968628 -0.2085828185081482 0.7549714026395936
1.7717586755752563 -0.1989525556564331 0.756215821586304
1.782177448272705 -0.1889714002609253 0.7577676106324729
1.7956106662750244 -0.17606918513774872 0.7568248569543924
1.8059086799621582 -0.16618700325489044 0.7586781763047843
1.8163172006607056 -0.15624256432056427 0.759580682529976
1.8273152112960815 -0.14552021026611328 0.7602916265740352
1.8373876810073853 -0.135751873254776 0.7615453236723804
1.8473321199417114 -0.12631361186504364 0.7615453236723804
1.8574519157409668 -0.11657320708036423 0.7610294439752964
1.8678834438323975 -0.10665100812911987 0.7606047339728188
1.881510853767395 -0.09359521418809891 0.7589919236661965
1.8920801877975464 -0.08337615430355072 0.7593811712279906
1.902338981628418 -0.07339338958263397 0.7595853230200258
1.9134511947631836 -0.06292207539081573 0.761181534459315
1.923524260520935 -0.05304883047938347 0.761409632745297
1.9336118698120117 -0.04341317340731621 0.7614197378620008
1.9438506364822388 -0.03353593870997429 0.761516240483569
1.954217791557312 -0.0235188826918602 0.7619610861258292
1.965141773223877 -0.012927381321787834 0.762494969322421
1.9782826900482178 -0.00024257064796984196 0.7628758896808366
1.9886000156402588 0.00996587797999382 0.762480525625726
1.9989444017410278 0.019826985895633698 0.7624805256213575
2.0090787410736084 0.02966093085706234 0.7622795559535236
2.01934814453125 0.03965067118406296 0.7620190558564648
2.0296871662139893 0.049587078392505646 0.7611682954301908
2.0396690368652344 0.0593426488339901 0.7600970012431484
2.053436040878296 0.0726366639137268 0.7602464774823314
2.064077615737915 0.08274172991514206 0.7606261551626079
2.074148654937744 0.09286406636238098 0.7609024314897481
2.08512020111084 0.10359679907560349 0.7621925212726322
2.095269203186035 0.1134348213672638 0.7641946582792437
2.105314254760742 0.12319843471050262 0.7641946582792437
2.115248203277588 0.1328040063381195 0.7643142217069102
2.125481128692627 0.14271117746829987 0.7644732883614185
2.139012575149536 0.1559714376926422 0.7638900708446167
2.149444341659546 0.1661374270915985 0.7646876214860199
2.1598520278930664 0.1761075109243393 0.764687621494101
2.170124053955078 0.18603019416332245 0.7649479896850598
2.180429697036743 0.19611842930316925 0.7660644587486022
2.1903493404388428 0.20574481785297394 0.7659937573629985
2.2003071308135986 0.21542175114154816 0.7665579918972145
2.210921287536621 0.2255977988243103 0.7665577261911999
2.224424123764038 0.23866406083106995 0.7670768860684968
2.2344343662261963 0.24851150810718536 0.7672554859765566
2.244623899459839 0.258345365524292 0.7676180349353895
2.255174398422241 0.26889798045158386 0.769232958220595
2.265639543533325 0.27918559312820435 0.7708656113430794
2.275757074356079 0.2890712022781372 0.771296015897427
2.285324811935425 0.2985052764415741 0.7710666490432315
2.29914927482605 0.3120129704475403 0.7707095653699124
2.308992385864258 0.321441650390625 0.7693647987905656
2.3191263675689697 0.33117082715034485 0.7681089071817433
2.3294262886047363 0.34137874841690063 0.7674249869301776
2.3405215740203857 0.3520379066467285 0.7672976227395616
2.3505699634552 0.3618149161338806 0.7676703238655211
2.3605363368988037 0.3715486228466034 0.7686655119535991
2.3706085681915283 0.38114896416664124 0.7683155880139296
2.38110089302063 0.3913431763648987 0.7681633264004806
2.3948490619659424 0.4047464430332184 0.7688042414777121
2.405103921890259 0.4147668182849884 0.769378118554429
2.4155261516571045 0.4245870113372803 0.7711946740464766
2.4264471530914307 0.4352039396762848 0.7722319457847135
2.4363434314727783 0.44497594237327576 0.7722323219778909
2.4467122554779053 0.4548778235912323 0.7730819939907482
2.4564342498779297 0.46448513865470886 0.7730941577775767
2.4672446250915527 0.47513189911842346 0.7730941577775767
2.481849193572998 0.4896031320095062 0.7727264342723886
2.491614580154419 0.4989349842071533 0.7730174978661515
2.5013179779052734 0.5082924962043762 0.772526446320986
2.5121679306030273 0.5189210176467896 0.772219635592993
2.5231120586395264 0.5294278264045715 0.772740273519743
2.5337700843811035 0.539924681186676 0.7730659311528357
2.5434377193450928 0.549233078956604 0.772936781983922
2.5531160831451416 0.5583444237709045 0.7727630601923448
2.5677576065063477 0.5729522705078125 0.7720760737662816
2.577716588973999 0.5823047161102295 0.7728385830168937
2.5874767303466797 0.5917349457740784 0.7733265120591521
2.5980775356292725 0.602150559425354 0.7736758553018113
2.6089320182800293 0.612360954284668 0.7743640007392779
2.619440793991089 0.622613787651062 0.7750627713090876
2.6290171146392822 0.6318981647491455 0.7738315000125204
2.6427786350250244 0.6454880237579346 0.7725549487864045
2.6535913944244385 0.6557471752166748 0.7723716505555881
2.6632425785064697 0.6651284098625183 0.7714156652174446
2.6726043224334717 0.6741323471069336 0.7714156652174446
2.6832234859466553 0.6842703819274902 0.7721874373770841
2.6938390731811523 0.6946271657943726 0.7730058336087487
2.7046897411346436 0.7051723003387451 0.7733123914032273
2.714322090148926 0.7146475911140442 0.7722829542959507
2.72350811958313 0.7234395146369934 0.7727199685689631
2.7383229732513428 0.7377620935440063 0.7716313796332179
2.7480661869049072 0.7471593022346497 0.7713435232626147
2.7573180198669434 0.7562723159790039 0.7714881803071469
2.768197536468506 0.7668291926383972 0.771781664916837
2.77897310256958 0.7772614359855652 0.7719370161803372
2.7894692420959473 0.7875015735626221 0.7712312248816042
2.79901123046875 0.7969207763671875 0.7695679507409425
2.808572769165039 0.8060374855995178 0.7695679507296376
2.823335886001587 0.8205520510673523 0.7670693979799157
2.833400011062622 0.8302204608917236 0.7667616556435433
2.842836618423462 0.8394656181335449 0.7667084443684566
2.853569507598877 0.8499528765678406 0.7671194750826842
2.864215850830078 0.8601781725883484 0.7670859490463379
2.8748745918273926 0.8706457614898682 0.7669471894344095
2.8847501277923584 0.8801122903823853 0.7666964397242184
2.8942813873291016 0.8891726136207581 0.7666961187289311
2.9090185165405273 0.9036662578582764 0.7660946254263289
2.9191207885742188 0.9131936430931091 0.7661141276986069
2.928459882736206 0.9224871397018433 0.7661402115823852
2.939164638519287 0.9328832626342773 0.7651742894897762
2.949845790863037 0.9432875514030457 0.7633633439998471
2.9607157707214355 0.9538231492042542 0.7636734039578339
2.9705796241760254 0.9632313847541809 0.7632042957257335
2.9843413829803467 0.9763612151145935 0.7626163132370846
2.995107650756836 0.9866156578063965 0.761939292687185
3.0048017501831055 0.9958472847938538 0.7616722897445442
3.014322519302368 1.0050805807113647 0.7621202224245831
3.0250308513641357 1.0152344703674316 0.7625062320673232
3.035858154296875 1.0256825685501099 0.763755943488648
3.046600818634033 1.0358554124832153 0.7642245683142502
3.056213617324829 1.045243501663208 0.764598813755916
3.0656042098999023 1.0540448427200317 0.7656669897756351
3.0765066146850586 1.0644137859344482 0.7655345283845868
3.0909628868103027 1.0784854888916016 0.7647491996245542
3.1002392768859863 1.0873371362686157 0.7651689203771673
3.1108832359313965 1.0976872444152832 0.764630287529644
3.1214439868927 1.1079717874526978 0.764277710785754
3.1319448947906494 1.1181155443191528 0.7636638805618959
3.1418168544769287 1.1277196407318115 0.7633811272771989
3.151261568069458 1.136620044708252 0.763353709438571
3.1658835411071777 1.1511452198028564 0.7627881478051545
3.176015615463257 1.1606894731521606 0.7633439327896852
3.1850831508636475 1.1695590019226074 0.7632438082458719
3.1956019401550293 1.179815649986267 0.7643560745794835
3.2060933113098145 1.190282940864563 0.7652261297302045
3.2166788578033447 1.20076584815979 0.7659372283061321
3.226649284362793 1.210411548614502 0.7667062427743138
3.235785484313965 1.2191839218139648 0.7667062427743138
3.2434089183807373 1.2268476486206055 0.7656822674394225
3.2601754665374756 1.242952585220337 0.764540922993424
3.269153356552124 1.2519410848617554 0.7634981031164282
3.2796785831451416 1.2622323036193848 0.7626710589084218
3.2901222705841064 1.2726646661758423 0.7624790583141419
3.3001749515533447 1.2823421955108643 0.7641051825795399
3.310421943664551 1.2924518585205078 0.7635903624015147
3.3192176818847656 1.301378846168518 0.7634963840942035
3.3294763565063477 1.3116401433944702 0.7642564695860758
3.343428134918213 1.3256052732467651 0.7640949289321332
3.3523521423339844 1.3348995447158813 0.7647290685303384
3.3625802993774414 1.3453490734100342 0.7662396755592665
3.372865676879883 1.355599045753479 0.7683295234677096
3.3824496269226074 1.3652613162994385 0.7681554038806184
3.3928520679473877 1.375491976737976 0.7682848630794191
3.4018189907073975 1.3841387033462524 0.7679417247931393
3.413142681121826 1.3956845998764038 0.7692722714612469
3.420382261276245 1.4028451442718506 0.7699730352702511
3.4265830516815186 1.4088762998580933 0.7669555270969296
3.434051513671875 1.4162938594818115 0.7660194561737844
3.4419748783111572 1.4240412712097168 0.7660715964647462
3.4492924213409424 1.431496500968933 0.7663523141732214
3.457160472869873 1.4393247365951538 0.7668722849453536
3.463850975036621 1.446200966835022 0.7669150871758533
3.4742820262908936 1.4567631483078003 0.7680939104361248
3.4823925495147705 1.4647153615951538 0.7679772508402428
3.4888696670532227 1.4712982177734375 0.768052027138199
3.4964382648468018 1.4791010618209839 0.7680071826634753
3.5042800903320312 1.4867926836013794 0.767976782192212
3.511838912963867 1.4942480325698853 0.7687246037820403
3.519193410873413 1.5021636486053467 0.7676075766492306
['bump_left']
3.5256259441375732 1.5086374282836914 0.7683009581012289
3.5298335552215576 1.5122298002243042 0.7816826473188192
3.528610944747925 1.5118035078048706 0.7831968652907424
3.5258772373199463 1.5097596645355225 0.7796376737220483
3.522155523300171 1.5062270164489746 0.7804936314255674
3.5172600746154785 1.501547932624817 0.7809364128014613
3.5117883682250977 1.4963608980178833 0.7795323762306194
3.5064198970794678 1.4912219047546387 0.779156364710992
3.502150535583496 1.4871437549591064 0.779766390419166
3.495208263397217 1.4805277585983276 0.7812285787071932
3.4898290634155273 1.4754173755645752 0.781142777286273
3.485527276992798 1.4713698625564575 0.7810312052783379
3.4802143573760986 1.4661988019943237 0.7813290225869463
3.4750146865844727 1.461206078529358 0.7812232747898448
3.470137596130371 1.4564207792282104 0.7819835521682009
3.4647176265716553 1.4513444900512695 0.7821028860432703
3.460728168487549 1.4476795196533203 0.7822485279431673
3.4599037170410156 1.4469209909439087 0.786180465080908
3.4604218006134033 1.4474685192108154 0.7917515534654074
3.4604923725128174 1.4475589990615845 0.8164172318767088
3.460080862045288 1.4473563432693481 0.8659231744023802
3.4598188400268555 1.4472073316574097 0.9218207061017772
3.4603569507598877 1.4471542835235596 0.9682705834200407
3.4600398540496826 1.4470081329345703 1.0166983701587677
3.4601247310638428 1.446953296661377 1.0579992875574218
3.4599759578704834 1.4467966556549072 1.126318107837377
3.4601898193359375 1.4467612504959106 1.1762513671549035
3.460268259048462 1.4466944932937622 1.2167275112320994
3.460110664367676 1.4465539455413818 1.2672745678281931
3.4602911472320557 1.4465266466140747 1.3183911220354942
3.4602651596069336 1.4464210271835327 1.3626678104528704
3.460214853286743 1.4462895393371582 1.4105357613244731
3.4602184295654297 1.446227788925171 1.4520297006146445
3.460352897644043 1.4461746215820312 1.5194536910783465
3.4603567123413086 1.4460504055023193 1.5695111125055632
3.4604434967041016 1.4461376667022705 1.6106919837026705
3.4603843688964844 1.446079134941101 1.6596823052698149
3.4604651927948 1.4460985660552979 1.7105353168863318
3.4604592323303223 1.4461115598678589 1.7554733663379172
3.460437774658203 1.4460490942001343 1.804170556956981
3.4604640007019043 1.4461325407028198 1.8457237950063334
3.46054744720459 1.4462047815322876 1.8945041771955875
3.4605777263641357 1.4459564685821533 1.9618428603722047
3.4606504440307617 1.4458531141281128 2.0040187575561155
3.4607717990875244 1.4460020065307617 2.0516400550345293
3.4608213901519775 1.4458696842193604 2.101346923728364
3.4608025550842285 1.4458057880401611 2.14797882474542
3.4607324600219727 1.4460777044296265 2.196759907731523
3.4607317447662354 1.4458978176116943 2.2387733878498532
3.4607326984405518 1.4459596872329712 2.28929469931741
3.460632562637329 1.4461159706115723 2.3554740175597426
3.4605979919433594 1.4458372592926025 2.3958816417114943
3.4605724811553955 1.4460675716400146 2.4461865618455385
3.460451126098633 1.4463616609573364 2.4966213809540654
3.4605424404144287 1.4460943937301636 2.5443227348768556
3.460448741912842 1.4463132619857788 2.5933559375653137
3.4604218006134033 1.4463069438934326 2.6332912668922472
3.4602372646331787 1.446612000465393 2.7031021311264145
3.4601151943206787 1.4467519521713257 2.7517874372424056
3.4601402282714844 1.4467171430587769 2.791072116131606
3.4600188732147217 1.4468281269073486 2.841003184565752
3.4599058628082275 1.4469350576400757 2.889919271356277
3.458827257156372 1.447326898574829 2.93580699560114
3.456303358078003 1.4478724002838135 2.9768157094847405
3.4530375003814697 1.4482769966125488 3.006021020443235
3.4473683834075928 1.4488784074783325 3.038515807663333
3.436293363571167 1.4501049518585205 3.0702643428204377
3.4284157752990723 1.4506021738052368 3.0849230314406286
3.417356252670288 1.451204776763916 3.0987338994650293
3.404588222503662 1.451452612876892 3.108735562782507
3.3902173042297363 1.4517993927001953 3.113747834164396
3.3745765686035156 1.4519563913345337 3.115082502373078
3.362093210220337 1.4523751735687256 3.113670825330201
3.3401148319244385 1.4523353576660156 3.1147472865597035
3.325028419494629 1.4524505138397217 3.1149733057614473
3.312917947769165 1.452431559562683 3.1158461575851994
3.297714948654175 1.4526177644729614 3.118553876063035
3.2823729515075684 1.4526479244232178 3.1188347362906215
3.2670094966888428 1.4528189897537231 3.119117020296063
3.251581907272339 1.4528053998947144 3.120669602351689
3.2396392822265625 1.4529002904891968 3.1207163336015986
3.2247095108032227 1.4528086185455322 3.1205108181230017
3.2037503719329834 1.4529691934585571 3.1216092106850666
3.191842794418335 1.4530127048492432 3.1212403779306443
3.176534414291382 1.4529792070388794 3.1223282807339494
3.1612915992736816 1.4530726671218872 3.1223728656127285
3.1464760303497314 1.4532018899917603 3.1236684337424765
3.131671667098999 1.4530714750289917 3.1242537509081
3.119763135910034 1.4529870748519897 3.124027966485408
3.1047863960266113 1.452977180480957 3.124378443271117
3.0835916996002197 1.4529228210449219 3.1238698953625366
3.0715649127960205 1.4528851509094238 3.125306130379425
3.0565850734710693 1.4527692794799805 3.126669407249685
3.041694402694702 1.452830195426941 3.1282482153354314
3.0268473625183105 1.4526629447937012 3.129458190147791
3.0117006301879883 1.452654480934143 3.1311023238655635
2.999377489089966 1.4524909257888794 3.1321234705338123
2.978642702102661 1.4522473812103271 3.1322352890585825
2.963926076889038 1.451927661895752 3.13299441390791
2.9521965980529785 1.4517463445663452 3.132910967075957
2.937276601791382 1.451645016670227 3.134369373346894
2.9221537113189697 1.4514025449752808 3.1362514494624265
2.907198667526245 1.4513016939163208 3.137758493626091
2.8922080993652344 1.4512591361999512 3.138466119840918
2.880474805831909 1.4510585069656372 3.1384315489851113
2.8595244884490967 1.4508992433547974 3.139758348357754
2.8446731567382812 1.4508249759674072 3.139761686278576
2.8325743675231934 1.4506745338439941 3.1407225131528906
2.8175694942474365 1.4504971504211426 -3.1407051085587
2.8025593757629395 1.4503536224365234 -3.1393818854468822
2.78749418258667 1.4501112699508667 -3.1380863189237163
2.772496223449707 1.4498367309570312 -3.136986494272573
2.7604312896728516 1.449601650238037 -3.1372590063385557
2.739215135574341 1.4491989612579346 -3.135688543348167
2.7243785858154297 1.4489655494689941 -3.1348669528600963
2.7125611305236816 1.448861002922058 -3.134073495671224
2.6976842880249023 1.448854923248291 -3.1316726219831628
2.68243408203125 1.4485458135604858 -3.1294791692909265
2.667534351348877 1.4483860731124878 -3.127602576603914
2.6521880626678467 1.447959065437317 -3.1254191387083106
2.639890193939209 1.4476767778396606 -3.123627663414007
2.6247851848602295 1.4471241235733032 -3.121989726358703
2.603877544403076 1.446558952331543 -3.1208639144519443
2.5919032096862793 1.4460481405258179 -3.1187348364267016
2.576666831970215 1.4451696872711182 -3.1178581712096385
['bump_right']
2.56221079826355 1.444470763206482 -3.1172919285242107
2.5587236881256104 1.4442012310028076 -3.116739749877138
2.5593760013580322 1.4441547393798828 -3.1174244884760354
2.5624563694000244 1.4440503120422363 -3.1211864961895226
2.5685694217681885 1.4441461563110352 -3.119027614459048
2.5785348415374756 1.444419503211975 -3.118241070675982
2.584789514541626 1.444657564163208 -3.118588683560829
2.59175443649292 1.4448866844177246 -3.1187739384548943
2.5987284183502197 1.4449630975723267 -3.1184923654535712
2.6057963371276855 1.4452375173568726 -3.1184923654535712
2.6126773357391357 1.445241093635559 -3.1184923654535712
2.617129325866699 1.4454916715621948 -3.114687920587642
2.62151837348938 1.4456071853637695 -3.103158470329851
2.625467538833618 1.445587158203125 -3.0690658062532425
2.6267917156219482 1.445693016052246 -3.0430517173565206
2.6270406246185303 1.4458380937576294 -2.9970705420803156
2.627103090286255 1.4454667568206787 -2.943920619843037
2.6267640590667725 1.4456623792648315 -2.892747630670034
2.6267852783203125 1.4458179473876953 -2.843584774361391
2.6268436908721924 1.4458602666854858 -2.803161610713413
2.626563310623169 1.4459724426269531 -2.732102853098493
2.6266679763793945 1.4460289478302002 -2.6841768725511277
2.6264772415161133 1.4460961818695068 -2.6444325615040003
2.626573085784912 1.4461427927017212 -2.5938305853507013
2.626275062561035 1.4461299180984497 -2.5427608806740833
2.6260671615600586 1.4461698532104492 -2.4930324189510498
2.6259377002716064 1.446146011352539 -2.442568794509307
2.6258223056793213 1.4462555646896362 -2.403338905377857
2.6256158351898193 1.4463566541671753 -2.3535652046235316
2.6253581047058105 1.446389079093933 -2.2854399777965884
2.625486135482788 1.446536898612976 -2.2471391827446383
2.6253509521484375 1.4466959238052368 -2.198852495233267
2.625422954559326 1.4468568563461304 -2.150013713522642
2.625276803970337 1.4469366073608398 -2.0999078746372115
2.6251728534698486 1.4469993114471436 -2.0507540284351626
2.6250855922698975 1.4470431804656982 -2.0118222798908736
2.6250057220458984 1.4472073316574097 -1.9621172780812355
2.6249773502349854 1.4474393129348755 -1.8939265076711482
2.6248083114624023 1.4474142789840698 -1.8547110414513277
2.624817132949829 1.4475141763687134 -1.8052171977960294
2.6246094703674316 1.447446346282959 -1.7559421884462922
2.6245291233062744 1.4475451707839966 -1.7071465773696144
2.6243796348571777 1.44758141040802 -1.6574864570911503
2.624302387237549 1.4476183652877808 -1.618058601521213
2.624053955078125 1.4476678371429443 -1.5493034212128427
2.623899459838867 1.4478055238723755 -1.4988409157909472
2.623763084411621 1.447629451751709 -1.4590425233987998
2.6236824989318848 1.4475455284118652 -1.4090806381461187
2.6234848499298096 1.4474519491195679 -1.3600873019313837
2.623293399810791 1.447513461112976 -1.3103547106886748
2.6231772899627686 1.4474684000015259 -1.2607715511971045
2.622957706451416 1.447312831878662 -1.2202529985536785
2.622852087020874 1.447353482246399 -1.173298413193243
2.6226141452789307 1.447422981262207 -1.1050724562147471
2.6224749088287354 1.447237491607666 -1.0641400245441006
2.622288942337036 1.4472945928573608 -1.0155853954963874
2.6220781803131104 1.4472535848617554 -0.967736267822562
2.622406482696533 1.446545958518982 -0.9220182980639792
2.6239707469940186 1.4442893266677856 -0.879245173831699
2.626387357711792 1.4412422180175781 -0.8524775032836049
2.6323182582855225 1.4345574378967285 -0.811098257031931
2.638094425201416 1.4284563064575195 -0.7878198313822136
2.643780469894409 1.4228105545043945 -0.7717279684063938
2.652009963989258 1.4147535562515259 -0.7566250769678079
2.6614999771118164 1.4061015844345093 -0.7472174268169217
2.671853542327881 1.3964016437530518 -0.744762361032757
2.683506488800049 1.3860447406768799 -0.744762361032757
2.6926565170288086 1.3778396844863892 -0.7456067673020347
2.7087769508361816 1.3636412620544434 -0.746525874339923
2.720113754272461 1.3533189296722412 -0.7472442998096583
2.7291717529296875 1.3451638221740723 -0.7483500101317065
2.740485191345215 1.335066556930542 -0.7486486928746657
2.7517123222351074 1.3249038457870483 -0.7486061910935131
2.7629241943359375 1.3144843578338623 -0.7481110112187646
2.774312734603882 1.3041582107543945 -0.7484461832021865
2.783360481262207 1.2959678173065186 -0.7494819441181375
2.799097776412964 1.2816864252090454 -0.7497067133469761
2.8104090690612793 1.2713381052017212 -0.7509261387572357
2.8192460536956787 1.2630887031555176 -0.7509817948889712
2.8304831981658936 1.2523850202560425 -0.7511276921089861
2.8418447971343994 1.2418941259384155 -0.7531648925289988
2.8528735637664795 1.2316257953643799 -0.7545360329490375
2.864008903503418 1.2213575839996338 -0.7555469258935645
2.8726534843444824 1.213165283203125 -0.7564390858157736
2.8881163597106934 1.1987026929855347 -0.7580206433552371
2.899513006210327 1.1881184577941895 -0.7572823829011178
2.908416509628296 1.1796990633010864 -0.7572823829011178
2.9195430278778076 1.1691181659698486 -0.756824609340216
2.9295172691345215 1.1596087217330933 -0.7561077635039967
2.941338062286377 1.1483796834945679 -0.7543775231202041
2.9522719383239746 1.1380482912063599 -0.7544053787150118
2.961148977279663 1.1300288438796997 -0.7544713123077567
2.976591110229492 1.1151350736618042 -0.754971513535391
2.9874608516693115 1.1050763130187988 -0.7553310900891291
2.9963207244873047 1.0967113971710205 -0.7554369227791519
3.0071260929107666 1.0863417387008667 -0.7547420339396558
3.018061876296997 1.0760809183120728 -0.7556793011896236
3.0289223194122314 1.0656663179397583 -0.7564211730645938
3.039992570877075 1.0551379919052124 -0.7556907496982032
3.0486462116241455 1.0470836162567139 -0.75555569661925
3.063838243484497 1.0326122045516968 -0.7549254765879779
3.0746219158172607 1.022325873374939 -0.7537727484282088
3.0832128524780273 1.0140736103057861 -0.753114316077073
3.0942506790161133 1.0037428140640259 -0.7519808798764267
3.1052308082580566 0.9932317733764648 -0.7495814660310767
3.116035223007202 0.9830251932144165 -0.7489106109976821
3.126647710800171 0.9730952382087708 -0.7489106109976821
3.1352412700653076 0.964910626411438 -0.7489106109976821
3.1505184173583984 0.9506888389587402 -0.7476287633256632
3.160524606704712 0.9412978887557983 -0.7474975099698601
3.1709609031677246 0.931560218334198 -0.7465222110919932
3.1821095943450928 0.921363890171051 -0.7474152620487869
3.1914496421813965 0.9125112295150757 -0.7480471604026394
3.202035665512085 0.9028587937355042 -0.7477188589317934
3.2128779888153076 0.8926056623458862 -0.7470735736077643
3.223071336746216 0.8829944133758545 -0.7462894643186331
3.236804246902466 0.8702269792556763 -0.7462647501671223
3.24778151512146 0.8599595427513123 -0.7448962657525359
3.2579991817474365 0.8504484295845032 -0.7437307412737637
3.2691965103149414 0.8399701118469238 -0.7431769685258043
3.27850604057312 0.831663966178894 -0.742029837720264
3.2894294261932373 0.8215022087097168 -0.7410444182359924
3.3004984855651855 0.8113550543785095 -0.7412627235399366
3.3107998371124268 0.8018536567687988 -0.7405161089020726
3.321742057800293 0.791926383972168 -0.7403672290472105
3.3352370262145996 0.7793896794319153 -0.73955034070057
3.345614194869995 0.7697643637657166 -0.7396842062055791
3.3570101261138916 0.7591623067855835 -0.7391541594761109
3.366375684738159 0.750710666179657 -0.7388998711751739
3.3770909309387207 0.7407428026199341 -0.7382152500876149
3.387909173965454 0.7308481335639954 -0.7376542660879277
3.3982644081115723 0.7213372588157654 -0.7372082590539597
3.411623954772949 0.708846926689148 -0.7362089037001407
3.4227709770202637 0.6986231803894043 -0.7352722107711742
3.433490037918091 0.6885266304016113 -0.7341832832161728
3.4446394443511963 0.6785706281661987 -0.7333959935987768
3.453258752822876 0.6706699728965759 -0.7330733525941251
3.4639806747436523 0.6606903672218323 -0.7320431050302455
3.4759421348571777 0.6498717665672302 -0.7318232909306192
3.4848217964172363 0.6417760252952576 -0.7318232909306192
3.4987945556640625 0.6287410855293274 -0.73210890930004
3.5098681449890137 0.6186449527740479 -0.7316563720466985
3.5207643508911133 0.6088723540306091 -0.7313669608386635
3.5316741466522217 0.5989846587181091 -0.7312642500026674
3.540550947189331 0.5908820629119873 -0.730398699594748
3.551652193069458 0.5810234546661377 -0.7299769936204448
3.562664031982422 0.5709584355354309 -0.7298653070548851
3.573744058609009 0.5610507130622864 -0.7292609060493712
3.5863075256347656 0.5497174263000488 -0.7290616771734847
3.59631609916687 0.5406438708305359 -0.7286136678105165
3.6022002696990967 0.5353397130966187 -0.7279829883509376
['bump_front_center']
3.60947585105896 0.5289422273635864 -0.7269546065507166
3.610511302947998 0.5283029675483704 -0.7325246347153467
3.609771490097046 0.5281940698623657 -0.7289340704417994
3.608030319213867 0.5293764472007751 -0.7287747975138175
3.6056625843048096 0.5313442945480347 -0.7310532285399395
3.5985641479492188 0.5374839305877686 -0.7335252345641399
3.5925405025482178 0.542731761932373 -0.7339229053213482
3.588083505630493 0.5463829636573792 -0.7343127732201513
3.582732915878296 0.5509761571884155 -0.7349089849755269
3.5772058963775635 0.5557039380073547 -0.7356328009100795
3.571798086166382 0.5605206489562988 -0.736082480860242
3.5663137435913086 0.5651654601097107 -0.7361298041662981
3.561962127685547 0.5688319802284241 -0.7363918579663088
3.5552685260772705 0.5746844410896301 -0.736902730098361
3.5516185760498047 0.5779390335083008 -0.7322412787074664
3.5498430728912354 0.5797203183174133 -0.7166430221021826
3.5480709075927734 0.5812824964523315 -0.6934967981059323
3.547022581100464 0.5822266936302185 -0.6593539305757439
3.546797037124634 0.5823326110839844 -0.6130614176755679
3.5469131469726562 0.5821799039840698 -0.5578065779128695
3.5468122959136963 0.5822068452835083 -0.5170994143796455
3.5465919971466064 0.5818688869476318 -0.4504120104328885
3.5462958812713623 0.5816907286643982 -0.3993111132876882
3.5461068153381348 0.5817651748657227 -0.3602743005541103
3.5460128784179688 0.5817577838897705 -0.3093088863958899
3.5458357334136963 0.5814864635467529 -0.2610768836411288
3.5453810691833496 0.581476628780365 -0.21400751479256855
3.545231819152832 0.5812729001045227 -0.1632602818100573
3.5450785160064697 0.5813031792640686 -0.12368190856181768
3.5449142456054688 0.5810309648513794 -0.05473069755347974
3.5448367595672607 0.5808670520782471 -0.0038942101797338423
3.5447440147399902 0.5808297991752625 0.03485352373751822
3.5445663928985596 0.5807170867919922 0.08388024808010189
3.5443921089172363 0.5806798934936523 0.1319729613294114
3.544447183609009 0.5803954601287842 0.1811288543391268
3.5441811084747314 0.5801867246627808 0.22630873333743007
3.544224977493286 0.5800079703330994 0.2698906202325953
3.5439682006835938 0.5799463391304016 0.3369402386918574
3.5439889430999756 0.5796335339546204 0.3876139578545846
3.543828248977661 0.5795694589614868 0.4249544992613574
3.5437145233154297 0.5793669819831848 0.47207153405701585
3.543488025665283 0.5792158842086792 0.5198920284043993
3.543379783630371 0.5789858102798462 0.5714558551823979
3.543462038040161 0.5788565278053284 0.6164692644142603
3.5436153411865234 0.578822910785675 0.6594157206352168
3.5431907176971436 0.5786049962043762 0.7268248216411514
3.543111562728882 0.5785438418388367 0.771752758199523
3.543365955352783 0.5784327983856201 0.8170381769093243
3.5433850288391113 0.5783806443214417 0.8667672925426104
3.5433294773101807 0.5782889127731323 0.9155492402605
3.5436322689056396 0.5781412720680237 0.9644290902798353
3.5433521270751953 0.5780567526817322 1.007621252728596
3.5436489582061768 0.5780555009841919 1.0511283401135183
3.543517589569092 0.5780282020568848 1.1200670892689144
3.5435426235198975 0.5779067873954773 1.164662152806403
3.5435903072357178 0.577899158000946 1.208564399128623
3.543412208557129 0.5776716470718384 1.2580080134452265
3.5434231758117676 0.5776883363723755 1.3081000636333238
3.5436480045318604 0.5776970982551575 1.356925700081161
3.5436389446258545 0.5783735513687134 1.398942476271755
3.543835401535034 0.5801659226417542 1.4389599940016866
3.5447933673858643 0.5865095257759094 1.4895877805773539
3.5451090335845947 0.5923759341239929 1.5173929530218657
3.5453920364379883 0.5992605090141296 1.538451563678315
3.5454816818237305 0.6087453365325928 1.5569597098966235
3.5452444553375244 0.6200178265571594 1.5719051343820982
3.5450005531311035 0.6326016783714294 1.5814895834239813
3.5443341732025146 0.6456096172332764 1.5861060224379147
3.5437374114990234 0.6588398814201355 1.5880530240712418
3.542971611022949 0.6740938425064087 1.5870137595771774
3.541687250137329 0.6939155459403992 1.588767870716972
3.5412399768829346 0.7067800760269165 1.588767870716972
3.540400981903076 0.7215983271598816 1.5866363796005305
3.539682626724243 0.7367092370986938 1.588800631406499
3.539140462875366 0.7516263723373413 1.5899848600087663
3.538437604904175 0.7657151222229004 1.5919260643249178
3.537720203399658 0.77874755859375 1.5919260643249178
3.5367929935455322 0.7995754480361938 1.593386456324985
3.536386251449585 0.8133783936500549 1.5947255626374877
3.535818338394165 0.8265014290809631 1.5936705399323865
3.535064458847046 0.8412656188011169 1.5955509062182394
3.5343098640441895 0.8564327359199524 1.5967203985755807
3.533421516418457 0.8713827729225159 1.5979055246470917
3.532966136932373 0.8849137425422668 1.5996171077063577
3.53252911567688 0.897790789604187 1.5996171077063577
3.5316646099090576 0.9124912619590759 1.5996049354509623
3.5307223796844482 0.9321971535682678 1.5995408040170893
3.5301127433776855 0.9455347657203674 1.6001182550219066
3.5291969776153564 0.9603781700134277 1.6000480228570066
3.5283029079437256 0.9751550555229187 1.6015779590185126
3.527427911758423 0.9899963140487671 1.602301131038863
3.5267436504364014 1.003904104232788 1.6029009382447257
3.5259430408477783 1.017101764678955 1.6029010211823695
3.5251169204711914 1.0321791172027588 1.6046101916899687
3.5237841606140137 1.0519658327102661 1.605068000761695
3.5231404304504395 1.0650709867477417 1.6051634276430087
3.5222556591033936 1.0796256065368652 1.6047458025264942
3.5212204456329346 1.0943139791488647 1.6052013293251568
3.520246744155884 1.1092374324798584 1.6069869292731307
3.519254446029663 1.1233394145965576 1.6076122749207018
3.5182111263275146 1.1363521814346313 1.6088358968103649
3.5172996520996094 1.151119351387024 1.6092975171889143
3.516136407852173 1.1708581447601318 1.6098959345770367
3.515354633331299 1.1837047338485718 1.6097647167493285
3.5141611099243164 1.1984477043151855 1.609799926496374
3.5131983757019043 1.2135826349258423 1.6121775411788701
3.511848211288452 1.2288343906402588 1.6120528297114327
3.510695219039917 1.2430850267410278 1.6129042180446793
3.50966215133667 1.2560175657272339 1.6136463192503343
3.5086607933044434 1.270721673965454 1.61353521188652
3.507114887237549 1.2905464172363281 1.6124557963282198
3.5061285495758057 1.3033782243728638 1.6129137266907783
3.5051004886627197 1.3180607557296753 1.6143793216123683
3.5039241313934326 1.332158088684082 1.6146228523197628
3.503006935119629 1.3437449932098389 1.6172246769156504
3.5021774768829346 1.3536899089813232 1.620325840523754
3.501596212387085 1.3625527620315552 1.6190345873063368
3.500361204147339 1.377500295639038 1.6177102752154147
3.4992806911468506 1.388904333114624 1.619357108643565
3.49843168258667 1.3986318111419678 1.6199941628144208
3.497324228286743 1.4099507331848145 1.6200454078954645
3.496403694152832 1.4212011098861694 1.620428327291705
3.49544620513916 1.4315800666809082 1.619685814731169
3.4944064617156982 1.4426933526992798 1.6207068989970772
3.4935593605041504 1.4522157907485962 1.6215376795886862
3.4925637245178223 1.4634701013565063 1.6226428654745462
3.491177558898926 1.4783949851989746 1.6236099093927545
3.490283250808716 1.4880483150482178 1.6254578624383296
3.489150047302246 1.4994195699691772 1.6271406693222314
3.488133668899536 1.510333776473999 1.6263681248047361
['bump_front_center']
3.487689971923828 1.5155278444290161 1.6250335417927861
3.487647533416748 1.5164659023284912 1.6240888979864532
3.4875199794769287 1.5161060094833374 1.6226725951045486
3.48771333694458 1.5131922960281372 1.6231489396705743
3.4879653453826904 1.5053791999816895 1.6240823987568134
3.4881248474121094 1.4989224672317505 1.624958732771505
3.4883785247802734 1.491114616394043 1.6252333709244444
3.4886279106140137 1.4841241836547852 1.6250548215576068
3.4887685775756836 1.4774531126022339 1.624587848824373
3.4890124797821045 1.4701892137527466 1.624754385419665
3.4891600608825684 1.464157223701477 1.6245791827351879
3.4893105030059814 1.4571436643600464 1.62518623134693
3.4896960258483887 1.4476771354675293 1.6249986731376407
3.489877462387085 1.4417705535888672 1.6248480669889624
3.4900155067443848 1.4347140789031982 1.6239852519146474
3.490093946456909 1.4285703897476196 1.6253131783624364
3.4902279376983643 1.4247407913208008 1.637078964615429
3.490274667739868 1.425071120262146 1.6449557318052013
3.49027419090271 1.4257062673568726 1.645677514747853
3.4902312755584717 1.425620198249817 1.668961199758034
3.489825963973999 1.4252279996871948 1.7370620389139606
3.4900166988372803 1.4255300760269165 1.7828260794852682
3.4899563789367676 1.4256497621536255 1.8326714682002143
3.489731550216675 1.425504207611084 1.8839768333768014
3.4897968769073486 1.425643801689148 1.9332594995646444
3.489828586578369 1.4256800413131714 1.9820277178436287
3.489769697189331 1.425766944885254 2.0230927493750315
3.4897754192352295 1.4258846044540405 2.073136226637476
3.4899027347564697 1.4258501529693604 2.140242994808201
3.48992657661438 1.4258805513381958 2.182373034406892
3.4898030757904053 1.4260624647140503 2.231952149961227
3.489811658859253 1.4259003400802612 2.2821722110239926
3.489811420440674 1.4259322881698608 2.328906521662364
3.489837646484375 1.4260475635528564 2.3769175394997317
3.489750623703003 1.4261512756347656 2.4181046160600865
3.4897401332855225 1.4262101650238037 2.46742440864755
3.4897000789642334 1.4265310764312744 2.5342399995135305
3.489619016647339 1.4265459775924683 2.5768876508680862
3.4896180629730225 1.4267338514328003 2.6251837688762962
3.4896223545074463 1.4268815517425537 2.6738049963518162
3.48964786529541 1.426726222038269 2.7182690850539153
3.4896035194396973 1.4268574714660645 2.7688198311377112
3.489692211151123 1.4269075393676758 2.8108317881291582
3.4896366596221924 1.4270411729812622 2.8606846568665474
3.4894394874572754 1.4271761178970337 2.928657534385075
3.4894046783447266 1.4272068738937378 2.9695689773778895
3.4893946647644043 1.4273728132247925 3.0190479787662525
3.489030122756958 1.4275214672088623 3.070363284516666
3.488837480545044 1.4275448322296143 3.1176748267049446
3.4887523651123047 1.4276905059814453 -3.1164917968006933
3.4886856079101562 1.4276231527328491 -3.075429426986527
3.488314151763916 1.4278745651245117 -3.0257561251758425
3.4884445667266846 1.427763819694519 -2.960321421464475
3.4883384704589844 1.4278151988983154 -2.9194977469039025
3.4880125522613525 1.428033709526062 -2.8685140374762366
3.4878287315368652 1.42822265625 -2.8184154205475216
3.4876887798309326 1.4281975030899048 -2.7711331823898178
3.487478256225586 1.4283446073532104 -2.720908404604822
3.487640142440796 1.4283528327941895 -2.682118443725087
3.487396717071533 1.4285045862197876 -2.632979920016284
3.4873287677764893 1.4286242723464966 -2.5649924202207273
3.4870946407318115 1.4287983179092407 -2.5257849288957317
3.4861130714416504 1.4284296035766602 -2.4798145544686543
3.483837366104126 1.426803469657898 -2.4355948051450276
3.480227470397949 1.4237771034240723 -2.399906597315254
3.4754698276519775 1.4193514585494995 -2.3696981220694338
3.4707319736480713 1.4148459434509277 -2.3485869623531963
3.4610445499420166 1.4050641059875488 -2.319998056299922
3.4529988765716553 1.3967162370681763 -2.305987860540945
3.4460365772247314 1.3888462781906128 -2.298358202057879
3.4362633228302 1.3783488273620605 -2.2938144691482005
3.4260032176971436 1.3664417266845703 -2.2957891839657014
3.4155473709106445 1.354973316192627 -2.2955866048516094
3.405336856842041 1.3436312675476074 -2.2959108533784756
3.3972699642181396 1.3345067501068115 -2.2963176048717133
3.3869833946228027 1.3231815099716187 -2.295008705379471
3.3725826740264893 1.3069143295288086 -2.291526288574069
3.3643710613250732 1.2979412078857422 -2.2913928003385076
3.3545942306518555 1.2865722179412842 -2.2911989498248095
3.344506025314331 1.2752678394317627 -2.289821626364375
3.334383964538574 1.2640169858932495 -2.2896566201704744
3.324007749557495 1.252427339553833 -2.2894727964440853
3.3158135414123535 1.2431069612503052 -2.2896396401925045
3.3059208393096924 1.23183012008667 -2.2900262408706458
3.2917351722717285 1.216207504272461 -2.289146114874304
3.283883571624756 1.2072230577468872 -2.290226687963638
3.2738702297210693 1.1960912942886353 -2.2895837288434215
3.263890027999878 1.1847410202026367 -2.2906654111197877
3.2538998126983643 1.173538327217102 -2.289536207771509
3.2437498569488525 1.1621774435043335 -2.288140307488316
3.2358558177948 1.1532646417617798 -2.2877593238066365
3.225778341293335 1.1419129371643066 -2.2856831667056414
3.212036371231079 1.1259733438491821 -2.284195180580762
3.2040109634399414 1.1167973279953003 -2.283886657035648
3.193833351135254 1.105177879333496 -2.283288412423522
3.183985710144043 1.0938843488693237 -2.2830550439744077
3.1741721630096436 1.0824733972549438 -2.282838307499311
3.16445255279541 1.0712143182754517 -2.284148656921267
3.1563000679016113 1.061885118484497 -2.283625596376214
3.146362781524658 1.0502676963806152 -2.2835638897996713
3.1325674057006836 1.03401517868042 -2.2833676305625157
3.124722719192505 1.0249245166778564 -2.282592515618238
3.1151885986328125 1.013479471206665 -2.282624214963955
3.1055266857147217 1.0022790431976318 -2.281075519609785
3.0957653522491455 0.9908469915390015 -2.27987834591214
3.0860400199890137 0.9792670607566833 -2.2784202294862426
3.0781280994415283 0.9698443412780762 -2.2771911981971034
3.064343214035034 0.9537134170532227 -2.274773329516423
3.054990291595459 0.9422610402107239 -2.273351212784014
3.0471866130828857 0.9331861734390259 -2.272720812934841
3.0377938747406006 0.921922504901886 -2.272893974014929
3.0279717445373535 0.910386860370636 -2.272358214826115
3.018153667449951 0.8987746834754944 -2.2735462144726193
3.0083606243133545 0.8873317241668701 -2.2736125403515723
3.0004329681396484 0.8780931234359741 -2.2738883158962833
2.9908435344696045 0.866590142250061 -2.2740733349180315
2.9810903072357178 0.8551924228668213 -2.274739729933213
2.9695470333099365 0.8414130806922913 -2.275179295487288
2.9596118927001953 0.82969731092453 -2.2737803363751894
2.9499542713165283 0.8183038830757141 -2.273515525666976
2.940272331237793 0.806677520275116 -2.27160217587587
2.9305360317230225 0.7950849533081055 -2.2705762484316567
2.9229650497436523 0.7859242558479309 -2.270283431588084
2.91317081451416 0.7742083668708801 -2.2680251829646787
2.8995838165283203 0.7576904892921448 -2.267695939498188
2.891875743865967 0.7484908103942871 -2.267098895251802
2.8821403980255127 0.736899197101593 -2.267052884101997
2.8726439476013184 0.7253884077072144 -2.2674958992915446
2.86291241645813 0.713901698589325 -2.2674958992915446
2.8533198833465576 0.7020646929740906 -2.2690784834866307
2.845571994781494 0.6925867795944214 -2.2686738277288487
2.835653066635132 0.6807131767272949 -2.267715199898677
2.8220419883728027 0.6642358899116516 -2.267317243444896
2.814422607421875 0.6550701856613159 -2.266971146077467
2.8048782348632812 0.6433277130126953 -2.267046441916693
2.7954330444335938 0.6315605044364929 -2.2664253893467468
2.785517692565918 0.6199038028717041 -2.265050632886478
2.775928497314453 0.6078892946243286 -2.2653703134764696
2.768219232559204 0.5985097289085388 -2.264885903852253
2.7585642337799072 0.5869408845901489 -2.2638721405765345
2.7451181411743164 0.570671558380127 -2.264085499443609
2.737431287765503 0.5612857937812805 -2.26492169397775
2.7278616428375244 0.549757719039917 -2.265167261472649
2.718144655227661 0.5381584167480469 -2.2653343253685154
2.708693027496338 0.5267428159713745 -2.266673082566371
2.698941230773926 0.5151647329330444 -2.2672564775652035
2.6912734508514404 0.5056888461112976 -2.2672564775652035
2.677675485610962 0.48907652497291565 -2.2665791897270355
2.6679270267486572 0.47736379504203796 -2.2661586034693
2.6602978706359863 0.46810558438301086 -2.265370307614445
2.6508021354675293 0.45654812455177307 -2.2642016516384795
2.6412441730499268 0.44507575035095215 -2.263862393586519
2.6318159103393555 0.4333035349845886 -2.2629749932856447
2.6217737197875977 0.42120423913002014 -2.2619218857739836
2.6141693592071533 0.4119323790073395 -2.2619218857739836
2.6044270992279053 0.4000914692878723 -2.2604761232429764
2.5908617973327637 0.38398247957229614 -2.260985420811362
2.5835230350494385 0.374935507774353 -2.260985420811362
2.5738511085510254 0.36324894428253174 -2.2614073711215035
2.5644478797912598 0.35159555077552795 -2.2628007190285087
2.5547990798950195 0.3399427533149719 -2.262256320285477
2.545274496078491 0.32859328389167786 -2.262256320285477
2.5375142097473145 0.31941503286361694 -2.2611542159382085
2.5277907848358154 0.30791425704956055 -2.2611542159382085
2.514742851257324 0.2916579246520996 -2.258555867808362
2.506892681121826 0.2821401357650757 -2.2584104586241818
2.497358798980713 0.27063193917274475 -2.258550156979852
2.4877936840057373 0.2591370642185211 -2.2571403998255573
2.478437900543213 0.24772457778453827 -2.2570955355488054
2.468973159790039 0.23593272268772125 -2.2565007167108173
2.4612503051757812 0.2268117070198059 -2.256492872141312
2.4517154693603516 0.2148483544588089 -2.257129447214803
2.438145875930786 0.19865500926971436 -2.2574623454933116
2.4306838512420654 0.18950848281383514 -2.258516283811694
2.4212191104888916 0.17804116010665894 -2.2585883572355443
2.4118363857269287 0.1667693704366684 -2.2585883572355443
2.4023239612579346 0.15505212545394897 -2.2585883572355443
2.3925232887268066 0.14327991008758545 -2.2572717844563144
2.3847992420196533 0.1340453177690506 -2.2565300424833783
2.375408887863159 0.12228121608495712 -2.256022940293633
2.3619906902313232 0.10645641386508942 -2.2544835140514876
2.354602813720703 0.09700540453195572 -2.2542769606007047
2.3449583053588867 0.08529816567897797 -2.2536671044857415
2.3355586528778076 0.07371266186237335 -2.25396035783924
2.32585072517395 0.061743900179862976 -2.2530429418711475
2.3163583278656006 0.05016122758388519 -2.2538890268594316
2.3089191913604736 0.04082031548023224 -2.2531483397363474
2.2993838787078857 0.02928832545876503 -2.2523630132988455
2.2862513065338135 0.012910280376672745 -2.2532005469606378
2.2786142826080322 0.003494054079055786 -2.252350053060499
2.2689931392669678 -0.007945982739329338 -2.2519402135650477
2.2594809532165527 -0.01953556202352047 -2.251863770452591
2.25003719329834 -0.03091694600880146 -2.251863770452591
2.240713119506836 -0.04274045675992966 -2.2518882459698206
2.2329061031341553 -0.052081260830163956 -2.2516055799739805
2.22322678565979 -0.06398256123065948 -2.2514278939634993
2.209883689880371 -0.08017859607934952 -2.2506603904786635
2.202287197113037 -0.08966106176376343 -2.2504434577483474
2.1929423809051514 -0.1010814905166626 -2.2512797562139313
2.183701992034912 -0.11269181221723557 -2.252021340375327
2.174250841140747 -0.12425606697797775 -2.252993343323951
2.1647772789001465 -0.1359875202178955 -2.2530455497486885
2.1573026180267334 -0.14513994753360748 -2.2534880575342493
2.147862195968628 -0.15668971836566925 -2.2537031456117025
2.1347057819366455 -0.17271801829338074 -2.252762237075037
2.1272716522216797 -0.18178041279315948 -2.253156202818042
2.1178383827209473 -0.1935674548149109 -2.2524923741528946
2.10843563079834 -0.2052544504404068 -2.252765646408014
2.0992400646209717 -0.21685557067394257 -2.2519936508879437
2.0898795127868652 -0.22846244275569916 -2.251172800993914
2.082371711730957 -0.23798687756061554 -2.2510834465494995
2.069446563720703 -0.2541640102863312 -2.250291116488805
2.059901475906372 -0.26595839858055115 -2.249709565324801
2.052300453186035 -0.2755187451839447 -2.249324361621444
2.043215036392212 -0.2868657112121582 -2.249259975055703
2.0338709354400635 -0.2985629141330719 -2.24927466185227
2.0243332386016846 -0.31011447310447693 -2.24927466185227
2.0149269104003906 -0.3217439651489258 -2.250086823184742
2.007431983947754 -0.3310573399066925 -2.2496999940174414
1.9976609945297241 -0.3431071639060974 -2.249264206782407
1.9846175909042358 -0.3591541051864624 -2.248758039474934
1.9770569801330566 -0.3684830963611603 -2.2477526683025224
1.9679442644119263 -0.37993645668029785 -2.247809404975973
1.9592020511627197 -0.3907073438167572 -2.247809404975973
1.9500166177749634 -0.40235090255737305 -2.2473264060938685
1.940739393234253 -0.41421738266944885 -2.2458519272518673
1.9312750101089478 -0.42607542872428894 -2.2447977138187007
1.922858715057373 -0.436616450548172 -2.2447977138187007
1.9098273515701294 -0.4533100724220276 -2.2446009882214653
1.9025436639785767 -0.4624520242214203 -2.2451207405504223
1.8933446407318115 -0.47411713004112244 -2.245306516725264
1.8838255405426025 -0.485803484916687 -2.245747334738336
1.87453293800354 -0.49752286076545715 -2.2466589842062303
1.8652933835983276 -0.5091100335121155 -2.247171906448811
1.8578100204467773 -0.5183289647102356 -2.247546890144236
1.848335862159729 -0.5300841927528381 -2.2469148451564833
1.8349583148956299 -0.5465028285980225 -2.246355094121931
1.8275326490402222 -0.5559759736061096 -2.245437637319088
1.8181085586547852 -0.5677074790000916 -2.243242249741039
1.808896541595459 -0.579179048538208 -2.244478464090673
1.7995567321777344 -0.590901792049408 -2.2449035299864333
1.7898962497711182 -0.6027500033378601 -2.2449403082982693
1.7823669910430908 -0.6121689677238464 -2.245605970028228
1.7729125022888184 -0.6242221593856812 -2.245523415614275
1.75985586643219 -0.6403540968894958 -2.2465467288867718
1.7523759603500366 -0.649452269077301 -2.2459375998989857
1.7430038452148438 -0.6612112522125244 -2.246375803632401
1.734506607055664 -0.6719245314598083 -2.2484671861098207
1.7250951528549194 -0.6835432052612305 -2.2488675871107713
1.7156307697296143 -0.6954050660133362 -2.2488453661889416
1.7066006660461426 -0.7065889835357666 -2.2487015542267508
1.6943855285644531 -0.7214156985282898 -2.2480564364216984
1.6850340366363525 -0.7330970764160156 -2.246486596068107
1.676032543182373 -0.7443199157714844 -2.246312145224559
1.66659677028656 -0.7561447024345398 -2.2474660983008845
1.6586157083511353 -0.7660902142524719 -2.246671225558388
1.6490241289138794 -0.7779018878936768 -2.245618119429506
1.6394741535186768 -0.7897170186042786 -2.246402277230043
1.6304244995117188 -0.8006801605224609 -2.246920591436941
1.6209603548049927 -0.8123912811279297 -2.2487125628514004
['bump_left']
1.6130205392837524 -0.8224705457687378 -2.248741077022871
1.6019395589828491 -0.8352811932563782 -2.2461032795738727
1.6008923053741455 -0.8353909850120544 -2.239420841866695
1.6020230054855347 -0.8342799544334412 -2.2394390264089377
1.6047813892364502 -0.8307333588600159 -2.24194716364374
1.608657956123352 -0.8260742425918579 -2.2425944157987217
1.6130437850952148 -0.8205438256263733 -2.240092819709523
1.6176835298538208 -0.8146751523017883 -2.239901984591304
1.6229890584945679 -0.8081879019737244 -2.2403273689257643
1.62736177444458 -0.8025528192520142 -2.2405497733617783
1.6316165924072266 -0.7970035076141357 -2.24054551094965
1.6350711584091187 -0.7924574613571167 -2.2404372740385505
1.639507532119751 -0.7870592474937439 -2.2407660093498922
1.6437352895736694 -0.7813629508018494 -2.2411390194887506
1.6477582454681396 -0.7763247489929199 -2.2411795193897537
1.6508429050445557 -0.7723134756088257 -2.239531508875088
1.6529279947280884 -0.7699131965637207 -2.229992386379071
1.6549901962280273 -0.7675057649612427 -2.192427140271439
1.655572533607483 -0.766625702381134 -2.154434835005923
1.6554700136184692 -0.7666566967964172 -2.1169075787930733
1.655321717262268 -0.766769289970398 -2.063910727294111
1.6546519994735718 -0.7671403288841248 -2.0135091958687394
1.6546083688735962 -0.76689612865448 -1.9677380978174768
1.6545920372009277 -0.7667049169540405 -1.9193755865339852
1.6543816328048706 -0.7668381929397583 -1.8798159332860016
1.6541287899017334 -0.7669957280158997 -1.8115779779219543
1.6539345979690552 -0.7670435905456543 -1.7640858966559412
1.6537991762161255 -0.7671133875846863 -1.7255908552827035
1.6535658836364746 -0.7672109603881836 -1.6728377457017578
1.6534476280212402 -0.7670478820800781 -1.6228456303134005
1.6531628370285034 -0.7670775055885315 -1.5839079784365815
1.6530487537384033 -0.76707923412323 -1.537244210337523
1.6529159545898438 -0.7669761776924133 -1.466037969492135
1.6527070999145508 -0.7671225666999817 -1.4261038222521918
1.6526559591293335 -0.7670067548751831 -1.3788235563225637
1.6525269746780396 -0.7669187188148499 -1.3291538707717558
1.6523100137710571 -0.7669711709022522 -1.279583896610151
1.6520997285842896 -0.7670757174491882 -1.2326511061422476
1.6520196199417114 -0.7671002149581909 -1.1920954693426637
1.6519386768341064 -0.7670749425888062 -1.143087625642947
1.651821494102478 -0.7671777606010437 -1.0956853065060368
1.6516036987304688 -0.7672002911567688 -1.0368724324557645
1.6515222787857056 -0.7673403024673462 -0.9865097350626075
1.651352882385254 -0.7674404978752136 -0.9381016778986385
1.6519557237625122 -0.7643759846687317 -0.8487465316030183
1.6519572734832764 -0.763850748538971 -0.8127850875306665
1.651900053024292 -0.7637385129928589 -0.7590962099664286
1.6518527269363403 -0.7641504406929016 -0.7399618103419794
1.651686668395996 -0.764041543006897 -0.6463344541271979
1.6521357297897339 -0.7695955634117126 -0.6029046250959677
1.6511906385421753 -0.7651938199996948 -0.5457664814810123
1.6507452726364136 -0.7628694176673889 -0.5104253299269508
1.6510100364685059 -0.7642579674720764 -0.4921406061754363
1.6518471240997314 -0.7685834765434265 -0.3787127182377437
1.6504530906677246 -0.7657085061073303 -0.31199811332032285
1.65177321434021 -0.7687343955039978 -0.2804171920954808
1.6499271392822266 -0.7660050392150879 -0.21756214005592747
1.6500916481018066 -0.7666645050048828 -0.14504118475426978
1.6497068405151367 -0.7660655975341797 -0.1410506038338636
1.649361491203308 -0.7661271691322327 -0.06332143390337179
1.6495110988616943 -0.7664140462875366 -0.0461066843317315
1.6508442163467407 -0.7670405507087708 0.03027936445672277
1.6551620960235596 -0.7667696475982666 0.07797657692215351
1.6604002714157104 -0.7664966583251953 0.1084460266594485
1.6673918962478638 -0.765714168548584 0.1348317950522697
1.675279140472412 -0.7647444605827332 0.15451050956402282
1.6846399307250977 -0.7634031772613525 0.16977770188808963
1.695630431175232 -0.7614417672157288 0.18093652766427595
['bump_right']
1.7075263261795044 -0.7589836716651917 0.18851291969781803
['bump_right']
1.7185373306274414 -0.7552909255027771 0.17586570189336578
1.71774160861969 -0.7550154328346252 0.1696904214133921
1.714781641960144 -0.7555734515190125 0.17376650288871304
['bump_right']
1.7094553709030151 -0.7570796608924866 0.1774613917454929
1.7040297985076904 -0.7586180567741394 0.17050369783952515
1.6968778371810913 -0.7597178220748901 0.16693491262012933
1.6898707151412964 -0.7611559629440308 0.1669349571679694
1.683211326599121 -0.7623624801635742 0.16506123379991977
1.6768767833709717 -0.763586699962616 0.16480727504999823
1.6680127382278442 -0.7650967240333557 0.16480727504999823
1.6613883972167969 -0.7662467360496521 0.16552843691508215
1.658388376235962 -0.7667762637138367 0.16726648024316085
1.6589542627334595 -0.7666463851928711 0.17050658338169167
1.6593787670135498 -0.7665256857872009 0.19088182708630702
1.6588177680969238 -0.7662228345870972 0.23406589566883568
1.6586523056030273 -0.7661809921264648 0.2868479972857948
1.6587704420089722 -0.7664405107498169 0.3357655840505139
1.658622145652771 -0.7665654420852661 0.3975149018103975
1.658459186553955 -0.7667322158813477 0.44530817189790967
1.6583688259124756 -0.7669382691383362 0.4919226743292735
1.658115029335022 -0.7670853734016418 0.5379009192350244
1.6582170724868774 -0.7673189640045166 0.5835716791536156
1.6582529544830322 -0.7674601674079895 0.6308229579274802
1.6582252979278564 -0.7676308751106262 0.6787459383335797
1.6580548286437988 -0.7677913904190063 0.7256486283503729
1.658219814300537 -0.7679125666618347 0.7707131079181722
1.658233880996704 -0.76826411485672 0.8323754894146197
1.65816068649292 -0.7684610486030579 0.8793618875315469
1.6580990552902222 -0.7685960531234741 0.9268690483315885
1.6582900285720825 -0.7686181664466858 0.9738989746774374
1.658312201499939 -0.7687558531761169 1.0224690971719865
1.6583787202835083 -0.7689199447631836 1.0717875653657087
1.6585514545440674 -0.7689961194992065 1.117825499497451
1.6585097312927246 -0.7691883444786072 1.1781067332489845
1.6586852073669434 -0.7692869305610657 1.225488388008308
1.6588010787963867 -0.7693744897842407 1.2726690056368735
1.6588973999023438 -0.7695485949516296 1.3194388121957958
1.6590903997421265 -0.7697219252586365 1.366972219838266
1.6619465351104736 -0.768101155757904 1.4091470053128006
1.6592025756835938 -0.7702056169509888 1.4580571552092225
1.6619938611984253 -0.7682645916938782 1.4856416117088043
1.6597412824630737 -0.7702829837799072 1.5354655683075729
1.65901517868042 -0.7713372707366943 1.6015343092897782
1.6598522663116455 -0.7708287835121155 1.6578875653148017
1.6595319509506226 -0.7719626426696777 1.7525922194592036
1.6599193811416626 -0.7714798450469971 1.7815841182868448
1.6600606441497803 -0.771577775478363 1.8461476854015813
1.6605056524276733 -0.7711583971977234 1.8958133415970946
1.660775065422058 -0.7710208296775818 1.9591492415598817
1.660852313041687 -0.7710721492767334 2.006344916793099
1.6612955331802368 -0.77101069688797 2.0966203711988998
1.66127610206604 -0.7713820338249207 2.148942543210396
1.6614023447036743 -0.7712927460670471 2.1887178294664333
1.6618355512619019 -0.7712099552154541 2.2852873358467582
1.6620628833770752 -0.7697874307632446 2.325179164296837
1.661463737487793 -0.770619809627533 2.389036931014848
1.6593477725982666 -0.7680982947349548 2.434488086797833
1.6509158611297607 -0.761198103427887 2.49715921857128
1.6448131799697876 -0.7566036581993103 2.5206534850813354
1.629171371459961 -0.7458718419075012 2.5522425071608046
1.6172503232955933 -0.7376511096954346 2.568472868859241
1.5907182693481445 -0.721000611782074 2.5732710044707603
1.5864086151123047 -0.7184532880783081 2.5732710044707603
1.5712321996688843 -0.7094072103500366 2.574128393401843
1.5452570915222168 -0.6932298541069031 2.575883154119257
1.5301058292388916 -0.6838938593864441 2.5763359432675252
1.5241047143936157 -0.6801477670669556 2.5763359432675252
1.5196799039840698 -0.6774213910102844 2.5763359432675252
1.495445966720581 -0.6619544625282288 2.5778009849411294
1.4869714975357056 -0.6567444801330566 2.5779776430509473
1.4716445207595825 -0.6472484469413757 2.5784464316552436
1.4669440984725952 -0.6443257331848145 2.5786390705289013
1.4462615251541138 -0.6315073370933533 2.5792384235529044
1.4401156902313232 -0.6276500225067139 2.5793611661108344
1.4077719449996948 -0.6075140833854675 2.581980448650958
1.4035815000534058 -0.6049661636352539 2.5823205264777247
1.3952691555023193 -0.6000773310661316 2.5832018758174815
1.379558801651001 -0.5902580618858337 2.585491705481477
1.3668757677078247 -0.5823806524276733 2.5858141863394297
1.3547660112380981 -0.5752273797988892 2.584966201896779
1.341721773147583 -0.567193865776062 2.58480334945815
1.3304409980773926 -0.560396671295166 2.584530334638992
1.3176828622817993 -0.5527396202087402 2.5850296916485087
1.3047735691070557 -0.5448607206344604 2.58591225209793
1.2893142700195312 -0.5354968905448914 2.5875315543072577
1.2764745950698853 -0.5275322198867798 2.58879043409265
1.2633050680160522 -0.5197312235832214 2.588997376031035
1.2586817741394043 -0.516922116279602 2.589375989164808
1.2372812032699585 -0.504094123840332 2.5921235619950997
1.2276731729507446 -0.4984646439552307 2.5921235619950997
1.1963090896606445 -0.47984108328819275 2.5937681029182773
1.1947295665740967 -0.4788815677165985 2.5941496484169098
1.173517107963562 -0.4664001762866974 2.5959787845896516
1.1610422134399414 -0.45895621180534363 2.5963153756852617
1.1487324237823486 -0.45144349336624146 2.5964169665242505
1.136474847793579 -0.4442146122455597 2.5954899826039792
1.123957872390747 -0.4367997944355011 2.5948846680983455
1.111457347869873 -0.4294474124908447 2.5948236415910833
1.0948785543441772 -0.41954734921455383 2.5949969308033536
1.0823681354522705 -0.41216161847114563 2.5949969308033536
1.069899082183838 -0.40484586358070374 2.597284732845912
1.0577164888381958 -0.3975779116153717 2.5985753092172126
1.0448448657989502 -0.39013180136680603 2.598962298064328
1.0320947170257568 -0.3827805817127228 2.598962298064328
1.019654393196106 -0.3754076063632965 2.599826319827832
1.0033466815948486 -0.36570900678634644 2.6006424379460618
0.9907629489898682 -0.35827890038490295 2.602371237629536
0.9783947467803955 -0.35104435682296753 2.6026155951406498
0.9659889340400696 -0.34369516372680664 2.602719807709532
0.9533980488777161 -0.3362691104412079 2.6028046501560502
0.9413050413131714 -0.32915741205215454 2.6025745705771928
0.9288657903671265 -0.3217422068119049 2.6025745705771928
0.9166374802589417 -0.3143904209136963 2.6015565056325864
0.9042086601257324 -0.30717000365257263 2.6016349533478804
0.8877917528152466 -0.29731321334838867 2.6021030093029434
0.8753440976142883 -0.29008907079696655 2.602520450678423
0.8627657890319824 -0.28266391158103943 2.603916668896824
0.8504675626754761 -0.27540767192840576 2.6049950098117205
0.8378974795341492 -0.2679367661476135 2.6049950098117205
0.8251750469207764 -0.2605649530887604 2.6044485271445907
0.8132123947143555 -0.2535499632358551 2.6044485271445907
0.8003355264663696 -0.24600276350975037 2.604861482404245
0.7833905816078186 -0.2362118661403656 2.605042456487372
0.7731213569641113 -0.23005466163158417 2.605755076317153
0.7366330027580261 -0.20870636403560638 2.603817960830656
0.7260109186172485 -0.20236404240131378 2.6031735013182042
0.7237431406974792 -0.20112556219100952 2.6020326649939935
0.6980059146881104 -0.18596267700195312 2.6026200966449626
0.6666132211685181 -0.16763249039649963 2.6044175548273008
0.6586369276046753 -0.16324739158153534 2.6051759717758816
0.6558182239532471 -0.16157786548137665 2.6064347909830263
0.633551299571991 -0.1487448662519455 2.6064870275351435
0.6142240166664124 -0.13750985264778137 2.606842748243285
0.5987591743469238 -0.12842118740081787 2.606298489487492
0.5833280086517334 -0.11956725269556046 2.6056030155819294
0.5625202655792236 -0.10743042081594467 2.606283597685267
0.5438042879104614 -0.09645802527666092 2.6068845176367654
0.509882926940918 -0.07690586894750595 2.6069111733677492
0.5020090937614441 -0.07223762571811676 2.607160099532332
0.4781182110309601 -0.05882910266518593 2.6079140322000676
0.47192132472991943 -0.05512094125151634 2.608569161695305
0.4703702926635742 -0.054182443767786026 2.608878370876901
0.42285391688346863 -0.02741117589175701 2.6116721676919203
0.40573346614837646 -0.017465611919760704 2.611672917198502
0.38897979259490967 -0.008033141493797302 2.610390681880665
0.3845863938331604 -0.005519339814782143 2.610447626870464
0.3811381161212921 -0.0035745278000831604 2.610278154017803
0.352367639541626 0.012886017560958862 2.6099800839130136
0.33168455958366394 0.02492988482117653 2.6114487878306574
0.32842546701431274 0.026831796392798424 2.6114487878306574
0.3073633015155792 0.03889870643615723 2.6115918545256895
0.2993179261684418 0.043527185916900635 2.6115918545256895
0.29774537682533264 0.044484637677669525 2.6121139356486007
0.2716540992259979 0.0593499094247818 2.6113703054145803
0.2621479332447052 0.06473629921674728 2.6113703054145803
0.24098752439022064 0.07692717760801315 2.61253905966499
0.22185133397579193 0.08764771372079849 2.615228877238988
0.21800673007965088 0.08985069394111633 2.615419181807203
0.21564015746116638 0.09095674008131027 2.6134767812407915
0.189592182636261 0.10602906346321106 2.6131030824909645
['bump_left']
['bump_front_left']
0.18341900408267975 0.1094815731048584 2.6131030824909645
0.18685327470302582 0.10873588919639587 2.6163630288698294
0.1885054111480713 0.10787046700716019 2.6166176608169107
0.191243976354599 0.10629687458276749 2.6170115295328693
0.20861077308654785 0.09622984379529953 2.6184630484263725
0.2138873040676117 0.09310876578092575 2.617785895262336
0.22160746157169342 0.08841559290885925 2.617615172505429
0.2268209308385849 0.08543863892555237 2.6213259868916485
0.2304883748292923 0.08331598341464996 2.6353084812266676
0.2330484539270401 0.08165249228477478 2.6598624995619304
0.234915629029274 0.08063917607069016 2.6884062608124286
0.23585499823093414 0.0801967978477478 2.725402108014185
0.2358020693063736 0.08027400076389313 2.7720818178218574
0.23563241958618164 0.08044584840536118 2.8206474836180018
0.23552627861499786 0.08052777498960495 2.882931222531344
0.23545163869857788 0.08066868036985397 2.9296691386807683
0.23535408079624176 0.08080382645130157 2.976569662168832
0.2353617399930954 0.0806739553809166 3.024313918075854
0.23514486849308014 0.08080785721540451 3.072765581660043
0.23516610264778137 0.08094277232885361 3.1193506713426764
0.23523207008838654 0.08107931166887283 -3.116988419056745
0.23517048358917236 0.08132965862751007 -3.070509430772085
0.2351893186569214 0.08143507689237595 -3.0075833914345753
0.23491905629634857 0.08158307522535324 -2.961126335346045
0.2347736954689026 0.08170579373836517 -2.915137761394553
0.234863743185997 0.08178158849477768 -2.8683118739325386
0.2346632182598114 0.08191090077161789 -2.8207721835730863
0.2345888614654541 0.08208828419446945 -2.774497294278927
0.23457205295562744 0.0821569487452507 -2.7267255565714312
0.2341660112142563 0.08231795579195023 -2.6790630968780524
0.2343435436487198 0.08242710679769516 -2.6164198104835625
0.23424804210662842 0.08252058923244476 -2.5686294726298753
0.23399397730827332 0.08266393095254898 -2.5205936520780927
0.23395936191082 0.08278896659612656 -2.473084012855121
0.23249980807304382 0.08317650854587555 -2.428149695583347
0.2346644252538681 0.08299820125102997 -2.405856855015588
0.23368152976036072 0.08318955451250076 -2.333518773464797
0.23350092768669128 0.08324801176786423 -2.3096813996948784
0.23194293677806854 0.08324500918388367 -2.2404927489749173
0.23494692146778107 0.08341557532548904 -2.228344731381407
0.2319711148738861 0.08300754427909851 -2.201367386725169
0.2320692092180252 0.08301989734172821 -2.2027621467669283
0.23220224678516388 0.08307337015867233 -2.2027518301875992
0.23206578195095062 0.0830661728978157 -2.2015085229397013
0.23204046487808228 0.083047054708004 -2.2015085229397013
0.23206835985183716 0.08305222541093826 -2.2015085229397013
0.2320481389760971 0.08304917067289352 -2.201457016881038
0.23204706609249115 0.08304908871650696 -2.2014489385865716
0.23204706609249115 0.08304908871650696 -2.2014489385865716
0.23203547298908234 0.08304820954799652 -2.201361208996475
0.23203547298908234 0.08304820954799652 -2.201361208996475
0.23205284774303436 0.08327040821313858 -2.1931922799596983
0.2325141280889511 0.08345767110586166 -2.1610556014939553
0.23242950439453125 0.08352618664503098 -2.0928539850619856
0.23195239901542664 0.08372356742620468 -2.0433788257282655
0.231520414352417 0.08377466350793839 -1.9964214812043912
0.2311500757932663 0.0837491899728775 -1.9477892350156925
0.23076140880584717 0.0835154578089714 -1.8986089381862634
0.23028676211833954 0.08335582911968231 -1.8512791993752806
0.23005440831184387 0.08329485356807709 -1.8194992450824807
0.22623489797115326 0.08132702857255936 -1.7795562052395473
0.22911947965621948 0.08330406993627548 -1.6916783203510581
0.22874243557453156 0.08301675319671631 -1.6447020753619337
0.228563129901886 0.0830056294798851 -1.5977049505467535
0.22836844623088837 0.08288569748401642 -1.5506969959121324
0.22800102829933167 0.08196991682052612 -1.5063517514669928
0.2279614806175232 0.07973120361566544 -1.465173332698573
0.22817976772785187 0.07548673450946808 -1.4304769676275055
0.2289104461669922 0.07020968198776245 -1.4015643191727138
0.23066850006580353 0.06105496734380722 -1.3706686635571035
0.23257748782634735 0.05251745134592056 -1.3527068818077135
0.23503370583057404 0.042255498468875885 -1.3385062416374833
0.23765598237514496 0.03107369691133499 -1.3293202816882472
0.2407587617635727 0.018086783587932587 -1.3250945227346622
0.24443387985229492 0.0038369540125131607 -1.324303365508502
0.24813178181648254 -0.010365800932049751 -1.3235039961123458
0.2515523433685303 -0.024462290108203888 -1.3221936864242039
0.25629034638404846 -0.0431450717151165 -1.3216536239263756
0.2596777379512787 -0.05704439431428909 -1.3216536239263756
0.2633143663406372 -0.071196049451828 -1.3216536239263756
0.26689353585243225 -0.08505702763795853 -1.3224289229142272
0.2702646553516388 -0.09882474690675735 -1.3225535470326288
0.2738291919231415 -0.11258009076118469 -1.3218265456359342
0.2772153615951538 -0.12639129161834717 -1.3203225094229514
0.2809138298034668 -0.14053601026535034 -1.3183994521401872
0.28553307056427 -0.15883786976337433 -1.3194227093253463
0.28872624039649963 -0.17204797267913818 -1.31924199498322
0.29246023297309875 -0.18629978597164154 -1.3187370186665497
0.2960679531097412 -0.20053990185260773 -1.3187935449625257
0.2995654046535492 -0.21466268599033356 -1.319363140396736
0.3031926155090332 -0.22865721583366394 -1.3184511888888044
0.30648237466812134 -0.24236589670181274 -1.316910877216366
0.31017377972602844 -0.2563744783401489 -1.316839677493279
0.3148553967475891 -0.27492693066596985 -1.3159859280740867
0.31841981410980225 -0.28851503133773804 -1.3160148188707717
0.3220405876636505 -0.3028578758239746 -1.3164272417209597
0.32574906945228577 -0.317140132188797 -1.3163987898281175
0.32931655645370483 -0.3307032287120819 -1.316100947178893
0.33283093571662903 -0.344477117061615 -1.3154795084044897
0.3363853991031647 -0.35796302556991577 -1.3147952280609847
0.33998632431030273 -0.3723837435245514 -1.3139078076591613
0.3437214195728302 -0.3864254057407379 -1.3133234137127265
0.3484923243522644 -0.4044376611709595 -1.3118000316473153
0.3521430194377899 -0.4183815121650696 -1.310953341621751
0.35580986738204956 -0.4325089454650879 -1.310953341621751
0.3595714271068573 -0.4462733268737793 -1.3090271733159706
0.36321935057640076 -0.4602755606174469 -1.3076544147807732
0.36681774258613586 -0.47414740920066833 -1.30723610644872
0.37072983384132385 -0.48843473196029663 -1.3068618982985922
0.37581807374954224 -0.5065101981163025 -1.3063250273698355
0.37931326031684875 -0.5200235843658447 -1.3054566462541473
0.3829745650291443 -0.5339251756668091 -1.3054566462541473
0.38676491379737854 -0.5481228232383728 -1.3051003497579234
0.39035674929618835 -0.5618200302124023 -1.3044425150456112
0.39418718218803406 -0.5758402943611145 -1.3040616215802598
0.39777109026908875 -0.5893722176551819 -1.303770724836518
0.40149760246276855 -0.6033703088760376 -1.303770724836518
0.40652838349342346 -0.6219989061355591 -1.3032389093184455
0.4100355803966522 -0.6354110836982727 -1.302549643811555
0.4138929843902588 -0.6497241258621216 -1.301735288135846
0.417609840631485 -0.6642404198646545 -1.301735288135846
0.4212740361690521 -0.677524209022522 -1.301735288135846
0.4250183701515198 -0.6912870407104492 -1.3014945819411747
0.4286695122718811 -0.7049893140792847 -1.3013147145046517
0.4324476420879364 -0.7196952700614929 -1.3008536718201902
0.43628835678100586 -0.7341771125793457 -1.3006989086127845
0.44099217653274536 -0.7515754699707031 -1.3002857016019864
0.44466060400009155 -0.7659416198730469 -1.300025431599386
0.4484129846096039 -0.7796440720558167 -1.300217864847828
0.45208635926246643 -0.7931250929832458 -1.300217864847828
0.455901563167572 -0.8070663809776306 -1.3002174434092604
0.4594508111476898 -0.8206535577774048 -1.2998012911983965
0.4633535146713257 -0.8349805474281311 -1.299403442160689
0.4681989848613739 -0.8534023761749268 -1.2994034421612237
0.47188475728034973 -0.866885244846344 -1.298258516047482
0.47557786107063293 -0.881371259689331 -1.2977579901713707
0.47965410351753235 -0.8959395289421082 -1.2978389245249424
0.4832204580307007 -0.9093831777572632 -1.2969712557279505
0.48693713545799255 -0.9230448603630066 -1.2972915664278404
0.4903411269187927 -0.9357598423957825 -1.2972915664297795
0.4932226836681366 -0.9462295770645142 -1.2970707082104278
0.4965236186981201 -0.9582856297492981 -1.2965603407970858
['bump_front_center']
0.4990183115005493 -0.9675900936126709 -1.296744494380447
0.4991913139820099 -0.9680047035217285 -1.2998705009257565
0.49874910712242126 -0.9677455425262451 -1.2977860077829577
0.49804389476776123 -0.9659456014633179 -1.2968473105946354
0.49695298075675964 -0.9623303413391113 -1.2982249043331968
0.4951536953449249 -0.9565380215644836 -1.2979350309282889
0.49299490451812744 -0.9491604566574097 -1.2981939264001991
0.4903704524040222 -0.9404781460762024 -1.2984514971165515
0.4885195791721344 -0.9340044856071472 -1.2984514971165515
0.4864869713783264 -0.9277238249778748 -1.2984514971165515
0.48505204916000366 -0.9224909543991089 -1.2971950787616642
0.48395082354545593 -0.9187092781066895 -1.2855493315526332
0.48335719108581543 -0.9161896705627441 -1.2610578207599081
0.4828082323074341 -0.9145057797431946 -1.2301116489139294
0.48246774077415466 -0.9136874675750732 -1.188743805877216
0.4825073480606079 -0.9136739373207092 -1.1410328244059256
0.4823647737503052 -0.9140313863754272 -1.07396144912316
0.4822503626346588 -0.9141461253166199 -1.0243722312591304
0.4820903241634369 -0.9140295386314392 -0.9799117359774272
0.4818613529205322 -0.9141278266906738 -0.9341383163115964
0.4817349910736084 -0.9141161441802979 -0.8873088080380656
0.4816908836364746 -0.9140750765800476 -0.838943602847451
0.48149803280830383 -0.9142159223556519 -0.7907354586162095
0.48117950558662415 -0.9139707684516907 -0.7462034780689349
0.48084700107574463 -0.9140377044677734 -0.6818890556510669
0.48065894842147827 -0.9141430258750916 -0.6349244236355486
0.48038598895072937 -0.9141342043876648 -0.5894422909347735
0.4802176356315613 -0.9140964150428772 -0.5418019003014968
0.4801551103591919 -0.9143883585929871 -0.4947255480674048
0.47996097803115845 -0.9143838882446289 -0.4470242405342974
0.4797671139240265 -0.9145864248275757 -0.3971963315951028
0.47962096333503723 -0.9146640300750732 -0.3517062168446037
0.47953367233276367 -0.9148936867713928 -0.2898842801068674
0.479384183883667 -0.9149386286735535 -0.2404637699526148
0.4792081415653229 -0.9150468707084656 -0.19306493307629805
0.4793388247489929 -0.9151741862297058 -0.14638500961904327
0.47918933629989624 -0.9152600169181824 -0.0984913811662082
0.4790380597114563 -0.9153875112533569 -0.050653804572643644
0.47898069024086 -0.9155635833740234 -0.001138916352342541
0.4789394736289978 -0.9157409071922302 0.043009187904630417
0.47863104939460754 -0.9159199595451355 0.10416208429496038
0.47855764627456665 -0.91607666015625 0.15392592450969475
0.47853538393974304 -0.9162132143974304 0.19966374326279204
0.47853511571884155 -0.9164167046546936 0.24565626604510352
0.4784162938594818 -0.9166412949562073 0.29269698225874236
0.4783933162689209 -0.9167909026145935 0.33865419901407384
0.47823837399482727 -0.9169332981109619 0.38793442997600497
0.47820091247558594 -0.9171009659767151 0.4338420481499237
0.478288471698761 -0.9173418283462524 0.49689364907758443
0.47841203212738037 -0.9175692200660706 0.5452531662889714
0.47814711928367615 -0.9175851345062256 0.5908710744659454
0.47834914922714233 -0.9176619052886963 0.6377840393304675
0.4783976674079895 -0.9177377223968506 0.6847017152385505
0.47832462191581726 -0.9178378582000732 0.7319661994015845
0.4782927930355072 -0.9180490970611572 0.780592355671338
0.4783567786216736 -0.9181628823280334 0.8266708139914984
0.47918277978897095 -0.9175489544868469 0.8885455054117478
0.48095834255218506 -0.9154165983200073 0.9291116168969001
0.4835892915725708 -0.9120301604270935 0.9603172710133676
0.48679566383361816 -0.9071916937828064 0.9881452309783926
0.49076563119888306 -0.9010521769523621 1.0117184954769478
0.4955694377422333 -0.8932997584342957 1.0297639394158289
0.5011178255081177 -0.8838236927986145 1.0440317104037737
0.506743311882019 -0.8738839030265808 1.0533474632132052
0.5149773955345154 -0.8583719730377197 1.0589652652448551
0.5224112868309021 -0.844515323638916 1.0599718044412823
0.5289915204048157 -0.8319781422615051 1.0600149792293458
0.5357181429862976 -0.819624662399292 1.0608464297986138
0.5425004959106445 -0.8069565296173096 1.0609977666452244
0.54934161901474 -0.7946394085884094 1.0611125390849934
0.556551456451416 -0.781609058380127 1.0609892370312357
0.5629019141197205 -0.769766092300415 1.0601953289596824
0.5719471573829651 -0.7529910206794739 1.0601422127928057
0.5787206292152405 -0.7405496835708618 1.0609644063406913
0.585892379283905 -0.7274568676948547 1.0621389019782685
0.5927306413650513 -0.7150702476501465 1.0624901473305313
0.5994027256965637 -0.7028189897537231 1.062525361998546
0.606217086315155 -0.690136194229126 1.062525361998546
0.612991988658905 -0.6775511503219604 1.0618672246447092
0.6196194887161255 -0.6648414134979248 1.059787697816924
0.6284918189048767 -0.6482463479042053 1.0599889493336154
0.6355419754981995 -0.635273814201355 1.0611379824512754
0.6422695517539978 -0.6226636171340942 1.0625392599468078
0.6489778161048889 -0.6103847622871399 1.063792944970559
0.6557691693305969 -0.5977870225906372 1.0639610214935025
0.6624914407730103 -0.585132896900177 1.0639860913450376
0.6694994568824768 -0.5720958709716797 1.064733673547231
0.6783440113067627 -0.5556565523147583 1.06431616866338
0.6849889755249023 -0.5433342456817627 1.064110141189676
0.6920170783996582 -0.5303588509559631 1.0641909829369056
0.6987978219985962 -0.5176247358322144 1.0643084232233337
0.7054325342178345 -0.5052327513694763 1.0643084232233337
0.7124114036560059 -0.49233561754226685 1.0636428990925018
0.7192355394363403 -0.47970640659332275 1.0628847072278909
0.7194395661354065 -0.47920161485671997 1.0622841534120604
0.730376124382019 -0.4588988423347473 1.0621018580877675
0.7417937517166138 -0.43785926699638367 1.0626831237413705
0.7441806793212891 -0.4334935247898102 1.062909192093028
0.7553738951683044 -0.4122191071510315 1.0651121908413999
0.7573869228363037 -0.4086083173751831 1.065700503303273
0.7676663994789124 -0.3896048069000244 1.0664548458735674
0.7759793996810913 -0.37469005584716797 1.0667124925997689
0.7829164266586304 -0.36194124817848206 1.066999105280881
0.7920108437538147 -0.34535571932792664 1.0675786534475724
0.7987587451934814 -0.3324941396713257 1.0679050139256583
0.8054249286651611 -0.3198509216308594 1.06834251614382
0.8121809363365173 -0.30722641944885254 1.0682267949561586
0.8232942819595337 -0.28681084513664246 1.0686205398573407
0.8319460153579712 -0.27074167132377625 1.0685945730802484
0.8395965099334717 -0.25660669803619385 1.0687975110930044
0.8461716175079346 -0.24412654340267181 1.0687975110930044
0.8550465106964111 -0.22761137783527374 1.070301960056934
0.8619081377983093 -0.21485216915607452 1.071473244532125
0.8686646819114685 -0.20211029052734375 1.072124639566513
0.8753500580787659 -0.18982061743736267 1.0729660283330187
0.8820313215255737 -0.1771121472120285 1.0729660283330187
0.8888016939163208 -0.16440464556217194 1.0729577032978312
0.8956524133682251 -0.15167543292045593 1.0721722385558707
0.9022799730300903 -0.13910222053527832 1.0711571957551658
0.9110206961631775 -0.12253645807504654 1.071135514261505
0.9179402589797974 -0.1096862256526947 1.0715470288277662
0.9246312975883484 -0.09705527871847153 1.071979179070087
0.9310358762741089 -0.08492673933506012 1.072220131542488
0.9379204511642456 -0.07204204797744751 1.0724447478323886
0.9445124864578247 -0.0593978613615036 1.0723591562433492
0.9513416290283203 -0.04640168324112892 1.0733559935900285
0.958122193813324 -0.03349316865205765 1.0735081485435145
0.9668130278587341 -0.01685073971748352 1.0749932707752115
0.9733493328094482 -0.00451491167768836 1.0755103077004242
0.9800770878791809 0.008277268148958683 1.0761723064139197
0.9867001175880432 0.020568786188960075 1.0777623819283482
0.9933295249938965 0.033685795962810516 1.0777623819283482
1.0000683069229126 0.04676966741681099 1.0772715505385257
1.0065422058105469 0.05951589345932007 1.0772715505385257
1.0152777433395386 0.07580780982971191 1.0772715505385257
1.0222197771072388 0.08888605237007141 1.07745352229059
1.0288896560668945 0.10148793458938599 1.077680957806432
1.035595178604126 0.11436155438423157 1.0787280321205082
1.0421463251113892 0.12649254500865936 1.080360030574885
1.0488032102584839 0.1392102986574173 1.080788416001178
1.0556191205978394 0.1521669328212738 1.0811406475268504
1.0619254112243652 0.16454869508743286 1.0818642514567496
1.0688165426254272 0.1774844229221344 1.0819082868463215
1.0775705575942993 0.1944386214017868 1.082839024637682
1.0832439661026 0.2051519751548767 1.083675663614001
1.0942604541778564 0.22639387845993042 1.084248579280031
1.102285623550415 0.24225038290023804 1.0839341492041004
1.1166423559188843 0.27002349495887756 1.0847760996324483
1.1254667043685913 0.287113755941391 1.084526243189459
1.131988525390625 0.2996008098125458 1.0853546998342698
1.1384168863296509 0.3123394846916199 1.0858665214184362
1.144920825958252 0.3250385522842407 1.0858665214184362
1.1516382694244385 0.3380255103111267 1.0872086041148448
1.1583397388458252 0.350788414478302 1.0892964684804856
1.164620041847229 0.36330896615982056 1.089557575756562
1.171231746673584 0.3758701682090759 1.0899482740897433
1.177836537361145 0.38869714736938477 1.0896776899151577
1.1864709854125977 0.4052335321903229 1.0898899001032931
1.193125605583191 0.41847681999206543 1.090041392504208
1.1994777917861938 0.43124133348464966 1.0903010764248442
1.2059308290481567 0.443769633769989 1.091186417461012
1.212326169013977 0.4561885893344879 1.0911861517959427
1.2188587188720703 0.46899527311325073 1.0901916358678694
1.225276231765747 0.4817265272140503 1.0901916358678694
1.231758952140808 0.49449944496154785 1.089658239723504
1.240314245223999 0.5114988088607788 1.0902366439418196
1.2466903924942017 0.524100124835968 1.0912659884581775
1.2532655000686646 0.537036657333374 1.0922607005243359
1.2599411010742188 0.5497164130210876 1.0937658672219903
1.2663848400115967 0.5624222159385681 1.093616233623802
1.2727171182632446 0.5750936269760132 1.0928763065219538
1.279076337814331 0.5876781940460205 1.0919431134817659
1.2856742143630981 0.6002586483955383 1.091131342341114
1.2941795587539673 0.6171373724937439 1.0906218815024429
1.3006901741027832 0.6300287246704102 1.0903083422007256
1.30717134475708 0.6428713202476501 1.0905203176597957
1.313488245010376 0.6554061770439148 1.0905203176597957
1.3200448751449585 0.6681592464447021 1.0905203176597957
1.3264756202697754 0.6808386445045471 1.0905099292085652
1.3329603672027588 0.6932363510131836 1.0905099292085652
1.3415669202804565 0.710428774356842 1.088982947432607
1.348031759262085 0.7231462597846985 1.0893258024344226
1.3545124530792236 0.7360188961029053 1.0899811767899434
1.3609254360198975 0.7485963106155396 1.0899811767896332
1.3672873973846436 0.7613211870193481 1.0899811767896332
1.3738906383514404 0.774078369140625 1.090631781767105
1.3804664611816406 0.7869895100593567 1.090631781767105
1.3871278762817383 0.7998702526092529 1.090631781767105
1.3957926034927368 0.816815197467804 1.0896248701122146
1.4023200273513794 0.8292859792709351 1.088715874939326
1.4089080095291138 0.8420901894569397 1.088715874939326
1.415512204170227 0.8547488451004028 1.0887967668138734
1.4220993518829346 0.8676788210868835 1.0895479381980417
1.4286857843399048 0.8804154396057129 1.089770285423651
1.4352482557296753 0.8929694294929504 1.0894603721892278
1.4419212341308594 0.9055256843566895 1.0895149988535293
1.4483721256256104 0.9181767106056213 1.0889450145125723
1.4571030139923096 0.935124397277832 1.089526743944302
1.463578462600708 0.9477909207344055 1.089973699712178
1.470323085784912 0.9607395529747009 1.0915069711402143
1.4768401384353638 0.9732698798179626 1.0927393066336013
1.4833338260650635 0.9857521653175354 1.0932040236489478
1.489912748336792 0.9985356330871582 1.092311762551842
1.496516466140747 1.0114156007766724 1.0922341867500747
1.503023386001587 1.0239713191986084 1.091157196964711
1.5118772983551025 1.0409386157989502 1.0911390204802942
1.518365740776062 1.0536609888076782 1.0910498589739097
1.5248398780822754 1.0661264657974243 1.0918442977668155
1.52720308303833 1.0708030462265015 1.0923534322184691
1.5444597005844116 1.1046606302261353 1.0942829086162111
1.5502961874008179 1.1161879301071167 1.0949633705986315
1.566161036491394 1.1480506658554077 1.0955218309168886
1.57228684425354 1.160209059715271 1.0957452967405277
1.5786676406860352 1.1730750799179077 1.0976062083674785
1.5851402282714844 1.1860020160675049 1.0989090568751985
1.591866374015808 1.198917031288147 1.0998142819464134
1.5981119871139526 1.2114923000335693 1.098774764686481
1.604583978652954 1.224366307258606 1.098774764686481
1.610957145690918 1.236739993095398 1.097293367688677
1.6195955276489258 1.254258632659912 1.097275192197163
1.6259541511535645 1.266801118850708 1.0976785100175062
1.6323087215423584 1.2795344591140747 1.0985623395458426
1.6388064622879028 1.292478322982788 1.1001732101832602
1.64509117603302 1.3053913116455078 1.1019168538154263
1.6512260437011719 1.3181426525115967 1.1024626086179068
1.6575183868408203 1.3310166597366333 1.1030925832672407
1.6639326810836792 1.343992829322815 1.1032838808244585
1.6723847389221191 1.3610795736312866 1.103744937069379
1.6784900426864624 1.3735294342041016 1.103744937069379
1.6849093437194824 1.3866331577301025 1.104022633584735
1.6911370754241943 1.3995437622070312 1.1052013392176954
1.69727623462677 1.4123680591583252 1.10522842034714
1.7030153274536133 1.4243439435958862 1.1059200478788747
1.7076869010925293 1.4340758323669434 1.1059200478788747
1.7118574380874634 1.4424257278442383 1.1053246088660007
['bump_left']
['bump_front_left']
1.7177008390426636 1.4532524347305298 1.1080304858271306
1.7184228897094727 1.4533292055130005 1.1193393762361972
1.717259168624878 1.4529032707214355 1.1126339809363188
1.715851068496704 1.4506295919418335 1.1086998606165757
1.7137867212295532 1.446494460105896 1.1082720363819742
1.7108484506607056 1.44077730178833 1.1083619509308495
1.7075873613357544 1.4342803955078125 1.1090538714451068
1.7041786909103394 1.427749514579773 1.1092314574997646
1.7001173496246338 1.4195994138717651 1.1103994330685458
1.6971131563186646 1.4137046337127686 1.11088292540468
1.6942533254623413 1.4081039428710938 1.113014743158034
1.6921972036361694 1.404140830039978 1.1251570824892854
1.690891981124878 1.4015593528747559 1.1490748574420615
1.6899482011795044 1.39966881275177 1.178288661782113
1.6894642114639282 1.3987294435501099 1.2187687245250702
1.6895465850830078 1.3987765312194824 1.265574928917245
1.6896684169769287 1.3990426063537598 1.3301583893049633
1.6898317337036133 1.3990062475204468 1.3778617414079992
1.6899666786193848 1.398909091949463 1.4238814075894028
1.689869999885559 1.3988468647003174 1.47167341669666
1.6899625062942505 1.398904800415039 1.5180218339836742
1.6899627447128296 1.3987705707550049 1.5643495077810006
1.6900534629821777 1.3989505767822266 1.6114644473315143
1.690086007118225 1.39888334274292 1.659239667429016
1.690382480621338 1.3989617824554443 1.7215600687018395
1.6903804540634155 1.3988577127456665 1.769444134384841
1.6904116868972778 1.3989163637161255 1.8170899918377714
1.6904597282409668 1.398985743522644 1.8646622874510166
1.6904652118682861 1.399017333984375 1.9119405175064543
1.6905196905136108 1.3990732431411743 1.9597428015130365
1.6905710697174072 1.399052619934082 2.007522147909544
1.6907902956008911 1.3991152048110962 2.0708885188052673
1.6907899379730225 1.3991425037384033 2.1182391325468157
1.6908527612686157 1.3992451429367065 2.166138239503342
1.690873384475708 1.3994555473327637 2.213372224097506
1.691011667251587 1.3994454145431519 2.26096466930095
1.6910725831985474 1.3994476795196533 2.308146210845924
1.691140055656433 1.3994812965393066 2.3556547137057366
1.6912084817886353 1.3996678590774536 2.40191988048566
1.6913174390792847 1.399699330329895 2.4486899609486805
1.6913946866989136 1.3996353149414062 2.5131365958788447
1.6912990808486938 1.399901032447815 2.560248858745244
1.6914308071136475 1.3997098207473755 2.6076708241176814
1.6914855241775513 1.399769902229309 2.6564221273783577
1.6914217472076416 1.3998198509216309 2.703327628591767
1.6914564371109009 1.399938702583313 2.7515139558270647
1.6915650367736816 1.4001086950302124 2.798490302952258
1.6916980743408203 1.4000911712646484 2.8609561676009103
1.6916327476501465 1.4001954793930054 2.9077458401361387
1.6916654109954834 1.4003868103027344 2.955184693517887
1.6917400360107422 1.4003925323486328 3.0035219181281474
1.691820502281189 1.400625467300415 3.052157632751999
1.6917628049850464 1.4007422924041748 3.0986280477939796
1.6917119026184082 1.4008514881134033 -3.136881828068222
1.6916089057922363 1.4009770154953003 -3.0891773720878484
1.6911206245422363 1.4010175466537476 -3.0435686209201056
1.6881552934646606 1.4007266759872437 -2.987637274744512
1.6837608814239502 1.400094985961914 -2.9518327833629727
1.6775461435317993 1.3988476991653442 -2.922216637156185
1.6699881553649902 1.397212028503418 -2.8991732357528823
1.6612507104873657 1.3950214385986328 -2.8813948373352054
1.650923728942871 1.39222252368927 -2.8663127125422783
1.6394764184951782 1.3888050317764282 -2.8562257365240615
1.626592755317688 1.3850702047348022 -2.85268710928612
1.6075211763381958 1.3788901567459106 -2.8493890495692176
1.5933936834335327 1.374634861946106 -2.8480503614373975
1.5791704654693604 1.3699337244033813 -2.847301711469398
1.5649774074554443 1.3655864000320435 -2.8464422009052575
1.5514814853668213 1.3613711595535278 -2.8459537309421896
1.5376088619232178 1.357236385345459 -2.8447420548869915
1.524090051651001 1.3530575037002563 -2.8447420548869915
1.509602665901184 1.348493218421936 -2.8429637213594035
1.49086594581604 1.3428114652633667 -2.8412108503935984
1.4771671295166016 1.3384929895401 -2.8396034170435622
1.4633206129074097 1.334191918373108 -2.83808418825528
1.4493129253387451 1.3296691179275513 -2.838209170116177
1.4358630180358887 1.3253179788589478 -2.8384690306626466
1.4219872951507568 1.3209270238876343 -2.838197483821354
1.4077534675598145 1.3162975311279297 -2.837988388801483
1.393885612487793 1.3117060661315918 -2.837988388801483
1.3753975629806519 1.3057769536972046 -2.8363213541240775
1.36150062084198 1.301453948020935 -2.8357243550272053
1.3478089570999146 1.297019362449646 -2.83569215440997
1.34321129322052 1.295508861541748 -2.8357736702201337
1.3170828819274902 1.287200927734375 -2.835288983145446
1.3153489828109741 1.2866183519363403 -2.8354906947740113
1.2915180921554565 1.2790213823318481 -2.8355524507304746
1.2833665609359741 1.2765122652053833 -2.8348734254016907
1.271388053894043 1.2727159261703491 -2.8352236511864453
1.246627926826477 1.2648838758468628 -2.8326127629132296
1.2325685024261475 1.260333776473999 -2.833016669402066
1.2187695503234863 1.2559669017791748 -2.8330061533189825
1.204967737197876 1.251346230506897 -2.833400971803608
1.1910490989685059 1.246830701828003 -2.8325264291690195
1.1770027875900269 1.242404818534851 -2.8322584848608643
1.163209319114685 1.2378696203231812 -2.8322539362047237
1.144135594367981 1.2316994667053223 -2.8297734190045665
1.130319356918335 1.2272636890411377 -2.828956583692829
1.1166019439697266 1.2227554321289062 -2.828128353664737
1.1029530763626099 1.2184349298477173 -2.8278660743510646
1.0892682075500488 1.2139058113098145 -2.827920651008971
1.0755329132080078 1.2094107866287231 -2.8285031419708577
1.0617144107818604 1.2048659324645996 -2.8291449648785254
1.0477925539016724 1.2002935409545898 -2.8292226722480263
1.0296573638916016 1.1943200826644897 -2.828990690087109
1.0159680843353271 1.1900490522384644 -2.828449511965348
1.002267837524414 1.185582160949707 -2.828449511965348
0.9886428713798523 1.181105136871338 -2.829138770349344
0.9748672842979431 1.1765104532241821 -2.828979978759298
0.9609147906303406 1.1721012592315674 -2.829376489793546
0.9469267129898071 1.1673215627670288 -2.829933909355008
0.9329774379730225 1.1630736589431763 -2.8293285188685866
0.9147096872329712 1.1570830345153809 -2.829356183841286
0.9005876779556274 1.1525497436523438 -2.828784466256976
0.8865136504173279 1.147934079170227 -2.828784466256976
0.8727285861968994 1.1434221267700195 -2.828133369522335
0.8589006066322327 1.1390246152877808 -2.828062756285835
0.8453249931335449 1.134384036064148 -2.82805612171378
0.8314018845558167 1.1299734115600586 -2.8276946702164287
0.8170922994613647 1.1253156661987305 -2.827506788158915
0.7984538674354553 1.1194554567337036 -2.8262648624608686
0.7842903733253479 1.114660620689392 -2.8252503739523442
0.7702074646949768 1.1100393533706665 -2.8252503739523442
0.75657719373703 1.1057260036468506 -2.824753292298022
0.7428934574127197 1.101384162902832 -2.8259472865770308
0.7290385961532593 1.0969302654266357 -2.8259472865770308
0.7145388126373291 1.0923731327056885 -2.8259472865770308
0.7003130316734314 1.0877656936645508 -2.825828569598794
0.6820703744888306 1.0818570852279663 -2.824663864765743
0.6680737733840942 1.077244758605957 -2.825319295177313
0.6542264819145203 1.0727967023849487 -2.825199631770977
0.6402906179428101 1.0683873891830444 -2.825199631770977
0.6264476776123047 1.0637545585632324 -2.8261828457084373
0.612855851650238 1.059320092201233 -2.8261105894282275
0.5985085964202881 1.0547672510147095 -2.826534764479686
0.5799432396888733 1.0487488508224487 -2.8269407828256123
0.5661934018135071 1.0442094802856445 -2.8269391028623456
0.5518666505813599 1.039534330368042 -2.8256468922427973
0.5376878380775452 1.0350570678710938 -2.8256313671544526
0.5241190791130066 1.0306352376937866 -2.8258688316113343
0.5105379223823547 1.0262211561203003 -2.82455252145014
0.4965823292732239 1.0217540264129639 -2.8240928662196954
0.48220476508140564 1.0169858932495117 -2.8246276267370534
0.4682329297065735 1.0123522281646729 -2.8246276267370534
0.4496040344238281 1.0062834024429321 -2.8238711450492193
0.4357264041900635 1.0017608404159546 -2.8231048683233495
0.4220276474952698 0.9971484541893005 -2.82351327235973
0.4086608588695526 0.9928274154663086 -2.823682088566365
0.3947950005531311 0.988318920135498 -2.8239533908979957
0.38113000988960266 0.9836857914924622 -2.8245396798381717
0.3664363920688629 0.979104220867157 -2.823473713648912
0.34808090329170227 0.9730185270309448 -2.823473713648912
0.33431801199913025 0.9684891104698181 -2.8223030588124964
0.32028722763061523 0.9639944434165955 -2.8223552406263637
0.30599191784858704 0.9591866731643677 -2.8223552406263637
